Order Date,Region,Category,Sales,Profit
2023-05-11,East,Technology,483.98,99.71
2023-11-11,West,Furniture,1038.21,305.52
2021-05-02,Central,Technology,1598.98,73.21
2022-04-12,West,Furniture,1668.33,266.41
2021-11-27,East,Furniture,1696.11,245.32
2021-03-29,South,Furniture,690.34,120.83
2023-05-22,South,Office Supplies,1591.04,-134.72
2021-05-11,Central,Furniture,440.11,7.34
2023-02-09,South,Office Supplies,1482.08,390.88
2021-12-10,Central,Office Supplies,1897.8,131.95
2023-03-17,West,Office Supplies,47.21,13.42
2022-01-21,Central,Technology,891.92,-13.02
2023-08-14,Central,Furniture,1302.59,389.43
2021-10-04,Central,Technology,1409.52,252.35
2022-04-05,South,Office Supplies,368.65,77.62
2021-01-22,Central,Furniture,1944.92,114.25
2021-09-10,East,Technology,1238.23,325.41
2023-01-18,Central,Office Supplies,345.39,40.82
2023-05-07,West,Technology,60.63,10.45
2022-04-20,East,Technology,1570.86,-97.51
2023-12-19,West,Furniture,177.82,27.15
2022-05-26,West,Furniture,299.28,75.31
2022-12-01,West,Technology,1158.16,-33.22
2023-09-03,East,Furniture,1214.94,237.02
2021-07-09,East,Furniture,1380.04,-123.98
2023-08-16,South,Technology,799.16,216.16
2022-11-18,East,Furniture,1552.32,455.09
2023-08-16,Central,Furniture,1949.23,81.23
2022-07-17,West,Office Supplies,556.77,-31.83
2023-04-12,South,Furniture,1412.0,230.76
2022-10-09,East,Office Supplies,1858.37,-163.66
2021-01-21,West,Technology,1378.85,128.23
2023-04-21,East,Office Supplies,1368.6,11.92
2021-06-16,South,Technology,463.07,41.37
2022-01-23,East,Furniture,1079.56,-100.06
2022-08-24,East,Furniture,1133.8,-89.97
2021-11-12,West,Office Supplies,1406.26,-131.64
2021-01-14,Central,Technology,1993.71,294.38
2021-08-30,East,Furniture,86.61,10.74
2023-02-16,South,Office Supplies,149.16,-1.0
2022-07-19,East,Office Supplies,174.34,27.66
2023-06-17,East,Office Supplies,1491.1,378.27
2021-04-02,Central,Furniture,289.98,3.17
2023-08-14,West,Technology,1252.45,291.57
2022-05-24,South,Furniture,662.84,109.37
2023-02-15,West,Furniture,925.49,-80.03
2021-02-04,West,Technology,447.01,22.38
2021-07-25,West,Office Supplies,1734.89,178.87
2023-10-23,East,Furniture,1180.58,227.47
2023-10-19,Central,Office Supplies,1890.24,28.07
2022-07-20,East,Office Supplies,1157.7,339.31
2022-12-04,South,Technology,265.34,46.12
2022-02-06,Central,Technology,358.32,17.6
2022-12-31,West,Technology,1978.37,-121.06
2021-06-11,Central,Office Supplies,1456.62,-39.99
2021-07-21,South,Office Supplies,117.57,11.17
2023-09-23,East,Furniture,1413.49,138.35
2021-09-27,East,Office Supplies,836.1,173.15
2023-03-27,West,Technology,628.27,119.67
2022-04-01,East,Technology,325.04,-6.34
2023-10-14,East,Technology,1683.01,232.23
2021-10-23,South,Technology,146.41,-13.43
2022-12-21,Central,Office Supplies,593.87,35.29
2021-12-04,East,Technology,626.64,128.86
2023-05-29,South,Furniture,338.59,20.25
2023-12-13,South,Office Supplies,1026.21,240.38
2023-03-03,West,Technology,43.17,12.54
2021-08-05,South,Furniture,615.93,88.01
2023-02-03,West,Technology,1868.59,-78.48
2021-07-07,East,Office Supplies,634.85,32.93
2022-01-15,West,Office Supplies,733.71,-70.59
2022-05-08,South,Furniture,956.87,135.01
2023-12-01,Central,Office Supplies,1132.15,258.84
2021-01-15,Central,Furniture,1621.24,246.39
2021-03-06,East,Technology,396.84,85.1
2022-06-05,East,Office Supplies,1746.06,384.07
2022-10-10,Central,Technology,1519.95,365.4
2023-12-23,West,Technology,1450.85,9.67
2022-08-16,East,Office Supplies,191.87,47.68
2022-01-27,South,Technology,62.85,10.16
2022-02-23,East,Furniture,1196.15,19.01
2021-10-16,West,Furniture,1729.01,509.92
2022-01-14,East,Furniture,1177.19,329.7
2021-08-19,South,Office Supplies,442.21,57.39
2023-10-15,South,Technology,199.23,47.27
2021-02-10,South,Technology,1405.2,6.46
2023-11-18,West,Technology,1449.11,96.24
2021-05-15,West,Technology,361.61,-9.55
2021-07-20,South,Furniture,75.82,8.19
2023-02-19,South,Office Supplies,828.4,81.52
2023-07-19,West,Furniture,1173.78,-17.46
2023-11-23,West,Furniture,1417.88,239.79
2023-12-08,West,Office Supplies,1623.69,-85.87
2022-05-18,Central,Office Supplies,1228.86,-92.56
2022-02-11,West,Furniture,239.54,12.93
2023-03-16,South,Technology,1371.51,87.68
2021-04-09,Central,Office Supplies,1968.67,54.92
2022-11-15,West,Office Supplies,1813.06,5.76
2022-12-27,South,Furniture,1745.9,62.0
2023-08-19,East,Technology,618.3,-21.42
2022-09-05,Central,Office Supplies,1506.56,92.47
2022-10-05,South,Furniture,1705.18,446.49
2023-10-26,East,Office Supplies,1363.09,-13.94
2022-05-18,South,Technology,516.11,89.69
2023-02-06,West,Furniture,1908.59,-82.62
2022-02-02,West,Furniture,912.62,37.93
2023-05-21,East,Technology,277.02,7.89
2023-03-06,West,Furniture,237.36,65.23
2022-01-28,South,Technology,1302.09,92.7
2021-07-26,East,Furniture,886.67,156.22
2023-11-05,South,Technology,207.08,29.2
2023-06-11,South,Office Supplies,1485.92,-64.77
2023-05-14,South,Office Supplies,1602.66,442.04
2023-01-13,West,Office Supplies,1456.32,55.85
2022-07-18,West,Furniture,420.48,-34.52
2023-10-18,South,Technology,1385.76,27.96
2021-04-06,Central,Technology,41.23,1.41
2022-04-30,South,Office Supplies,624.12,-39.26
2021-08-19,South,Office Supplies,809.67,119.82
2023-01-19,East,Office Supplies,1673.79,64.79
2022-06-25,South,Technology,792.98,120.26
2023-11-26,West,Office Supplies,42.31,-4.12
2022-06-09,East,Furniture,717.65,210.14
2022-08-01,Central,Office Supplies,1007.87,-32.04
2022-11-13,East,Office Supplies,1899.03,310.93
2022-07-11,Central,Technology,1883.25,350.88
2023-10-10,East,Furniture,378.13,-11.86
2022-10-08,East,Technology,386.59,-21.38
2023-03-07,Central,Furniture,343.5,-13.39
2023-11-18,West,Furniture,1582.07,-2.01
2021-07-09,West,Office Supplies,31.92,-1.04
2022-09-25,West,Office Supplies,271.81,46.1
2022-09-20,East,Technology,1085.16,74.15
2023-08-31,South,Technology,510.17,58.73
2022-12-11,East,Technology,202.87,-16.45
2022-10-11,South,Furniture,732.56,179.11
2021-11-14,South,Technology,562.93,-17.89
2022-11-15,West,Furniture,1031.99,45.47
2022-10-26,South,Furniture,1958.88,-139.55
2022-03-18,East,Furniture,266.12,-12.05
2022-07-18,East,Furniture,758.0,126.07
2023-08-10,West,Furniture,1865.33,330.23
2022-11-30,Central,Office Supplies,1756.21,299.94
2021-04-23,East,Furniture,800.66,96.76
2021-01-02,South,Furniture,1403.93,394.52
2022-10-04,East,Office Supplies,193.96,19.95
2021-08-08,East,Office Supplies,1430.83,114.13
2023-05-05,East,Office Supplies,1946.26,-1.91
2022-01-20,Central,Technology,1084.23,-65.55
2023-12-13,South,Technology,1007.01,120.1
2022-12-31,West,Furniture,390.89,10.15
2021-09-04,East,Furniture,1274.9,139.74
2023-04-16,South,Furniture,1189.07,-20.87
2021-07-22,South,Furniture,1310.83,308.4
2021-05-03,West,Office Supplies,71.64,21.48
2022-02-05,East,Technology,1106.47,32.04
2023-02-06,Central,Office Supplies,1197.97,283.84
2021-10-21,South,Technology,430.91,107.38
2021-10-07,West,Office Supplies,432.5,129.07
2023-06-03,Central,Furniture,566.91,21.03
2021-07-17,South,Technology,1429.21,289.3
2023-09-09,East,Furniture,1220.41,-10.34
2023-01-22,South,Technology,1694.61,254.05
2021-05-24,Central,Technology,605.4,110.14
2022-09-01,Central,Furniture,1825.89,358.69
2021-07-06,East,Furniture,1492.54,-25.57
2022-04-09,East,Furniture,802.12,192.1
2022-10-22,West,Office Supplies,208.62,14.27
2023-02-03,East,Technology,528.83,-7.11
2023-08-13,West,Technology,1914.4,224.01
2022-02-07,Central,Technology,634.52,155.67
2021-05-27,Central,Furniture,673.2,193.1
2023-05-14,South,Technology,395.39,78.79
2022-05-04,South,Technology,1617.56,-158.12
2023-07-18,West,Furniture,565.78,-26.09
2022-07-05,East,Furniture,673.91,-46.83
2021-12-04,East,Technology,840.41,-50.02
2023-05-22,South,Office Supplies,878.78,46.76
2022-10-03,Central,Furniture,834.45,29.54
2022-04-18,West,Office Supplies,1017.41,-55.48
2021-05-31,Central,Office Supplies,1632.74,412.91
2021-09-20,Central,Office Supplies,1642.18,240.04
2021-05-24,East,Office Supplies,1600.66,349.88
2021-12-12,West,Furniture,220.23,10.71
2022-09-16,Central,Technology,1603.36,102.77
2023-10-14,South,Technology,258.1,6.98
2023-05-31,South,Furniture,266.95,20.12
2021-01-02,East,Furniture,1896.77,273.42
2023-06-16,South,Office Supplies,1642.41,159.63
2021-09-11,South,Office Supplies,1113.77,261.92
2022-03-29,Central,Furniture,1752.44,455.73
2023-11-27,South,Technology,1978.94,173.9
2023-10-12,South,Office Supplies,1229.07,-5.04
2021-01-09,Central,Furniture,1233.54,343.02
2023-03-27,East,Furniture,1513.77,293.69
2021-07-27,East,Furniture,479.64,74.85
2022-02-08,West,Office Supplies,350.91,69.54
2021-06-01,South,Furniture,1523.97,-106.08
2021-02-23,Central,Technology,702.91,-51.28
2022-09-20,West,Furniture,287.44,-11.14
2022-08-10,East,Office Supplies,643.46,-26.39
2021-04-14,East,Technology,730.1,49.84
2021-09-11,Central,Technology,1931.15,-71.53
2022-05-25,West,Furniture,1401.96,339.01
2021-04-09,West,Furniture,1071.1,140.57
2021-06-02,Central,Technology,1938.37,91.69
2023-07-03,Central,Furniture,1808.22,-130.46
2023-05-28,West,Office Supplies,1033.76,141.02
2021-12-04,East,Technology,1813.25,-96.8
2023-04-02,South,Furniture,820.52,161.88
2023-08-15,East,Technology,476.23,105.3
2021-06-10,Central,Furniture,480.7,56.53
2023-03-12,West,Furniture,1331.38,-53.47
2022-02-02,West,Office Supplies,1012.12,217.35
2023-03-27,South,Furniture,1324.72,30.64
2022-02-05,West,Furniture,1378.43,-15.08
2022-10-02,South,Furniture,64.2,5.66
2023-11-23,East,Office Supplies,127.0,34.17
2022-11-19,East,Furniture,1074.7,20.36
2022-04-05,West,Furniture,398.25,104.43
2023-08-13,West,Furniture,1272.42,-99.93
2022-04-15,Central,Technology,1113.33,-74.14
2023-11-12,Central,Office Supplies,1179.81,211.69
2023-01-20,West,Technology,618.86,-14.71
2021-02-07,West,Office Supplies,1286.89,34.29
2021-08-18,East,Office Supplies,1662.4,-75.56
2022-07-17,West,Technology,1996.18,65.67
2022-03-14,Central,Office Supplies,1680.12,20.47
2021-01-27,East,Office Supplies,1123.85,218.63
2021-08-14,South,Technology,402.99,72.86
2023-03-09,Central,Furniture,1369.26,386.09
2021-10-11,Central,Office Supplies,1876.55,356.11
2023-05-29,East,Technology,439.5,78.2
2023-08-18,South,Office Supplies,526.87,93.62
2022-03-29,Central,Technology,315.04,79.76
2023-10-17,West,Furniture,1478.71,27.35
2023-03-27,Central,Office Supplies,824.99,16.53
2022-10-21,East,Furniture,144.14,28.32
2022-07-01,East,Furniture,1752.4,-14.93
2023-12-09,East,Technology,1124.19,297.69
2021-01-17,Central,Office Supplies,675.57,76.96
2021-06-07,South,Office Supplies,701.09,14.06
2022-04-22,West,Office Supplies,594.7,125.15
2023-12-06,East,Office Supplies,921.85,22.98
2022-06-02,South,Office Supplies,687.34,196.11
2021-04-09,West,Technology,1104.93,323.96
2023-11-27,East,Office Supplies,1551.56,258.67
2021-10-07,West,Furniture,1355.43,-73.93
2022-05-12,West,Furniture,603.02,3.19
2021-10-29,South,Office Supplies,1066.91,113.27
2021-06-30,West,Technology,1683.45,405.0
2022-08-30,East,Technology,155.05,-4.04
2022-12-01,South,Office Supplies,175.03,-10.19
2023-09-20,Central,Furniture,1121.22,-78.72
2021-07-10,Central,Office Supplies,1285.45,132.13
2021-09-10,South,Office Supplies,438.6,111.35
2023-09-08,Central,Office Supplies,1495.54,-124.21
2023-07-17,West,Technology,1299.6,-19.59
2021-05-08,East,Technology,1848.11,327.68
2021-01-18,West,Furniture,354.53,81.66
2022-07-20,South,Furniture,1507.72,336.16
2022-07-24,East,Office Supplies,185.61,39.73
2022-11-17,South,Furniture,1139.28,-54.78
2022-09-18,South,Office Supplies,1112.75,65.54
2023-05-04,South,Furniture,789.0,231.89
2023-08-20,West,Office Supplies,1692.25,500.15
2021-06-04,East,Technology,28.65,4.04
2022-05-05,East,Office Supplies,1049.96,192.88
2023-02-24,East,Technology,449.96,126.22
2021-09-03,West,Technology,1492.13,119.33
2023-11-29,Central,Furniture,105.27,-4.76
2023-01-29,West,Furniture,1666.48,279.27
2022-06-22,West,Technology,1679.42,477.02
2023-07-10,South,Office Supplies,1669.07,298.57
2022-02-12,East,Office Supplies,322.09,71.29
2022-06-09,East,Furniture,1268.2,87.63
2023-04-08,Central,Office Supplies,48.45,-2.98
2023-06-22,Central,Office Supplies,1698.97,-55.13
2021-02-05,South,Office Supplies,1451.49,425.38
2022-11-16,East,Technology,1071.68,104.25
2021-01-20,Central,Technology,1466.57,-139.61
2021-11-17,Central,Office Supplies,206.76,58.34
2022-05-27,East,Furniture,1066.74,105.73
2022-02-04,West,Office Supplies,596.73,139.94
2022-10-16,Central,Furniture,1945.79,232.29
2023-08-30,East,Technology,1717.09,-101.86
2022-04-16,Central,Office Supplies,1471.89,215.23
2023-04-14,South,Office Supplies,1868.82,558.7
2022-12-28,Central,Furniture,706.75,-60.85
2023-05-04,East,Furniture,1803.74,426.98
2021-02-20,Central,Office Supplies,663.97,-3.86
2022-07-29,South,Office Supplies,1470.94,84.65
2021-05-30,South,Furniture,1478.11,72.55
2021-11-10,Central,Technology,56.33,14.62
2022-07-24,Central,Furniture,734.9,74.81
2021-11-01,South,Office Supplies,58.48,4.61
2022-11-13,South,Technology,1994.24,453.11
2023-04-18,West,Technology,261.95,-21.07
2023-12-14,West,Technology,1094.77,-71.62
2023-09-30,South,Technology,1585.3,-144.78
2022-03-20,Central,Office Supplies,418.5,73.32
2022-09-05,East,Technology,980.4,108.09
2023-09-20,Central,Furniture,1222.71,306.18
2021-09-21,Central,Furniture,337.21,33.52
2023-12-13,West,Furniture,1561.54,-17.6
2023-10-01,West,Office Supplies,612.69,136.05
2021-01-05,West,Technology,437.83,7.76
2023-02-13,South,Furniture,1125.41,308.67
2023-05-27,South,Furniture,832.42,0.14
2023-09-19,Central,Furniture,1842.17,-60.63
2023-06-03,Central,Technology,1762.52,171.55
2021-02-16,East,Furniture,977.03,-77.96
2023-05-17,Central,Technology,731.34,-62.48
2023-04-03,Central,Technology,664.53,65.39
2023-07-25,West,Technology,549.78,-7.67
2022-10-18,West,Office Supplies,1098.2,-105.71
2021-09-26,West,Office Supplies,1613.86,29.73
2022-01-05,West,Technology,635.3,57.78
2022-09-28,West,Technology,396.39,22.88
2022-10-19,East,Office Supplies,961.46,-44.05
2021-04-30,East,Office Supplies,156.69,20.66
2023-04-11,East,Technology,1408.53,259.36
2023-12-18,West,Office Supplies,1046.35,178.11
2023-01-11,South,Furniture,1002.82,57.67
2021-04-27,West,Technology,614.88,-27.65
2023-03-02,West,Technology,1811.25,180.75
2023-10-10,East,Office Supplies,199.16,51.02
2023-12-18,West,Furniture,1742.25,152.43
2022-09-26,East,Office Supplies,765.88,-16.64
2022-05-28,West,Furniture,1763.63,-110.72
2023-03-13,Central,Furniture,1462.95,406.07
2022-07-14,South,Technology,226.26,44.62
2022-05-03,South,Furniture,1666.44,41.97
2023-06-16,East,Technology,1370.71,24.87
2022-12-05,Central,Furniture,83.96,21.67
2022-08-04,South,Technology,284.73,-8.25
2023-03-01,East,Furniture,1278.54,145.77
2023-05-11,West,Office Supplies,1331.95,246.95
2021-09-04,West,Furniture,1498.37,87.74
2021-06-03,Central,Office Supplies,1446.09,-121.53
2023-09-24,South,Furniture,1325.85,-11.8
2022-11-28,West,Furniture,1537.15,400.77
2023-12-29,East,Technology,1158.67,126.58
2023-12-07,West,Furniture,536.37,121.31
2023-10-06,West,Furniture,1826.51,223.34
2021-04-04,South,Furniture,56.06,15.55
2023-08-16,South,Office Supplies,745.79,196.63
2023-10-09,East,Technology,1463.16,136.3
2022-03-29,Central,Technology,865.77,23.64
2023-07-01,Central,Furniture,69.17,9.73
2021-08-06,West,Furniture,150.64,25.6
2022-04-19,East,Office Supplies,1304.3,129.57
2022-03-08,Central,Furniture,1930.43,441.9
2021-12-07,Central,Technology,1112.69,-29.67
2022-07-05,West,Technology,1023.38,34.55
2021-12-23,East,Office Supplies,650.28,113.51
2021-01-23,Central,Office Supplies,528.25,-0.7
2022-06-06,South,Technology,61.55,4.67
2023-03-13,South,Office Supplies,560.45,160.0
2023-02-01,West,Furniture,909.24,136.7
2022-03-18,West,Furniture,411.94,115.19
2023-02-08,West,Office Supplies,192.95,36.46
2023-10-13,West,Technology,1441.1,273.62
2022-05-31,Central,Office Supplies,1791.35,244.95
2023-11-06,East,Technology,1874.81,-80.84
2023-03-03,West,Office Supplies,1243.64,134.17
2021-12-02,West,Office Supplies,124.49,0.13
2021-09-15,Central,Office Supplies,1486.91,445.28
2022-05-12,West,Furniture,237.99,1.61
2023-06-15,West,Furniture,1346.1,-10.4
2021-06-09,East,Technology,1563.14,233.77
2023-05-02,South,Office Supplies,1457.21,152.1
2022-11-21,West,Furniture,1904.73,-174.2
2022-01-15,Central,Office Supplies,1481.53,-71.39
2023-08-15,East,Technology,1392.56,312.51
2022-11-22,Central,Furniture,538.25,50.31
2023-12-03,East,Technology,1851.04,-76.99
2021-10-12,East,Furniture,375.5,32.33
2022-02-01,West,Office Supplies,1811.7,2.28
2021-01-12,West,Technology,639.07,-6.75
2022-05-14,West,Furniture,277.72,78.62
2023-01-24,South,Furniture,1656.83,74.24
2021-02-04,South,Office Supplies,24.94,-2.03
2022-12-28,Central,Technology,1667.53,480.47
2023-04-29,West,Technology,539.38,117.55
2021-03-31,South,Technology,1771.75,3.13
2023-02-15,West,Office Supplies,1389.13,88.29
2022-08-28,South,Furniture,1339.04,327.95
2023-08-28,South,Furniture,743.33,31.94
2023-10-19,East,Technology,137.62,17.47
2022-02-22,West,Furniture,1663.54,189.55
2021-04-25,West,Technology,358.39,21.69
2022-09-09,South,Office Supplies,757.07,117.95
2023-04-06,West,Office Supplies,1208.7,107.96
2022-02-17,South,Office Supplies,974.86,-89.21
2022-12-30,West,Technology,413.35,93.32
2023-10-18,East,Furniture,298.42,-16.33
2023-01-31,West,Office Supplies,264.03,22.61
2022-11-07,East,Technology,1728.76,228.13
2022-04-02,Central,Technology,82.49,15.03
2023-07-09,West,Office Supplies,1954.49,125.71
2021-07-11,West,Office Supplies,413.09,80.23
2023-01-09,West,Office Supplies,238.44,-11.32
2023-09-05,East,Furniture,1162.4,187.59
2023-10-06,West,Furniture,178.37,41.12
2021-04-06,West,Technology,1212.86,310.22
2022-10-25,South,Office Supplies,1704.24,224.66
2021-02-06,Central,Office Supplies,114.84,2.89
2021-10-06,East,Furniture,1603.74,-55.58
2021-08-05,South,Office Supplies,801.07,30.62
2023-05-17,East,Technology,335.79,38.95
2023-05-23,South,Office Supplies,368.67,-7.91
2021-03-03,Central,Furniture,1839.15,516.81
2022-08-19,South,Technology,239.0,61.87
2022-12-30,East,Technology,1736.23,-150.73
2022-02-01,West,Office Supplies,1097.6,136.96
2022-11-30,West,Technology,97.33,21.0
2023-11-09,Central,Office Supplies,939.66,-1.73
2021-06-26,East,Office Supplies,1638.55,179.52
2022-01-31,East,Furniture,1457.88,90.97
2022-03-21,East,Technology,987.79,-21.12
2021-03-17,Central,Office Supplies,1722.9,251.36
2021-09-22,West,Office Supplies,258.32,76.84
2022-03-31,South,Office Supplies,1821.68,84.01
2022-12-19,Central,Technology,1695.95,205.13
2023-01-05,South,Technology,1422.39,44.3
2023-05-01,West,Technology,1639.42,411.13
2021-05-24,Central,Office Supplies,1096.75,269.63
2023-06-04,West,Technology,1356.82,-38.66
2023-12-29,South,Office Supplies,1129.98,293.77
2022-01-31,East,Technology,723.75,-28.51
2023-11-15,East,Technology,1146.34,-70.87
2023-08-06,South,Office Supplies,529.78,85.39
2023-06-10,East,Technology,891.75,48.48
2022-07-23,South,Office Supplies,575.94,64.68
2023-11-29,Central,Technology,263.32,42.4
2021-04-19,Central,Technology,657.29,-51.84
2023-12-02,Central,Technology,1706.93,29.33
2023-07-24,East,Technology,774.54,65.34
2022-02-02,West,Furniture,1501.05,9.96
2022-09-26,East,Office Supplies,366.89,-29.5
2023-01-03,East,Furniture,860.35,-56.21
2021-08-23,West,Technology,247.42,54.61
2022-10-20,West,Technology,294.47,77.9
2023-01-21,West,Office Supplies,1242.52,-48.59
2022-08-11,West,Office Supplies,1222.81,-0.36
2023-10-30,East,Office Supplies,442.48,71.19
2023-08-12,South,Office Supplies,959.36,270.26
2022-05-07,Central,Technology,1729.35,34.3
2023-07-02,South,Office Supplies,364.92,88.34
2021-06-19,East,Furniture,58.04,5.94
2023-08-04,West,Office Supplies,1310.95,370.51
2023-03-06,Central,Office Supplies,125.93,-5.73
2022-09-26,Central,Furniture,1960.28,567.44
2021-01-29,South,Furniture,1227.05,93.74
2021-12-05,East,Furniture,951.38,267.5
2022-05-15,East,Furniture,871.39,72.74
2022-05-26,East,Office Supplies,1154.68,129.36
2021-08-05,Central,Furniture,199.44,44.26
2023-12-30,South,Technology,1861.44,351.91
2022-03-21,Central,Office Supplies,1258.77,186.1
2023-05-26,Central,Technology,384.28,25.67
2021-06-16,West,Office Supplies,1133.91,246.03
2021-04-01,South,Office Supplies,283.85,79.28
2022-12-15,West,Technology,54.75,-5.26
2021-02-08,East,Furniture,1268.42,171.41
2021-06-22,Central,Furniture,1304.0,321.3
2022-10-15,South,Technology,1175.72,189.58
2023-01-24,East,Furniture,383.3,84.45
2023-12-18,South,Office Supplies,1214.79,313.45
2022-04-21,Central,Office Supplies,131.89,26.43
2022-04-01,South,Office Supplies,1226.29,229.08
2023-04-09,East,Furniture,1116.95,319.33
2023-06-14,West,Furniture,1317.4,323.39
2023-10-22,Central,Technology,1793.04,405.5
2022-01-22,West,Office Supplies,1703.71,-111.49
2021-12-14,Central,Technology,1961.7,-8.61
2021-07-09,East,Furniture,1952.96,239.63
2022-05-20,Central,Technology,1549.19,284.78
2023-04-04,West,Furniture,1913.71,40.74
2023-07-18,Central,Office Supplies,1737.22,-108.87
2023-07-23,East,Office Supplies,1460.61,35.7
2021-05-14,Central,Furniture,169.26,35.28
2021-02-27,West,Furniture,117.12,29.39
2022-11-16,East,Furniture,1678.45,445.06
2022-11-03,West,Office Supplies,989.52,51.01
2021-06-22,Central,Furniture,1632.92,80.04
2023-03-26,South,Office Supplies,639.58,40.09
2021-03-21,West,Technology,807.35,40.63
2023-06-05,Central,Office Supplies,1406.37,234.13
2021-07-22,South,Technology,1832.35,79.39
2023-02-03,South,Office Supplies,193.77,-17.8
2021-02-16,East,Office Supplies,1725.73,130.48
2022-10-18,South,Furniture,1590.17,-16.44
2022-04-16,West,Office Supplies,644.77,-57.05
2023-08-29,West,Furniture,723.33,63.9
2023-11-02,South,Furniture,111.99,-1.97
2023-01-06,Central,Furniture,51.17,4.15
2023-02-23,West,Office Supplies,964.47,10.71
2023-08-26,West,Furniture,209.17,29.59
2021-12-24,East,Technology,404.12,119.76
2023-08-30,Central,Technology,1696.6,201.71
2022-10-30,South,Office Supplies,1150.64,182.67
2022-01-08,Central,Furniture,1274.59,341.22
2023-10-29,East,Technology,391.21,19.4
2022-11-07,East,Office Supplies,1660.75,-55.44
2021-03-31,Central,Office Supplies,1738.6,22.81
2022-11-29,East,Office Supplies,1056.19,64.55
2022-06-24,East,Office Supplies,1826.86,288.66
2023-01-02,East,Office Supplies,1692.76,-166.17
2023-05-19,Central,Furniture,1468.02,354.31
2021-02-10,East,Furniture,1473.47,-102.5
2023-01-10,South,Furniture,228.68,59.52
2022-05-17,South,Furniture,556.26,155.63
2023-08-17,West,Office Supplies,152.36,45.1
2023-07-18,South,Office Supplies,37.19,8.32
2022-04-06,West,Technology,333.45,-14.42
2023-01-02,Central,Technology,1763.36,321.75
2023-01-22,East,Furniture,494.95,-9.24
2023-07-14,South,Office Supplies,1940.9,502.4
2023-06-28,West,Technology,1202.64,32.04
2022-01-25,Central,Technology,489.77,15.04
2023-06-02,West,Technology,1004.32,268.22
2021-09-13,East,Technology,453.81,-42.98
2022-12-10,South,Furniture,1968.27,-44.12
2022-03-26,Central,Office Supplies,1697.58,116.75
2021-01-10,West,Furniture,71.95,12.97
2023-04-04,Central,Technology,1896.6,301.61
2023-03-09,West,Technology,1447.71,242.87
2023-05-27,West,Office Supplies,183.11,46.15
2023-10-26,East,Office Supplies,1347.86,-69.53
2023-10-13,East,Furniture,1300.91,141.62
2022-01-09,West,Office Supplies,453.2,86.19
2023-12-25,South,Furniture,1521.72,235.03
2021-05-26,Central,Furniture,192.39,15.26
2021-08-12,Central,Technology,989.1,-92.14
2021-06-26,East,Furniture,39.65,-3.01
2023-05-03,South,Technology,1938.1,-101.6
2021-03-04,West,Furniture,1508.1,56.24
2023-04-07,East,Furniture,334.53,-17.71
2023-03-06,West,Office Supplies,696.51,49.06
2022-11-20,West,Office Supplies,337.91,-9.65
2021-04-15,East,Technology,1537.9,325.52
2022-05-26,South,Office Supplies,136.61,33.96
2022-01-20,Central,Furniture,1684.01,94.07
2022-02-09,East,Technology,1885.55,197.1
2023-04-03,South,Technology,1359.72,382.62
2022-06-02,West,Technology,441.67,50.44
2022-04-21,East,Furniture,732.98,218.45
2022-12-10,Central,Office Supplies,964.93,-41.63
2023-02-10,Central,Technology,1217.16,298.07
2023-11-13,West,Furniture,1343.95,132.89
2023-09-24,East,Office Supplies,1117.35,-101.58
2022-11-08,Central,Office Supplies,715.6,206.73
2022-12-15,East,Technology,1784.02,510.26
2021-03-24,Central,Furniture,181.16,9.66
2022-04-02,West,Office Supplies,943.19,265.66
2021-01-01,West,Furniture,1555.62,-67.82
2021-02-20,East,Office Supplies,140.53,24.18
2022-11-16,South,Technology,1416.56,-32.9
2022-12-18,South,Technology,1643.03,-2.2
2022-03-25,West,Office Supplies,1328.45,281.28
2023-05-31,Central,Furniture,45.62,2.32
2022-05-03,South,Office Supplies,376.67,-36.59
2021-02-03,West,Furniture,697.38,45.81
2021-04-05,Central,Office Supplies,482.71,-4.23
2021-06-03,Central,Technology,1926.05,333.85
2021-09-07,South,Furniture,1310.16,-29.11
2022-11-05,West,Technology,608.0,144.04
2022-03-14,Central,Furniture,1860.8,12.72
2021-04-28,Central,Office Supplies,1486.38,85.04
2023-02-10,East,Technology,583.52,11.21
2021-09-25,East,Technology,770.19,121.36
2023-12-14,South,Furniture,414.87,-24.7
2021-08-24,East,Furniture,1942.73,177.25
2022-01-24,West,Furniture,1044.25,35.28
2023-09-17,South,Technology,1794.19,455.11
2023-02-02,South,Office Supplies,706.07,-49.87
2022-02-05,East,Furniture,1724.47,399.87
2022-09-16,Central,Office Supplies,126.7,-4.17
2023-02-06,West,Furniture,1964.54,-126.85
2023-07-08,West,Office Supplies,1825.83,-34.82
2023-05-03,West,Furniture,739.14,-43.56
2022-08-01,South,Office Supplies,1553.95,168.44
2021-03-16,West,Technology,1509.47,445.73
2022-03-11,Central,Furniture,1804.48,-155.67
2021-04-13,Central,Furniture,628.36,53.07
2023-02-03,East,Technology,941.73,51.26
2023-01-08,West,Furniture,1732.7,62.1
2023-03-17,South,Furniture,1561.59,51.13
2021-04-08,East,Technology,799.06,206.16
2023-03-09,Central,Technology,1694.54,-156.59
2023-05-09,West,Office Supplies,112.97,23.72
2022-03-11,Central,Technology,1568.45,1.84
2022-03-23,East,Technology,429.4,22.89
2021-09-06,Central,Furniture,586.52,39.92
2021-06-15,West,Technology,996.57,21.82
2023-09-11,West,Furniture,910.47,-56.97
2023-10-17,East,Technology,1050.73,-57.02
2022-06-26,West,Technology,1098.66,21.15
2023-01-29,Central,Office Supplies,676.42,154.71
2021-03-22,Central,Technology,366.95,-16.93
2021-05-13,South,Technology,1541.59,303.78
2023-03-08,South,Furniture,811.95,12.62
2023-06-19,South,Furniture,1021.56,258.85
2021-05-18,Central,Office Supplies,1296.5,92.48
2021-07-03,Central,Technology,1821.08,-57.02
2023-02-24,East,Furniture,1420.95,418.24
2023-09-11,South,Technology,110.01,-3.23
2021-03-10,Central,Office Supplies,1680.35,213.48
2022-06-30,East,Furniture,1978.92,252.74
2021-02-22,Central,Furniture,955.52,46.94
2021-07-24,East,Office Supplies,1939.79,544.3
2021-05-06,South,Technology,1103.71,262.19
2021-02-12,South,Furniture,930.04,215.7
2021-04-21,South,Furniture,676.18,195.86
2023-01-31,Central,Office Supplies,1321.96,109.52
2023-04-28,Central,Office Supplies,475.04,-29.04
2021-04-05,East,Office Supplies,227.77,46.96
2023-06-19,West,Technology,73.93,3.87
2021-12-26,West,Technology,598.91,-14.29
2023-06-19,South,Technology,803.63,74.98
2021-10-08,West,Office Supplies,1113.11,300.86
2022-10-29,South,Furniture,599.64,-18.86
2021-04-03,East,Technology,1968.44,471.4
2022-11-03,West,Office Supplies,597.66,40.21
2021-03-02,West,Technology,893.13,-40.44
2022-09-26,South,Furniture,224.49,53.73
2023-12-11,East,Furniture,536.04,154.3
2023-10-26,West,Office Supplies,115.7,1.91
2022-08-27,West,Furniture,1127.83,24.15
2022-11-13,West,Office Supplies,1507.11,84.73
2022-06-18,East,Office Supplies,407.51,91.96
2023-04-18,East,Office Supplies,748.46,-71.73
2022-10-07,West,Office Supplies,52.9,-0.55
2021-08-21,South,Furniture,1682.25,306.77
2022-06-08,South,Furniture,1564.33,97.39
2021-12-12,West,Furniture,145.24,4.66
2023-12-06,East,Furniture,742.44,184.8
2022-06-30,West,Office Supplies,1911.47,510.24
2023-03-05,East,Office Supplies,796.21,222.3
2021-09-06,West,Furniture,1061.89,9.58
2021-02-16,East,Technology,723.38,191.7
2021-08-02,Central,Technology,1200.34,233.81
2021-08-27,South,Technology,1956.75,-74.97
2023-12-16,Central,Furniture,1995.05,287.5
2021-12-16,South,Office Supplies,1553.94,-139.02
2021-04-17,East,Office Supplies,820.54,150.45
2023-04-11,Central,Technology,998.98,193.23
2021-02-17,South,Technology,726.33,156.7
2021-12-03,West,Office Supplies,1971.44,-61.09
2023-11-16,East,Technology,1421.37,215.05
2023-03-15,East,Technology,908.88,-25.86
2021-01-08,West,Office Supplies,43.99,12.26
2022-09-17,West,Technology,1050.56,178.6
2022-12-20,South,Technology,1968.18,-121.77
2021-10-30,East,Furniture,1055.66,-26.59
2022-10-01,South,Technology,381.2,63.04
2021-02-25,West,Furniture,63.75,5.78
2022-12-27,East,Office Supplies,722.31,140.5
2022-06-10,West,Furniture,1838.09,22.64
2022-04-19,South,Office Supplies,1993.18,325.22
2021-01-28,South,Furniture,1891.83,-55.27
2021-03-19,South,Furniture,1464.25,172.03
2021-12-31,East,Furniture,1125.12,318.54
2022-10-28,West,Technology,1189.56,179.97
2022-06-10,West,Technology,1087.2,-86.98
2022-11-30,South,Technology,1419.96,419.61
2023-06-02,South,Technology,849.37,-31.64
2023-10-28,South,Technology,1345.02,251.82
2023-10-24,South,Furniture,260.79,29.47
2023-07-08,Central,Technology,546.08,9.69
2023-01-20,Central,Office Supplies,1675.29,-48.71
2021-12-29,Central,Furniture,1809.42,-52.33
2023-03-17,South,Furniture,1087.24,264.59
2023-01-09,South,Office Supplies,82.64,20.59
2023-11-05,West,Technology,1855.41,159.67
2022-04-30,East,Office Supplies,1410.09,-82.56
2021-01-28,West,Furniture,839.78,213.02
2022-12-15,Central,Furniture,1204.79,114.22
2023-11-29,West,Furniture,870.95,65.76
2021-03-27,South,Office Supplies,941.37,59.25
2021-05-06,Central,Technology,1775.88,81.7
2023-03-23,Central,Furniture,338.95,37.42
2022-06-21,East,Technology,225.26,31.95
2021-05-25,East,Furniture,25.4,2.2
2021-01-25,Central,Technology,641.72,165.99
2021-03-08,Central,Office Supplies,311.88,8.44
2021-08-21,West,Furniture,455.57,59.83
2021-04-19,Central,Furniture,42.25,0.84
2021-04-21,South,Furniture,469.85,94.6
2021-08-16,West,Office Supplies,678.77,-40.15
2021-04-21,South,Office Supplies,82.5,-2.02
2021-02-03,South,Technology,1223.65,269.79
2022-09-15,South,Office Supplies,1146.22,-30.63
2023-01-18,Central,Furniture,212.13,31.88
2022-08-18,East,Technology,1198.12,345.18
2022-03-01,East,Office Supplies,1997.33,218.02
2022-09-05,South,Technology,1890.05,-47.33
2022-11-23,Central,Technology,25.29,0.72
2021-11-11,West,Technology,1594.85,365.83
2023-05-27,South,Furniture,720.14,29.28
2022-10-24,West,Furniture,146.03,27.66
2021-10-04,West,Office Supplies,606.05,127.84
2022-09-16,Central,Furniture,657.04,66.01
2022-05-31,Central,Technology,1056.02,225.23
2023-04-23,East,Technology,1328.95,35.56
2021-12-16,East,Furniture,1503.13,160.03
2023-04-03,Central,Technology,506.89,88.51
2023-01-29,South,Furniture,657.11,-21.53
2023-06-18,East,Technology,630.6,5.96
2021-08-31,West,Office Supplies,738.22,118.72
2022-06-27,South,Office Supplies,1999.32,324.18
2023-11-30,West,Furniture,1560.33,151.85
2021-08-17,Central,Furniture,1950.48,425.66
2022-07-02,West,Furniture,1392.36,129.24
2023-07-09,South,Furniture,824.42,208.19
2021-01-06,Central,Furniture,791.69,153.87
2022-04-13,South,Technology,987.39,25.55
2021-03-16,West,Office Supplies,845.4,49.12
2021-01-04,South,Technology,1660.09,277.36
2022-10-08,Central,Office Supplies,940.7,242.49
2021-04-28,West,Technology,605.32,-17.26
2023-05-31,West,Technology,1554.22,164.54
2022-05-19,East,Technology,1711.75,-89.84
2023-08-05,East,Furniture,852.45,10.04
2022-07-28,South,Office Supplies,1342.26,234.08
2021-07-13,East,Furniture,136.43,-9.4
2023-04-27,East,Furniture,1068.34,176.22
2022-12-16,East,Technology,109.06,28.39
2023-11-16,East,Office Supplies,77.8,22.39
2021-06-22,Central,Office Supplies,1233.59,-16.46
2021-11-22,Central,Office Supplies,620.6,123.85
2023-04-16,East,Office Supplies,1490.22,403.18
2022-12-25,South,Furniture,1794.24,-113.85
2021-08-13,Central,Furniture,295.99,19.42
2022-06-16,East,Office Supplies,1454.56,389.48
2021-04-23,Central,Furniture,1038.75,-19.62
2021-05-20,West,Office Supplies,242.0,66.19
2022-07-13,Central,Furniture,1310.15,145.27
2021-01-01,Central,Technology,1226.74,-73.66
2021-03-31,South,Technology,1040.97,83.23
2022-10-16,Central,Office Supplies,1854.41,56.57
2021-11-16,South,Office Supplies,1051.74,13.55
2021-05-19,West,Furniture,1981.22,230.99
2023-04-25,East,Office Supplies,1028.27,96.08
2021-09-16,South,Office Supplies,249.39,23.14
2023-06-21,Central,Furniture,951.53,-61.61
2022-11-21,Central,Office Supplies,381.01,84.18
2021-01-10,South,Office Supplies,1202.32,111.31
2021-09-18,West,Technology,1392.4,317.97
2021-06-21,East,Technology,947.5,217.77
2023-06-17,Central,Technology,213.45,5.73
2021-01-13,West,Office Supplies,947.91,-93.14
2021-11-17,East,Furniture,181.28,47.95
2021-11-25,East,Technology,1370.61,279.99
2023-02-24,Central,Office Supplies,1584.93,-90.5
2023-02-16,South,Technology,1925.51,347.92
2023-06-30,Central,Furniture,314.63,-28.94
2021-11-14,Central,Furniture,1074.19,-95.49
2021-08-24,Central,Furniture,1143.72,126.19
2021-11-30,West,Furniture,1846.5,-113.72
2022-01-11,South,Furniture,1262.01,360.6
2022-08-11,West,Furniture,308.11,79.35
2022-05-28,Central,Office Supplies,883.98,141.37
2023-07-07,South,Technology,1316.43,-98.1
2023-05-23,East,Furniture,1406.56,42.1
2021-09-27,South,Technology,1728.89,84.18
2023-03-09,Central,Technology,377.4,34.85
2022-12-26,South,Office Supplies,1904.05,-61.77
2021-01-05,East,Furniture,137.1,17.96
2023-05-01,East,Furniture,1967.85,146.23
2021-03-19,South,Office Supplies,1718.38,479.29
2022-07-28,East,Office Supplies,1327.34,364.33
2021-05-12,West,Office Supplies,1475.29,186.17
2022-08-24,South,Office Supplies,163.93,25.86
2023-12-02,East,Office Supplies,102.13,-4.58
2021-03-30,East,Technology,221.5,-2.36
2022-02-06,South,Office Supplies,192.97,50.23
2021-10-23,West,Furniture,1103.81,198.32
2022-09-08,South,Furniture,446.58,-10.82
2023-03-11,East,Office Supplies,1723.21,220.72
2022-02-26,South,Office Supplies,902.58,247.22
2023-11-13,East,Office Supplies,1397.11,53.19
2022-07-29,Central,Office Supplies,1312.69,-33.7
2021-05-23,South,Office Supplies,653.31,180.84
2023-09-20,South,Furniture,501.47,42.38
2022-10-27,East,Technology,698.06,46.7
2021-05-25,East,Office Supplies,1597.38,11.22
2023-10-04,East,Office Supplies,1180.83,303.04
2022-05-18,East,Office Supplies,522.01,124.37
2023-04-01,South,Furniture,1639.34,100.32
2021-04-14,East,Furniture,128.42,-11.27
2023-11-29,South,Technology,1404.38,110.47
2021-07-17,West,Technology,889.42,-24.6
2022-08-02,South,Technology,1467.95,-62.98
2022-01-26,East,Technology,1856.37,106.25
2022-07-08,East,Furniture,1505.07,-90.86
2023-11-05,West,Technology,895.09,253.3
2022-04-23,South,Office Supplies,318.93,-25.83
2023-07-12,West,Furniture,1616.57,97.88
2022-02-24,South,Furniture,932.2,-32.55
2021-06-06,East,Furniture,169.12,29.68
2022-07-04,South,Office Supplies,1443.73,-98.86
2023-10-18,East,Furniture,597.87,70.98
2023-09-24,East,Office Supplies,116.8,24.44
2023-08-09,Central,Technology,1807.45,506.13
2021-10-16,Central,Furniture,976.54,175.2
2021-07-15,South,Office Supplies,576.3,-34.7
2022-08-21,East,Furniture,1438.45,-92.91
2022-06-01,West,Technology,1774.09,341.76
2023-05-15,East,Furniture,20.61,-0.29
2023-03-17,West,Technology,1381.95,109.03
2023-03-26,South,Furniture,1538.68,447.21
2021-08-16,South,Office Supplies,435.66,99.31
2021-08-04,West,Technology,989.46,236.12
2023-08-06,West,Furniture,196.79,48.08
2021-01-15,East,Technology,1498.56,221.51
2021-02-16,South,Technology,1697.96,335.47
2021-11-20,East,Office Supplies,234.21,10.21
2023-04-24,West,Office Supplies,1636.59,489.96
2021-05-10,Central,Office Supplies,1547.71,18.34
2021-04-05,Central,Office Supplies,706.89,96.14
2022-09-19,Central,Technology,1386.77,17.78
2023-01-25,West,Technology,20.1,-1.11
2023-03-05,East,Furniture,1864.96,236.91
2021-03-10,South,Furniture,1109.76,45.88
2021-01-11,West,Furniture,1248.27,166.38
2023-05-22,Central,Office Supplies,1336.03,164.96
2022-07-04,East,Technology,1131.51,132.28
2022-12-13,South,Technology,1716.39,-86.99
2021-01-23,South,Furniture,1227.21,93.36
2023-03-26,West,Furniture,1817.36,408.55
2021-12-12,West,Technology,1173.02,30.57
2021-10-29,South,Office Supplies,358.82,27.82
2021-12-29,South,Furniture,1828.85,178.37
2022-01-31,Central,Furniture,1369.62,335.68
2021-08-06,South,Technology,1404.49,227.86
2021-05-21,West,Technology,1971.25,-118.12
2023-08-16,East,Furniture,168.89,41.56
2023-09-12,Central,Furniture,868.61,202.24
2023-09-20,Central,Office Supplies,493.41,99.4
2023-04-08,South,Office Supplies,1268.24,109.61
2022-11-14,East,Office Supplies,1617.49,328.38
2023-10-01,Central,Office Supplies,1933.3,176.89
2021-12-22,West,Furniture,920.1,179.1
2023-10-05,South,Furniture,1576.71,397.4
2023-06-07,West,Furniture,1835.76,470.35
2021-05-07,South,Office Supplies,1372.98,112.35
2023-10-06,Central,Furniture,500.61,122.02
2022-08-27,South,Technology,1223.55,-72.7
2023-10-11,East,Office Supplies,1940.51,-115.02
2021-02-20,West,Technology,1975.36,235.67
2023-11-19,East,Office Supplies,1291.87,207.65
2023-02-18,West,Furniture,1776.24,-68.92
2023-03-25,West,Office Supplies,416.69,37.03
2022-02-24,South,Technology,507.24,-31.58
2023-09-10,Central,Office Supplies,1906.72,268.54
2023-04-05,Central,Technology,287.77,69.65
2023-10-22,East,Furniture,398.39,77.71
2022-07-21,South,Technology,852.69,43.76
2022-01-06,Central,Furniture,1187.38,353.27
2023-07-25,West,Technology,1215.56,200.78
2022-10-23,West,Furniture,598.11,135.23
2023-08-27,South,Technology,1842.82,309.37
2021-07-21,East,Furniture,1831.9,541.81
2021-11-09,South,Furniture,796.29,181.99
2021-04-27,East,Furniture,879.9,94.83
2023-07-26,South,Technology,1410.94,65.96
2022-07-29,West,Technology,1332.73,230.38
2021-09-01,South,Furniture,776.95,105.73
2022-06-21,Central,Office Supplies,840.2,127.49
2021-03-16,Central,Furniture,709.12,26.38
2022-01-21,South,Office Supplies,486.06,34.75
2022-04-20,East,Furniture,927.11,114.26
2022-02-22,East,Technology,1379.14,325.08
2021-12-13,West,Office Supplies,1489.09,305.51
2022-10-02,West,Technology,1562.17,-82.07
2023-07-28,East,Office Supplies,761.97,-1.36
2023-08-13,South,Office Supplies,1533.98,-137.04
2023-05-26,West,Office Supplies,32.9,-3.19
2023-02-02,East,Office Supplies,964.56,-9.89
2022-10-26,East,Technology,1591.93,349.79
2021-01-25,South,Office Supplies,1267.49,331.95
2022-12-11,Central,Furniture,958.64,54.36
2021-06-26,East,Furniture,1296.39,162.41
2021-10-12,West,Office Supplies,1815.75,331.23
2021-03-04,South,Technology,1141.44,320.94
2023-09-30,South,Technology,1603.58,425.23
2022-10-24,South,Office Supplies,1961.87,-151.31
2022-10-28,Central,Technology,1417.03,-1.04
2021-06-05,Central,Technology,1155.19,-92.81
2023-12-09,West,Technology,94.22,13.81
2023-08-25,West,Office Supplies,761.47,140.26
2023-04-29,South,Furniture,1139.58,26.57
2022-11-20,West,Furniture,1598.47,386.1
2021-05-28,East,Furniture,887.45,71.99
2021-12-08,Central,Furniture,1920.92,575.03
2022-04-21,South,Furniture,558.15,-55.73
2023-12-23,South,Technology,1494.24,-83.98
2022-07-15,East,Technology,849.68,17.6
2021-11-23,East,Technology,982.26,-88.2
2023-09-17,East,Office Supplies,1608.95,342.6
2021-08-03,East,Technology,606.51,-47.85
2022-03-11,South,Furniture,211.69,42.25
2023-08-10,Central,Technology,1050.11,-82.93
2022-12-24,Central,Furniture,1067.01,1.16
2021-02-01,East,Technology,1598.39,378.04
2022-11-01,West,Furniture,1937.27,543.28
2021-10-12,South,Technology,129.5,8.52
2022-03-05,Central,Furniture,1191.55,343.14
2021-10-13,East,Furniture,1368.93,206.37
2023-11-09,West,Office Supplies,1971.89,130.8
2021-01-18,West,Technology,1886.33,417.11
2023-02-08,East,Furniture,1430.65,25.94
2022-08-13,South,Technology,1053.14,6.65
2023-10-07,Central,Furniture,339.82,55.26
2021-07-13,West,Office Supplies,780.67,43.87
2022-05-17,Central,Office Supplies,1178.54,-53.78
2023-09-15,Central,Office Supplies,1455.9,-106.59
2021-04-24,West,Office Supplies,1278.09,274.96
2023-08-05,East,Furniture,1433.96,244.3
2023-04-11,West,Technology,869.72,56.29
2023-07-14,West,Office Supplies,1460.7,377.58
2021-02-24,South,Office Supplies,304.61,19.6
2023-03-11,Central,Office Supplies,341.92,62.95
2023-02-17,East,Technology,342.41,90.28
2021-06-11,Central,Furniture,1783.91,421.51
2021-03-28,West,Furniture,170.55,17.81
2021-02-24,East,Furniture,1606.99,276.81
2023-10-29,East,Furniture,482.47,31.59
2023-04-13,East,Technology,947.49,150.54
2021-11-09,East,Technology,1833.59,5.54
2023-01-29,South,Technology,1180.16,87.21
2022-03-19,East,Office Supplies,436.03,-7.06
2021-11-24,West,Technology,582.5,-49.35
2023-12-14,South,Furniture,1842.48,249.5
2023-01-31,West,Technology,865.74,212.77
2022-08-02,West,Office Supplies,1182.23,-106.13
2023-12-11,Central,Furniture,930.67,-20.09
2023-10-04,East,Technology,769.31,64.68
2021-04-06,East,Furniture,462.09,76.87
2023-03-25,West,Furniture,1378.66,-43.44
2022-05-06,East,Technology,1442.12,-111.51
2022-03-28,South,Technology,564.27,60.73
2021-06-14,Central,Office Supplies,1582.24,359.93
2021-07-01,East,Technology,1711.98,-147.07
2022-04-14,East,Technology,1842.94,73.25
2023-06-29,South,Technology,339.2,56.11
2023-01-05,Central,Furniture,621.77,-29.66
2023-04-03,South,Office Supplies,1723.5,-9.69
2023-08-02,West,Furniture,413.11,47.18
2021-01-07,West,Technology,26.87,7.56
2021-11-26,East,Office Supplies,1744.24,26.05
2023-02-14,Central,Technology,666.37,63.31
2021-05-31,West,Furniture,840.71,50.42
2021-05-27,South,Furniture,903.74,234.03
2023-07-04,West,Technology,1699.58,-121.08
2022-12-01,West,Office Supplies,689.03,87.13
2021-03-23,South,Furniture,1786.71,426.04
2022-05-29,East,Technology,1241.54,366.56
2023-03-26,Central,Technology,1064.03,190.98
2022-12-10,East,Technology,664.72,34.55
2023-01-16,South,Office Supplies,502.55,32.53
2023-10-20,West,Technology,1255.64,51.07
2022-12-08,Central,Technology,904.85,127.99
2022-04-16,East,Furniture,1822.82,356.84
2022-01-31,South,Technology,993.44,226.29
2021-09-18,West,Office Supplies,1033.35,68.86
2023-03-16,West,Technology,845.11,157.77
2023-07-23,East,Office Supplies,1582.74,421.78
2023-06-24,South,Technology,861.18,231.08
2023-12-13,West,Technology,553.3,100.49
2023-07-29,West,Technology,1726.82,267.24
2023-05-04,Central,Office Supplies,1201.72,135.33
2022-08-16,West,Furniture,1191.19,-31.83
2022-12-15,East,Office Supplies,1229.43,-62.15
2022-09-24,South,Furniture,1443.3,136.08
2021-02-28,South,Office Supplies,639.87,-23.18
2021-05-08,Central,Technology,87.01,11.38
2023-01-06,South,Technology,1624.97,257.2
2022-12-22,East,Furniture,275.23,30.34
2022-06-10,West,Furniture,1449.2,-123.8
2022-06-05,Central,Office Supplies,182.98,-14.07
2022-07-06,South,Office Supplies,763.11,-41.71
2021-08-25,Central,Furniture,144.79,-5.58
2022-05-09,Central,Furniture,1053.98,311.93
2021-01-04,South,Office Supplies,1313.21,49.64
2022-10-28,Central,Furniture,359.44,6.03
2022-03-18,South,Furniture,755.82,-59.78
2021-01-29,East,Furniture,1861.87,286.97
2022-09-02,South,Furniture,895.93,144.13
2023-03-16,West,Technology,1609.04,-47.98
2021-03-16,South,Technology,1855.83,496.8
2023-04-18,West,Furniture,1949.2,429.21
2021-05-08,Central,Office Supplies,1798.68,-14.16
2021-02-11,South,Technology,648.46,61.18
2021-02-10,West,Office Supplies,1925.89,160.54
2023-07-23,South,Office Supplies,1628.54,64.18
2021-02-03,South,Technology,1677.61,380.91
2023-11-07,South,Office Supplies,50.04,-2.82
2023-09-25,East,Office Supplies,1909.39,126.26
2022-08-11,West,Furniture,1560.62,111.14
2021-12-08,East,Furniture,1540.58,134.79
2021-01-27,East,Furniture,181.42,44.36
2022-10-08,West,Technology,480.49,-6.12
2023-01-01,South,Furniture,1925.28,-113.27
2021-06-17,East,Office Supplies,1011.34,148.79
2022-09-02,East,Office Supplies,807.76,-24.61
2021-09-25,East,Office Supplies,1683.08,-117.86
2023-04-01,South,Office Supplies,192.93,13.63
2022-03-31,East,Office Supplies,845.55,-10.27
2023-06-25,Central,Technology,763.89,33.98
2023-07-11,West,Office Supplies,712.71,2.77
2023-09-08,Central,Technology,629.23,-39.61
2022-12-03,South,Office Supplies,435.95,54.12
2022-09-26,East,Technology,362.36,-32.32
2021-05-10,West,Technology,1288.0,369.08
2023-10-17,East,Office Supplies,1840.4,67.23
2023-03-30,South,Office Supplies,1027.53,182.97
2022-11-24,West,Office Supplies,609.99,136.73
2023-03-05,Central,Office Supplies,335.14,3.9
2021-01-29,West,Furniture,1663.68,331.9
2021-05-29,East,Furniture,1943.55,452.79
2021-01-11,West,Technology,711.33,-2.47
2022-11-07,South,Technology,596.08,177.03
2021-07-06,South,Furniture,1210.96,-111.07
2023-03-18,West,Technology,1555.15,-20.53
2023-01-14,South,Office Supplies,921.7,195.41
2021-04-08,South,Technology,1267.54,-28.33
2021-02-24,South,Technology,1438.77,257.98
2022-09-15,Central,Technology,1921.97,465.52
2022-10-26,East,Furniture,346.77,98.37
2023-01-28,South,Furniture,1994.82,178.93
2022-02-10,West,Technology,796.47,229.74
2021-03-10,South,Office Supplies,1451.94,93.87
2023-01-21,Central,Technology,1153.38,-14.7
2023-08-16,West,Furniture,983.6,103.84
2021-12-31,East,Office Supplies,1402.19,224.25
2022-04-27,West,Technology,803.59,66.85
2021-07-20,West,Furniture,269.7,34.19
2021-06-03,West,Office Supplies,988.01,65.77
2021-03-14,West,Technology,1053.39,115.77
2022-12-14,South,Furniture,419.77,117.97
2021-10-23,East,Office Supplies,1872.53,187.13
2023-11-07,South,Technology,470.4,0.6
2021-03-02,Central,Office Supplies,830.27,168.96
2023-07-28,Central,Office Supplies,326.76,11.45
2021-02-11,West,Office Supplies,1080.88,244.8
2021-01-25,South,Furniture,629.12,-48.61
2023-11-29,South,Technology,988.76,32.5
2021-05-11,East,Office Supplies,464.74,-28.93
2021-04-18,East,Office Supplies,126.47,-8.33
2021-06-21,East,Office Supplies,1562.87,255.3
2021-04-12,South,Furniture,1289.35,69.8
2023-05-16,East,Office Supplies,694.66,172.69
2022-06-08,East,Furniture,114.04,12.15
2021-10-02,East,Furniture,1733.84,31.45
2023-12-04,West,Office Supplies,356.19,67.09
2023-03-28,Central,Office Supplies,1862.87,278.7
2023-08-15,Central,Furniture,967.62,212.72
2023-11-07,South,Furniture,693.97,109.26
2021-11-26,South,Office Supplies,1488.68,-49.42
2021-01-12,West,Furniture,1756.14,295.25
2021-08-04,Central,Furniture,754.01,42.69
2021-12-05,East,Office Supplies,826.54,70.47
2022-10-23,East,Office Supplies,877.65,235.76
2022-01-09,South,Technology,1846.2,81.21
2023-09-03,Central,Office Supplies,1391.28,201.43
2022-12-11,South,Office Supplies,510.34,23.17
2022-04-11,South,Office Supplies,386.3,-23.99
2022-05-04,East,Technology,476.13,38.76
2021-02-16,East,Furniture,541.86,75.22
2023-02-17,Central,Office Supplies,475.76,29.97
2023-11-06,South,Office Supplies,1323.84,74.49
2022-12-12,West,Technology,249.55,56.94
2022-02-05,Central,Technology,786.97,-69.35
2023-09-08,South,Technology,1257.61,22.93
2021-09-07,Central,Furniture,595.9,133.9
2022-01-26,Central,Technology,149.24,40.03
2021-12-01,Central,Furniture,182.01,11.82
2022-09-21,West,Office Supplies,269.41,68.84
2021-05-17,West,Office Supplies,1674.97,-34.22
2023-06-02,East,Office Supplies,1322.57,-15.12
2022-11-19,East,Technology,147.75,35.23
2023-04-07,South,Office Supplies,794.32,207.56
2022-12-28,Central,Technology,571.6,-6.22
2022-08-17,South,Furniture,1164.52,-88.82
2023-09-17,East,Office Supplies,1055.16,-67.39
2022-01-07,West,Furniture,972.63,4.43
2023-07-24,East,Technology,642.73,131.49
2023-09-22,South,Technology,292.84,30.45
2022-02-06,East,Office Supplies,1489.91,122.52
2022-09-07,South,Office Supplies,1762.12,235.52
2023-09-22,South,Technology,1889.42,483.86
2022-09-12,South,Office Supplies,136.07,-8.69
2021-07-07,South,Office Supplies,1485.02,264.17
2021-05-11,East,Furniture,1458.48,394.83
2023-03-16,South,Technology,1895.28,-27.78
2023-07-25,South,Furniture,520.77,122.44
2023-09-13,Central,Office Supplies,1489.51,266.93
2021-07-02,South,Furniture,128.16,-12.07
2023-09-10,East,Technology,1269.87,-9.34
2021-12-30,South,Furniture,714.68,101.73
2021-02-08,West,Furniture,1542.44,155.72
2022-05-12,West,Office Supplies,1729.34,192.26
2023-09-09,South,Technology,742.35,-5.37
2023-07-10,West,Office Supplies,1060.66,180.31
2022-12-23,West,Office Supplies,252.46,1.66
2021-01-16,East,Technology,845.48,47.16
2022-05-08,Central,Furniture,734.38,34.93
2023-06-13,West,Office Supplies,382.58,64.58
2021-11-07,West,Furniture,1791.07,-114.45
2023-01-09,Central,Technology,313.21,-5.57
2022-06-30,Central,Office Supplies,1278.76,-25.32
2022-02-18,West,Furniture,1782.48,-100.94
2021-09-08,South,Furniture,1825.7,-30.97
2023-01-29,West,Office Supplies,1590.61,227.18
2023-11-29,South,Technology,368.76,71.12
2023-03-25,South,Furniture,1638.51,268.91
2021-01-29,South,Technology,567.6,51.13
2023-08-16,Central,Office Supplies,1846.35,-145.91
2022-04-22,West,Furniture,1423.99,403.85
2021-11-14,West,Furniture,1574.83,-51.61
2021-09-02,East,Furniture,188.36,31.53
2023-01-18,Central,Technology,1173.87,311.26
2022-11-28,East,Furniture,1645.86,294.79
2021-09-29,East,Furniture,1725.95,-22.06
2022-01-12,South,Office Supplies,76.69,2.02
2021-09-23,Central,Furniture,1879.54,-165.24
2023-07-15,East,Technology,105.81,15.35
2023-07-10,West,Office Supplies,1236.75,179.57
2021-12-06,East,Office Supplies,1392.91,264.93
2022-01-24,Central,Furniture,232.54,-22.23
2022-07-31,West,Office Supplies,115.06,26.13
2021-01-03,West,Furniture,1574.13,307.72
2022-01-11,West,Office Supplies,781.65,-34.12
2021-11-20,South,Technology,232.08,9.06
2021-05-26,West,Furniture,1530.08,237.79
2021-10-20,South,Technology,1701.34,167.27
2022-03-08,South,Furniture,1183.02,-63.84
2022-12-06,East,Technology,339.25,-22.07
2023-08-07,East,Technology,50.14,10.66
2022-08-08,West,Office Supplies,1407.59,-52.94
2022-02-03,Central,Furniture,1109.28,-34.57
2023-03-28,West,Office Supplies,1308.58,304.07
2023-08-22,East,Technology,1630.11,236.13
2021-07-06,West,Furniture,879.77,124.83
2021-03-02,East,Technology,266.54,24.45
2023-07-28,West,Technology,1881.17,240.03
2022-12-11,Central,Technology,1099.62,154.73
2023-03-18,West,Technology,1238.28,355.55
2021-01-11,Central,Office Supplies,1868.15,-20.2
2023-12-22,Central,Technology,1864.54,-26.43
2021-08-14,West,Office Supplies,1152.75,-88.89
2022-07-18,Central,Technology,609.27,99.48
2023-02-11,Central,Furniture,1994.28,238.55
2023-06-04,East,Technology,1368.02,-75.93
2021-08-14,East,Technology,828.7,37.97
2023-04-05,Central,Furniture,1128.48,-32.2
2021-08-06,South,Furniture,843.35,27.49
2023-07-26,West,Technology,1778.84,498.97
2023-01-23,Central,Technology,975.35,169.06
2022-05-21,West,Office Supplies,1650.59,-160.06
2021-09-16,East,Furniture,1683.55,1.69
2021-02-23,West,Furniture,1652.18,-158.37
2023-12-07,Central,Office Supplies,1449.93,269.61
2022-12-28,Central,Technology,1712.66,150.32
2022-11-20,Central,Technology,786.71,234.13
2023-11-10,Central,Furniture,247.03,47.78
2022-02-23,South,Office Supplies,1688.06,180.9
2022-11-21,South,Technology,1006.37,223.3
2023-04-30,South,Furniture,272.2,49.52
2021-03-03,Central,Technology,248.32,-0.62
2021-08-04,South,Technology,335.3,37.59
2021-01-03,West,Technology,1506.93,184.45
2021-06-09,Central,Furniture,1427.5,114.9
2023-02-20,East,Office Supplies,423.56,-12.0
2023-06-12,Central,Office Supplies,1696.91,-18.08
2021-11-25,West,Technology,576.96,7.17
2022-08-03,South,Office Supplies,1590.11,-152.49
2023-08-10,Central,Technology,987.84,263.53
2022-09-27,South,Furniture,1468.47,256.16
2023-09-15,Central,Furniture,775.15,136.31
2023-07-10,West,Furniture,707.34,91.2
2023-01-08,Central,Technology,1685.89,296.25
2021-06-19,South,Office Supplies,89.9,26.32
2022-06-05,South,Furniture,1949.98,105.42
2021-02-09,West,Technology,1303.4,241.14
2023-08-13,Central,Office Supplies,876.32,38.39
2023-09-11,East,Office Supplies,1263.55,305.42
2023-09-02,Central,Office Supplies,263.03,63.97
2021-02-07,West,Technology,1037.82,270.77
2021-11-24,East,Technology,1970.49,-192.74
2023-07-03,West,Technology,485.83,9.37
2022-03-30,Central,Furniture,1450.11,-67.33
2021-02-06,East,Technology,881.24,71.9
2023-08-31,West,Furniture,1311.87,128.8
2023-03-07,South,Furniture,425.68,1.01
2023-08-31,East,Furniture,951.52,180.2
2022-08-16,East,Technology,1960.58,15.5
2023-11-30,West,Furniture,406.67,98.23
2021-08-12,South,Technology,1280.16,-37.04
2021-11-14,East,Technology,1159.68,54.38
2021-12-15,West,Furniture,1138.8,169.56
2021-04-25,East,Furniture,1237.94,175.95
2022-11-29,East,Furniture,1014.43,-69.78
2023-11-30,East,Technology,53.52,12.76
2021-02-09,South,Technology,1802.19,250.91
2021-08-04,Central,Furniture,1657.42,410.95
2021-12-02,Central,Furniture,364.85,90.14
2021-04-02,South,Office Supplies,838.28,99.23
2021-12-19,South,Furniture,1545.69,408.55
2022-07-25,West,Office Supplies,1960.52,469.28
2023-03-27,East,Office Supplies,1903.25,539.09
2023-02-20,South,Technology,1800.73,432.53
2021-12-29,West,Technology,333.58,76.22
2022-07-11,Central,Office Supplies,1830.66,160.63
2021-12-22,Central,Office Supplies,1759.32,-26.72
2021-07-10,Central,Furniture,766.36,202.54
2022-02-26,Central,Office Supplies,801.15,151.43
2022-12-01,West,Furniture,930.62,11.82
2021-01-07,East,Technology,1319.23,48.02
2021-05-13,West,Furniture,536.45,93.57
2022-07-11,East,Technology,65.44,5.96
2023-04-06,Central,Office Supplies,299.63,-20.2
2023-01-31,South,Office Supplies,891.43,-38.71
2023-11-21,South,Office Supplies,578.37,114.67
2022-06-19,South,Furniture,1533.74,48.2
2022-03-02,East,Technology,231.25,23.83
2022-11-03,Central,Technology,1836.58,379.53
2021-12-29,West,Technology,1792.75,359.39
2021-03-23,South,Technology,1819.34,-60.39
2021-12-22,East,Technology,1484.43,-90.02
2022-08-12,South,Furniture,231.86,31.64
2021-10-22,West,Technology,887.51,174.53
2023-12-06,Central,Office Supplies,280.18,-11.31
2021-01-17,West,Technology,1975.64,96.38
2021-12-26,Central,Office Supplies,679.42,168.57
2023-05-16,Central,Furniture,1178.95,327.38
2022-12-01,Central,Furniture,1563.2,127.6
2022-03-24,South,Office Supplies,1842.82,-125.67
2023-05-06,West,Technology,1515.98,4.67
2021-12-31,South,Furniture,1355.52,-9.23
2022-11-06,West,Furniture,942.64,-4.16
2023-10-05,East,Furniture,1218.69,118.89
2022-04-12,East,Technology,206.44,27.52
2022-02-18,West,Office Supplies,1770.17,-90.27
2022-08-09,West,Office Supplies,1096.68,280.47
2023-09-21,West,Technology,99.47,14.72
2022-07-26,West,Furniture,1841.41,255.77
2021-12-01,Central,Technology,988.82,291.61
2021-02-06,South,Technology,1739.81,263.16
2023-09-16,Central,Office Supplies,1716.64,466.21
2021-10-05,South,Technology,1635.19,23.71
2023-07-05,South,Technology,141.58,-0.56
2022-04-29,South,Furniture,509.19,54.28
2023-01-01,Central,Furniture,1753.58,181.4
2021-07-11,West,Office Supplies,1800.0,-16.93
2023-11-07,Central,Furniture,926.98,166.73
2022-06-08,Central,Technology,891.28,-78.56
2023-07-07,South,Technology,366.78,64.65
2022-02-05,East,Technology,1937.45,160.56
2023-06-05,East,Office Supplies,442.01,77.62
2022-12-06,Central,Furniture,398.05,36.16
2021-01-22,South,Technology,1328.24,386.43
2022-04-19,Central,Furniture,500.83,16.97
2021-07-29,Central,Furniture,1878.77,550.53
2021-11-02,West,Furniture,41.6,-3.08
2022-12-05,South,Furniture,31.39,5.45
2022-11-18,East,Office Supplies,1019.66,83.29
2021-10-12,East,Office Supplies,986.36,225.73
2022-12-17,East,Office Supplies,343.46,74.13
2023-02-02,Central,Technology,999.15,219.9
2023-08-06,South,Technology,835.09,-51.86
2022-01-16,West,Technology,1782.85,408.18
2022-04-05,East,Office Supplies,38.32,-0.55
2023-10-28,South,Furniture,1953.01,-175.24
2021-01-29,East,Office Supplies,1256.3,-16.21
2023-06-26,West,Technology,320.65,29.41
2023-11-23,South,Technology,112.58,22.16
2023-05-29,Central,Furniture,1085.45,-13.62
2021-03-20,Central,Office Supplies,485.08,-26.58
2023-08-05,East,Furniture,616.31,97.62
2022-04-04,East,Office Supplies,505.36,148.35
2022-07-24,South,Technology,1307.34,183.48
2023-01-08,West,Furniture,1115.99,196.89
2022-05-31,East,Furniture,174.39,21.71
2022-02-01,South,Office Supplies,1062.52,226.25
2021-02-08,West,Office Supplies,1586.56,460.61
2023-06-06,East,Office Supplies,180.77,21.27
2023-03-08,East,Technology,1781.68,118.87
2021-06-06,South,Office Supplies,1165.05,284.43
2023-06-03,East,Technology,1902.24,547.64
2023-09-01,Central,Office Supplies,313.32,-15.14
2023-11-12,West,Office Supplies,1987.26,260.86
2023-04-29,West,Technology,1295.66,281.14
2023-01-18,Central,Office Supplies,1143.64,129.62
2023-09-16,South,Technology,1040.25,66.24
2021-01-21,Central,Technology,66.84,10.83
2021-10-30,Central,Office Supplies,1880.49,15.14
2023-05-19,West,Office Supplies,1295.11,51.36
2021-03-25,South,Furniture,201.42,59.8
2022-07-24,East,Office Supplies,61.49,9.51
2023-07-23,Central,Furniture,120.55,30.04
2023-10-06,Central,Office Supplies,1226.6,273.66
2023-03-04,South,Technology,1235.75,198.84
2023-03-03,Central,Technology,1009.34,238.5
2022-05-07,South,Furniture,627.4,9.33
2021-07-27,East,Office Supplies,1072.85,166.13
2023-12-20,South,Furniture,1042.28,142.0
2022-03-06,East,Office Supplies,58.44,8.71
2023-09-12,South,Office Supplies,579.29,-18.85
2022-06-04,Central,Technology,125.31,1.37
2022-08-14,East,Furniture,1802.31,26.43
2023-11-17,Central,Technology,1455.94,204.96
2021-07-18,East,Technology,1992.31,575.81
2022-01-22,South,Technology,618.3,174.13
2021-12-15,South,Furniture,1759.4,-16.05
2023-08-18,South,Office Supplies,1214.05,26.63
2022-11-24,West,Office Supplies,917.19,-78.49
2022-01-13,West,Furniture,460.69,27.42
2023-06-18,East,Office Supplies,1482.02,346.6
2023-07-05,West,Furniture,1810.2,482.06
2022-06-11,South,Furniture,485.91,-2.62
2023-01-04,West,Office Supplies,367.27,2.32
2021-07-25,West,Technology,1398.52,-16.31
2022-03-31,Central,Furniture,1954.41,78.26
2022-06-05,East,Furniture,1504.91,333.95
2023-10-14,East,Furniture,583.47,92.62
2023-08-14,East,Furniture,851.51,182.54
2022-12-27,West,Office Supplies,780.95,104.03
2023-10-11,South,Office Supplies,1707.15,5.28
2022-05-16,Central,Furniture,1547.31,-13.62
2021-04-27,East,Technology,1186.17,-114.35
2022-01-21,West,Office Supplies,564.42,119.88
2022-08-07,South,Technology,1877.22,448.37
2022-01-30,Central,Technology,1313.56,272.32
2023-12-24,Central,Furniture,1941.54,-136.37
2022-12-22,East,Office Supplies,1168.63,239.44
2021-03-13,East,Furniture,1645.96,-134.46
2021-10-01,South,Furniture,1629.95,-94.15
2021-12-04,West,Technology,687.91,52.41
2022-08-30,South,Technology,1928.76,174.47
2021-06-15,East,Technology,63.44,14.37
2021-01-11,South,Furniture,1542.05,264.94
2022-12-30,West,Furniture,1931.8,-74.71
2023-03-12,Central,Furniture,691.04,-6.59
2021-04-12,Central,Furniture,1303.26,18.6
2023-02-18,Central,Furniture,1133.2,-57.26
2021-08-02,Central,Furniture,1527.78,23.01
2022-02-05,East,Furniture,1735.03,332.15
2022-08-11,East,Furniture,1214.03,-4.18
2023-06-08,West,Office Supplies,1635.49,382.94
2023-12-06,West,Office Supplies,638.33,56.05
2022-08-15,West,Office Supplies,472.6,13.79
2021-04-02,West,Office Supplies,872.72,56.7
2022-11-04,South,Furniture,1361.92,250.32
2022-12-15,West,Furniture,390.75,41.7
2023-07-25,Central,Technology,1367.1,-132.73
2021-08-30,Central,Technology,800.31,215.23
2021-01-02,Central,Office Supplies,1595.24,-117.41
2021-08-13,South,Technology,92.93,25.6
2023-03-12,West,Office Supplies,1342.61,-119.14
2022-08-12,Central,Furniture,1306.65,272.3
2021-04-26,Central,Furniture,1883.05,214.42
2023-07-07,Central,Technology,1432.47,146.53
2021-07-13,Central,Furniture,1596.68,-113.19
2023-05-21,East,Furniture,1811.09,-8.15
2021-03-31,West,Office Supplies,1356.6,286.27
2021-05-02,West,Technology,594.5,152.49
2021-05-23,South,Furniture,1742.15,194.51
2023-09-21,East,Technology,1500.2,62.01
2021-04-16,South,Furniture,860.39,-65.41
2023-06-06,Central,Office Supplies,1426.85,246.66
2022-03-04,South,Furniture,1738.02,19.78
2021-11-13,Central,Technology,1951.79,-152.23
2022-09-27,Central,Technology,1905.66,316.99
2021-01-09,West,Office Supplies,664.15,62.62
2023-02-13,West,Furniture,854.95,-81.4
2021-08-11,West,Office Supplies,236.88,-13.18
2022-07-07,West,Technology,510.14,91.66
2022-12-17,West,Office Supplies,1767.19,-131.71
2021-04-21,East,Furniture,734.48,180.97
2021-09-08,West,Furniture,1248.69,30.63
2022-01-18,South,Office Supplies,1338.61,-86.39
2021-01-07,Central,Technology,1568.02,319.72
2022-04-04,West,Technology,381.94,41.93
2021-07-27,East,Office Supplies,623.53,14.13
2023-06-19,South,Furniture,907.71,56.68
2021-01-22,South,Furniture,742.39,-67.88
2022-02-14,Central,Furniture,1966.15,324.57
2023-06-14,South,Furniture,1673.18,77.48
2022-05-30,South,Technology,969.78,180.01
2023-03-20,South,Furniture,1760.95,266.38
2023-05-24,South,Office Supplies,708.35,113.69
2021-01-14,East,Office Supplies,1575.94,342.23
2023-08-29,Central,Office Supplies,462.88,70.57
2023-09-05,West,Office Supplies,1549.2,104.56
2023-10-11,South,Furniture,923.78,51.7
2023-11-02,East,Technology,232.85,-12.15
2021-03-28,Central,Furniture,561.06,118.82
2023-06-28,West,Technology,816.5,166.93
2021-05-02,Central,Furniture,1503.6,-2.23
2023-01-20,East,Technology,164.51,40.32
2022-11-16,East,Office Supplies,1325.9,179.79
2021-11-05,East,Office Supplies,1437.71,131.51
2022-11-26,South,Technology,1314.76,-122.27
2021-10-15,East,Technology,1526.13,81.03
2021-11-03,West,Technology,372.77,58.25
2023-07-03,South,Office Supplies,1182.46,-75.8
2022-10-24,Central,Office Supplies,1883.47,157.89
2022-07-03,West,Furniture,1229.35,365.58
2021-11-08,South,Technology,1230.45,229.62
2023-05-23,East,Technology,1478.15,175.53
2023-12-19,Central,Technology,679.74,76.96
2023-07-13,East,Office Supplies,1406.94,-116.06
2023-01-25,West,Technology,1834.14,518.93
2021-02-04,West,Technology,41.57,11.28
2022-03-21,South,Office Supplies,1742.82,301.44
2021-04-03,West,Technology,452.86,-27.35
2021-12-19,Central,Furniture,922.73,-15.56
2023-06-22,South,Office Supplies,1707.65,-45.14
2023-05-12,Central,Office Supplies,1651.35,178.07
2021-06-08,East,Office Supplies,1786.02,-30.15
2023-08-15,Central,Furniture,1882.03,335.6
2021-01-24,Central,Office Supplies,905.37,106.92
2022-02-08,West,Office Supplies,1319.6,-122.64
2023-03-16,East,Office Supplies,793.15,156.74
2022-05-31,West,Office Supplies,714.42,-17.48
2023-01-02,East,Furniture,874.56,201.11
2022-06-16,East,Technology,1491.29,62.66
2023-08-14,Central,Technology,1012.85,35.9
2021-06-01,West,Office Supplies,1631.84,-155.47
2023-08-05,Central,Furniture,1495.53,441.32
2022-08-31,Central,Office Supplies,60.55,8.77
2022-02-24,Central,Technology,1267.87,87.6
2023-05-16,East,Technology,884.41,-54.26
2022-08-01,West,Furniture,924.13,166.03
2021-12-01,West,Technology,1640.38,21.48
2023-07-21,Central,Office Supplies,1104.26,326.1
2021-10-22,East,Furniture,1773.53,496.98
2023-01-25,West,Technology,1431.36,277.85
2021-07-05,South,Office Supplies,1114.62,321.49
2022-09-29,West,Furniture,1513.99,-87.43
2022-06-14,Central,Office Supplies,95.93,1.15
2021-01-21,South,Technology,73.63,0.1
2023-06-30,East,Office Supplies,185.03,-13.17
2023-05-17,South,Furniture,886.38,256.07
2023-03-05,South,Office Supplies,486.19,-36.96
2021-04-10,Central,Technology,1968.84,477.79
2023-01-22,West,Furniture,1093.73,226.69
2022-04-23,East,Furniture,1331.58,67.04
2023-07-29,South,Technology,572.06,-52.9
2022-06-10,Central,Office Supplies,657.16,-64.11
2021-11-30,West,Office Supplies,684.21,-12.59
2021-01-02,South,Technology,1403.5,136.91
2022-01-10,Central,Furniture,957.94,79.67
2021-10-20,Central,Technology,1045.01,140.15
2023-04-17,Central,Furniture,1192.17,248.91
2023-10-02,East,Furniture,1542.25,78.57
2022-07-07,West,Office Supplies,198.93,-7.13
2021-11-14,South,Technology,1558.21,342.84
2022-01-16,West,Furniture,1135.21,37.55
2021-01-14,West,Office Supplies,1344.81,19.84
2022-05-19,South,Technology,668.55,137.54
2021-08-19,West,Technology,830.59,227.3
2021-05-10,East,Furniture,477.71,127.06
2023-04-18,South,Furniture,1959.01,-88.2
2023-06-10,South,Furniture,1004.07,101.68
2021-01-28,Central,Technology,1992.23,-125.22
2021-03-07,West,Furniture,989.78,281.48
2021-09-18,South,Technology,455.11,-6.33
2022-04-05,South,Office Supplies,1024.76,-21.55
2021-10-28,East,Technology,98.4,25.15
2023-07-08,Central,Furniture,1811.44,520.14
2021-10-14,South,Technology,1640.73,293.78
2023-10-31,East,Furniture,1457.12,-75.18
2022-09-22,South,Office Supplies,1227.46,115.8
2021-09-27,South,Furniture,1168.07,264.73
2022-08-15,South,Furniture,1993.52,257.15
2023-04-24,East,Furniture,570.43,-26.79
2023-05-12,West,Furniture,1563.78,-48.86
2021-05-13,South,Furniture,1171.18,287.71
2023-08-30,South,Furniture,1952.24,216.33
2022-05-28,West,Office Supplies,1659.05,302.5
2021-11-09,South,Office Supplies,1997.08,98.31
2022-07-30,Central,Technology,1184.88,133.88
2023-06-05,South,Furniture,425.0,123.61
2022-11-18,Central,Technology,1017.3,32.43
2021-06-14,West,Office Supplies,1428.0,242.64
2021-11-01,East,Office Supplies,1553.23,-48.15
2021-06-05,West,Furniture,21.01,-1.08
2022-09-12,South,Furniture,1019.95,217.71
2023-08-15,Central,Technology,485.76,115.44
2021-11-30,East,Office Supplies,1752.33,293.21
2023-08-27,South,Technology,322.75,-11.85
2022-05-26,East,Technology,1339.58,-5.04
2023-11-10,East,Technology,546.8,144.61
2021-10-09,South,Furniture,725.95,11.24
2023-03-08,West,Office Supplies,1882.31,428.31
2023-10-22,South,Technology,496.09,7.13
2021-04-29,South,Office Supplies,208.11,57.39
2023-11-25,West,Office Supplies,157.18,41.78
2021-07-17,Central,Technology,1019.14,-84.28
2022-04-30,South,Technology,1290.59,268.66
2023-12-19,East,Furniture,668.04,-21.52
2023-04-17,South,Office Supplies,1386.71,-19.26
2023-10-06,South,Technology,140.85,11.82
2022-11-22,East,Technology,1717.52,224.18
2023-11-02,West,Office Supplies,1636.8,49.63
2022-05-05,Central,Technology,1971.28,256.57
2021-10-03,Central,Office Supplies,1874.28,-59.48
2022-11-24,East,Technology,725.27,-66.05
2021-08-30,West,Office Supplies,810.57,104.15
2021-05-06,South,Technology,1497.01,160.13
2021-08-05,South,Technology,285.48,50.2
2023-11-29,South,Furniture,641.75,102.63
2022-05-10,South,Office Supplies,254.71,65.97
2022-03-03,South,Furniture,920.68,77.14
2023-07-08,East,Technology,1112.97,-107.57
2021-05-31,South,Office Supplies,438.1,66.71
2022-01-19,South,Office Supplies,72.73,12.37
2021-11-04,West,Technology,1444.32,156.85
2023-01-16,South,Technology,59.61,10.47
2023-06-11,Central,Technology,1947.34,57.32
2022-01-10,East,Technology,458.78,-18.57
2023-10-29,East,Office Supplies,1334.52,221.29
2021-05-09,East,Furniture,880.81,-1.7
2023-10-12,Central,Office Supplies,138.15,11.4
2022-10-31,South,Office Supplies,954.92,92.29
2022-06-01,East,Office Supplies,1043.19,94.8
2021-03-27,Central,Office Supplies,1712.27,238.66
2021-11-07,West,Technology,1470.05,-129.69
2022-03-03,South,Furniture,177.02,52.38
2021-04-24,Central,Office Supplies,434.14,80.98
2021-10-30,South,Office Supplies,637.54,44.73
2023-01-14,West,Furniture,250.49,-5.88
2022-08-11,Central,Technology,924.66,-62.81
2023-09-14,South,Office Supplies,1968.93,332.51
2021-12-11,Central,Technology,1038.93,27.82
2023-03-25,East,Office Supplies,1488.93,-12.22
2023-03-12,South,Office Supplies,1372.22,71.33
2023-10-22,Central,Furniture,1702.82,233.57
2023-12-13,East,Furniture,447.13,75.42
2023-12-29,West,Technology,1512.58,239.09
2021-12-27,South,Office Supplies,1765.08,432.99
2023-10-07,South,Technology,359.59,-4.49
2022-12-05,West,Furniture,706.67,109.32
2022-07-29,East,Furniture,1940.8,-115.58
2022-11-19,West,Furniture,1565.96,186.62
2023-02-20,South,Furniture,579.53,77.42
2022-08-08,Central,Furniture,1136.6,-15.35
2022-08-12,East,Technology,820.57,46.51
2022-05-04,East,Technology,990.13,228.6
2023-08-29,East,Furniture,723.23,-29.39
2022-05-09,West,Office Supplies,573.08,42.29
2021-01-19,West,Office Supplies,1356.03,370.32
2022-02-01,Central,Office Supplies,1561.51,158.72
2023-09-28,Central,Office Supplies,1750.44,332.68
2023-05-01,East,Office Supplies,327.55,75.58
2023-04-02,Central,Furniture,1649.25,-30.5
2022-03-31,West,Technology,524.51,-6.67
2022-12-26,Central,Furniture,866.13,176.2
2023-12-25,West,Office Supplies,1804.86,363.36
2022-12-12,Central,Office Supplies,919.92,-69.85
2021-05-23,South,Technology,410.19,11.9
2023-07-06,West,Furniture,336.54,19.99
2023-04-08,South,Technology,956.51,221.54
2022-08-28,West,Office Supplies,1530.09,105.19
2021-11-01,Central,Office Supplies,1994.47,539.25
2023-01-06,South,Technology,1579.07,471.58
2021-10-18,Central,Office Supplies,1756.48,372.88
2021-04-12,West,Furniture,1500.71,249.95
2023-05-17,South,Office Supplies,1792.96,101.77
2023-08-26,East,Office Supplies,171.06,-12.52
2023-09-01,Central,Furniture,1861.26,240.58
2023-04-22,West,Office Supplies,804.88,35.96
2023-08-20,South,Technology,1844.8,74.45
2023-07-31,Central,Technology,169.95,29.76
2023-10-24,South,Office Supplies,1436.18,122.73
2021-03-26,Central,Furniture,1476.66,296.57
2021-11-24,Central,Furniture,1993.88,118.18
2023-03-27,Central,Technology,1542.33,-61.16
2022-03-30,South,Office Supplies,777.5,65.73
2022-09-21,South,Furniture,1123.35,314.99
2022-10-27,Central,Furniture,745.77,164.52
2021-01-12,East,Technology,408.12,-7.22
2021-10-31,East,Technology,512.03,28.94
2023-09-02,East,Furniture,459.58,124.6
2023-02-22,West,Technology,1106.65,-55.91
2021-02-12,East,Furniture,1814.2,2.87
2023-08-02,South,Office Supplies,1827.2,8.93
2021-12-09,East,Technology,128.43,16.49
2022-05-13,South,Technology,178.2,11.46
2021-12-30,West,Office Supplies,505.34,-34.39
2023-06-10,South,Furniture,525.02,79.63
2022-03-03,South,Furniture,207.88,-12.55
2023-10-02,South,Technology,789.16,112.51
2021-01-21,East,Furniture,1183.7,121.69
2022-02-11,Central,Furniture,1164.76,113.53
2022-09-11,South,Office Supplies,1095.99,-80.01
2023-10-12,East,Office Supplies,690.57,107.51
2021-12-02,East,Office Supplies,1418.78,102.9
2022-02-03,East,Technology,1656.44,106.75
2023-03-04,Central,Office Supplies,705.62,97.79
2022-12-16,Central,Office Supplies,189.36,26.98
2021-02-20,Central,Furniture,606.73,-57.02
2021-11-20,Central,Office Supplies,291.99,-14.57
2023-02-28,West,Technology,945.37,-5.1
2021-05-21,Central,Office Supplies,328.75,56.28
2022-04-15,Central,Technology,936.43,122.39
2023-02-26,Central,Furniture,457.59,92.91
2023-08-22,South,Furniture,1482.69,290.97
2023-10-05,South,Office Supplies,74.59,18.0
2022-01-08,Central,Furniture,1118.4,56.73
2022-05-09,West,Office Supplies,355.59,13.52
2023-01-21,South,Furniture,21.96,5.1
2021-10-18,East,Technology,1741.02,-8.63
2021-04-16,South,Furniture,1349.63,114.0
2022-11-01,East,Office Supplies,215.91,-4.81
2021-01-02,South,Office Supplies,1334.86,354.45
2022-08-12,Central,Office Supplies,1231.06,77.71
2022-10-06,South,Technology,957.25,-14.36
2021-03-31,Central,Furniture,850.13,150.31
2021-12-16,Central,Office Supplies,1776.4,-3.81
2023-11-29,South,Technology,505.39,140.2
2023-06-28,East,Technology,808.65,38.04
2021-06-08,East,Technology,671.65,111.4
2023-08-17,South,Furniture,1546.98,58.94
2021-11-08,Central,Furniture,1834.6,408.93
2022-03-21,East,Furniture,1702.57,440.57
2021-10-25,West,Technology,1599.45,344.15
2023-08-10,Central,Furniture,1973.84,472.54
2021-02-05,South,Office Supplies,1400.35,-82.97
2022-07-13,Central,Technology,1507.09,406.35
2023-06-10,West,Furniture,1965.95,294.34
2021-05-21,West,Technology,33.84,8.38
2023-06-06,East,Technology,1275.42,221.64
2022-12-27,West,Furniture,1483.16,-28.57
2023-11-16,Central,Technology,1837.3,264.24
2022-06-05,East,Furniture,1770.01,-112.61
2021-01-10,West,Furniture,1687.08,300.79
2023-09-11,East,Furniture,1892.67,120.37
2022-01-13,East,Technology,1084.01,-42.61
2022-11-13,South,Technology,33.7,9.83
2022-08-07,East,Furniture,41.89,10.91
2021-06-01,East,Technology,1098.39,282.74
2022-12-21,West,Furniture,881.84,190.06
2023-12-09,Central,Office Supplies,913.47,161.49
2023-05-09,Central,Technology,812.8,131.7
2021-02-19,West,Technology,1837.1,-105.75
2022-10-26,Central,Office Supplies,731.16,190.27
2022-06-15,East,Office Supplies,1715.33,433.04
2023-12-20,South,Office Supplies,1807.67,359.98
2023-05-07,East,Furniture,1009.01,273.37
2021-05-26,East,Furniture,904.94,109.71
2023-07-04,South,Office Supplies,1526.82,120.71
2023-09-20,West,Furniture,1421.78,408.31
2021-08-30,East,Technology,670.5,57.43
2022-08-04,East,Office Supplies,223.05,34.91
2022-11-18,West,Technology,544.41,26.8
2022-04-28,East,Furniture,279.44,43.18
2022-11-04,East,Office Supplies,603.57,113.5
2022-09-23,Central,Furniture,538.41,80.69
2022-10-23,West,Technology,1282.67,135.74
2022-10-24,East,Furniture,1909.9,38.28
2023-03-16,East,Technology,1377.77,217.05
2022-02-23,South,Furniture,1854.77,488.49
2023-09-15,South,Technology,1572.58,-152.91
2022-10-12,South,Furniture,1461.2,-67.84
2023-08-27,East,Office Supplies,839.84,-43.75
2022-08-13,East,Office Supplies,663.09,178.56
2022-05-24,South,Furniture,1695.63,279.95
2022-03-17,Central,Technology,1812.68,508.85
2023-07-10,Central,Furniture,914.73,121.77
2023-02-09,Central,Office Supplies,37.94,3.21
2021-09-20,Central,Technology,1589.21,344.76
2022-09-29,West,Furniture,584.44,-20.82
2022-04-04,South,Furniture,39.58,2.08
2023-09-26,East,Technology,1613.88,139.62
2022-12-01,South,Furniture,1044.48,20.25
2021-10-29,Central,Office Supplies,1376.72,66.79
2022-07-08,East,Office Supplies,1831.09,-125.9
2021-10-15,West,Technology,1091.52,-22.71
2022-09-13,South,Furniture,1016.32,34.76
2023-10-03,East,Furniture,595.51,130.03
2021-02-05,East,Office Supplies,624.28,-16.86
2023-01-14,Central,Technology,1597.15,61.74
2021-12-19,Central,Technology,909.08,-67.3
2021-03-14,South,Technology,343.78,42.23
2022-10-10,West,Office Supplies,207.17,29.94
2023-12-30,East,Office Supplies,956.38,235.47
2022-03-01,Central,Technology,940.61,214.13
2023-09-26,South,Technology,1313.85,18.59
2022-12-09,Central,Furniture,952.71,-43.08
2022-07-15,South,Furniture,304.08,-11.42
2023-04-08,Central,Technology,1025.45,294.9
2023-08-14,West,Office Supplies,1815.44,307.34
2022-06-01,East,Office Supplies,335.69,-27.85
2022-03-04,Central,Furniture,1385.71,-62.76
2021-06-09,East,Technology,1195.84,112.79
2021-05-29,South,Office Supplies,1502.2,-25.34
2023-02-15,West,Office Supplies,318.19,70.47
2021-03-08,East,Office Supplies,1884.38,243.63
2023-10-11,Central,Office Supplies,1249.51,181.25
2022-01-16,East,Furniture,1697.2,144.48
2021-02-27,East,Office Supplies,508.28,1.23
2021-12-08,South,Office Supplies,1484.04,201.48
2022-12-28,West,Technology,1566.44,292.59
2023-02-09,West,Technology,806.92,39.04
2022-09-06,East,Furniture,780.23,79.57
2021-12-20,East,Furniture,1322.44,311.93
2021-04-26,South,Furniture,204.95,-8.31
2022-10-24,East,Furniture,1476.54,174.36
2022-03-29,South,Office Supplies,104.92,4.13
2021-10-14,West,Technology,397.37,71.97
2023-10-14,West,Office Supplies,1335.0,-123.46
2021-11-07,South,Office Supplies,214.68,36.11
2021-07-27,East,Office Supplies,1944.25,-114.4
2022-09-10,West,Technology,1739.42,-128.88
2022-03-22,Central,Furniture,1260.08,239.23
2022-11-01,South,Furniture,1641.73,256.33
2022-09-25,West,Technology,1777.41,458.53
2021-02-24,West,Technology,533.76,57.57
2023-07-01,West,Furniture,1701.83,190.62
2023-11-02,Central,Office Supplies,405.69,74.16
2022-10-19,Central,Furniture,838.42,24.62
2023-09-07,Central,Technology,1125.35,-95.92
2022-05-30,East,Furniture,1433.5,-11.44
2021-08-25,South,Furniture,79.68,-0.38
2021-12-14,East,Furniture,595.21,20.39
2022-09-19,Central,Technology,1224.87,339.76
2022-09-22,South,Technology,727.59,161.48
2021-12-30,East,Furniture,1554.55,426.54
2021-11-17,East,Furniture,1310.27,392.35
2021-10-13,East,Office Supplies,484.11,35.59
2021-05-29,Central,Office Supplies,308.94,-2.83
2022-02-10,West,Furniture,1265.51,156.93
2023-09-05,South,Technology,911.93,230.22
2022-04-01,Central,Office Supplies,354.53,30.59
2023-03-11,South,Furniture,666.22,68.06
2023-10-10,Central,Office Supplies,620.03,-28.66
2023-02-23,East,Office Supplies,234.1,15.96
2022-04-05,East,Office Supplies,1102.88,60.44
2023-01-08,West,Technology,1532.02,62.32
2022-05-24,West,Furniture,1159.42,295.56
2022-04-26,South,Technology,1656.06,-126.32
2021-04-24,West,Technology,272.59,78.74
2023-01-19,West,Office Supplies,882.51,-85.34
2021-12-27,South,Furniture,1226.64,341.3
2021-12-07,Central,Office Supplies,1358.48,161.96
2023-02-09,West,Technology,1397.66,252.95
2023-01-31,Central,Technology,1463.35,-36.8
2023-08-27,East,Furniture,1309.83,211.78
2022-03-25,West,Technology,206.57,52.22
2023-04-15,East,Technology,1396.71,-61.75
2021-11-07,East,Furniture,1455.07,-71.54
2021-09-19,Central,Office Supplies,1987.09,42.9
2022-02-10,South,Furniture,1392.86,-49.18
2021-05-23,West,Technology,1379.92,-76.92
2021-12-08,Central,Furniture,1039.33,178.07
2021-09-01,South,Office Supplies,1738.49,-25.15
2022-05-05,East,Technology,1993.73,332.57
2021-01-12,West,Office Supplies,1562.51,382.46
2022-07-15,East,Office Supplies,1232.75,198.24
2021-02-11,East,Furniture,176.33,-9.21
2022-11-09,West,Office Supplies,1458.94,188.83
2022-08-17,South,Furniture,1422.95,81.75
2021-05-14,South,Furniture,1555.62,58.1
2023-12-27,West,Office Supplies,266.62,7.31
2023-10-28,West,Furniture,1314.39,357.22
2023-08-06,Central,Furniture,605.53,119.29
2021-03-14,Central,Office Supplies,1525.34,-70.87
2022-02-03,East,Technology,495.94,44.83
2022-08-01,West,Furniture,1374.28,37.5
2023-05-09,South,Furniture,604.09,175.9
2021-05-10,East,Office Supplies,37.81,11.01
2023-07-20,East,Furniture,1274.05,35.44
2021-09-23,East,Office Supplies,244.27,9.98
2023-03-04,East,Technology,1325.4,185.25
2021-09-10,South,Technology,1852.71,169.94
2023-04-02,East,Office Supplies,1939.11,-28.62
2021-06-13,West,Technology,487.13,79.97
2021-04-05,Central,Office Supplies,1622.32,54.59
2023-04-13,South,Furniture,720.04,116.28
2021-12-02,West,Technology,1802.91,96.41
2023-04-02,West,Furniture,1579.23,284.39
2021-08-26,West,Furniture,166.36,27.8
2022-01-16,Central,Office Supplies,826.13,85.53
2023-06-18,Central,Technology,687.89,125.12
2022-04-28,Central,Technology,1574.66,132.88
2023-06-21,West,Furniture,832.37,-44.57
2023-11-15,Central,Furniture,1375.49,-37.35
2022-04-27,East,Office Supplies,1212.82,-1.94
2023-07-06,Central,Technology,1951.76,-145.81
2023-09-21,South,Office Supplies,1876.81,346.37
2023-08-22,West,Office Supplies,866.85,40.7
2022-06-21,West,Office Supplies,1452.68,-90.92
2023-11-02,East,Technology,1662.33,378.98
2021-05-08,Central,Office Supplies,1799.79,312.19
2021-04-02,Central,Technology,154.91,12.53
2022-06-27,South,Office Supplies,618.12,-0.64
2023-04-26,East,Furniture,654.06,-25.71
2023-09-16,South,Office Supplies,880.2,73.36
2022-03-23,South,Office Supplies,355.14,90.24
2022-01-25,West,Technology,1002.49,-24.7
2022-11-03,West,Furniture,1333.16,169.93
2021-02-12,Central,Furniture,1004.78,286.04
2021-09-11,Central,Technology,1338.27,207.23
2023-12-20,South,Technology,151.55,11.52
2022-10-25,Central,Furniture,1754.45,327.29
2022-04-12,South,Technology,1879.36,431.94
2021-10-14,Central,Furniture,1243.46,169.37
2023-10-08,Central,Office Supplies,1765.15,439.05
2023-02-17,West,Office Supplies,280.26,29.66
2021-12-11,West,Furniture,1598.95,370.97
2022-10-04,West,Furniture,255.91,71.86
2022-01-17,West,Office Supplies,827.86,83.2
2022-11-21,East,Office Supplies,661.16,93.89
2023-12-16,West,Furniture,1179.47,169.59
2022-04-02,East,Technology,617.0,131.16
2023-09-10,West,Technology,1281.88,293.79
2021-03-24,Central,Furniture,747.43,-66.6
2021-05-29,South,Technology,1724.36,333.39
2021-07-09,Central,Office Supplies,1275.09,272.26
2023-06-02,Central,Office Supplies,446.29,80.41
2021-09-20,East,Technology,685.54,127.15
2022-02-04,West,Furniture,1697.89,-141.67
2023-02-03,South,Office Supplies,785.23,60.32
2022-09-01,South,Office Supplies,1080.88,245.65
2023-02-24,West,Office Supplies,1304.91,357.03
2021-04-11,East,Technology,708.66,-5.82
2023-03-31,East,Furniture,602.08,79.28
2023-03-31,East,Technology,961.0,213.08
2022-02-24,South,Furniture,445.46,89.52
2021-05-04,East,Furniture,582.74,85.99
2022-02-26,East,Technology,142.92,-13.22
2023-12-23,South,Office Supplies,621.86,117.88
2023-02-07,South,Furniture,654.99,137.09
2022-04-28,Central,Technology,1924.43,363.99
2022-06-03,South,Office Supplies,1187.66,245.04
2021-06-04,West,Furniture,1579.02,114.27
2021-04-02,South,Furniture,109.85,32.68
2023-09-09,South,Office Supplies,230.94,48.11
2022-03-31,East,Furniture,1632.78,214.66
2022-08-21,Central,Technology,1254.63,343.36
2022-05-25,East,Furniture,398.14,104.82
2022-01-21,Central,Furniture,821.49,185.51
2022-02-09,East,Office Supplies,1086.57,136.34
2021-09-03,West,Technology,1690.35,187.36
2023-01-12,East,Office Supplies,139.62,4.4
2022-10-23,East,Technology,1201.51,0.42
2022-10-12,West,Office Supplies,1439.73,151.09
2023-06-20,West,Furniture,1956.23,256.49
2021-03-06,South,Technology,1618.18,-3.54
2023-11-03,East,Technology,566.93,152.53
2021-08-01,West,Furniture,1424.97,175.14
2021-08-30,West,Office Supplies,1531.29,169.36
2022-05-08,South,Technology,1464.88,108.78
2021-12-04,Central,Furniture,1643.89,-126.2
2021-06-22,West,Furniture,1809.39,457.7
2022-11-03,West,Technology,214.89,5.76
2021-06-13,East,Technology,227.43,35.7
2022-04-10,South,Technology,1596.87,228.31
2023-09-22,East,Furniture,519.7,69.53
2022-05-12,Central,Office Supplies,135.91,14.99
2022-12-01,South,Office Supplies,814.43,-22.33
2022-01-30,East,Technology,1643.36,20.12
2022-12-04,West,Furniture,270.6,29.68
2021-11-04,West,Furniture,1350.25,291.3
2021-07-02,South,Technology,27.16,1.98
2022-09-21,West,Furniture,237.28,-4.37
2022-05-25,East,Furniture,714.68,-46.33
2022-06-30,South,Furniture,185.53,30.65
2022-09-16,West,Technology,1694.89,117.52
2022-08-17,West,Technology,1730.86,-86.29
2023-01-14,Central,Technology,1516.03,257.4
2022-07-08,Central,Office Supplies,500.11,-8.49
2021-01-21,South,Office Supplies,1056.03,109.41
2022-07-08,Central,Technology,384.69,8.65
2022-02-01,East,Furniture,576.93,157.31
2022-09-17,West,Furniture,1041.69,-9.05
2021-04-15,West,Technology,1475.33,100.27
2021-07-11,West,Furniture,207.42,58.87
2021-01-17,South,Furniture,607.46,16.7
2022-01-28,South,Office Supplies,1854.71,292.74
2022-03-01,Central,Furniture,869.66,23.21
2021-05-09,West,Furniture,1878.96,-104.71
2022-07-26,West,Technology,1982.97,299.47
2021-01-29,West,Office Supplies,1062.79,283.14
2023-10-31,West,Office Supplies,590.33,47.83
2021-08-30,West,Furniture,1585.74,238.61
2021-08-20,East,Technology,335.44,48.16
2023-02-28,West,Office Supplies,519.05,34.28
2022-12-16,East,Office Supplies,1574.06,229.75
2023-01-29,West,Furniture,878.62,3.27
2023-03-13,South,Office Supplies,419.05,21.46
2023-02-15,South,Technology,1309.23,100.72
2022-12-27,East,Technology,1470.87,361.25
2021-07-19,West,Office Supplies,267.64,10.53
2023-08-03,South,Technology,568.42,87.57
2021-03-20,South,Technology,458.13,-6.71
2023-08-14,West,Furniture,772.11,0.79
2023-05-06,West,Office Supplies,1531.62,244.1
2022-04-12,South,Office Supplies,1433.14,293.68
2022-08-04,West,Furniture,1331.8,113.0
2023-07-29,Central,Furniture,32.45,1.1
2022-03-25,West,Furniture,301.44,79.61
2021-03-28,South,Furniture,462.13,-21.11
2021-04-11,South,Technology,558.47,105.15
2023-10-29,East,Technology,309.92,54.57
2023-04-25,Central,Furniture,832.42,146.59
2021-03-28,South,Office Supplies,168.86,46.3
2021-02-12,Central,Office Supplies,1505.04,287.88
2022-02-12,West,Office Supplies,1579.69,32.58
2022-10-26,South,Furniture,1157.05,47.86
2023-11-07,East,Technology,197.62,11.15
2021-05-28,South,Technology,1782.36,-156.27
2021-10-04,East,Technology,1931.96,512.75
2021-08-20,Central,Technology,420.68,-29.69
2022-01-01,East,Office Supplies,1415.19,254.62
2022-03-12,West,Office Supplies,1687.04,324.02
2022-02-03,West,Technology,1088.89,258.6
2022-05-14,West,Furniture,660.18,80.11
2022-06-24,South,Technology,967.55,183.94
2022-07-17,West,Technology,1034.29,21.81
2022-03-18,West,Furniture,813.26,161.22
2023-02-12,South,Technology,1861.09,69.54
2021-12-16,Central,Office Supplies,1492.89,389.85
2022-06-04,West,Furniture,497.78,-17.25
2021-05-18,West,Furniture,1179.4,31.02
2023-09-19,South,Technology,1383.6,137.68
2022-01-03,Central,Office Supplies,297.51,62.58
2021-12-26,Central,Office Supplies,729.68,145.59
2023-07-10,Central,Office Supplies,1812.99,-28.49
2021-11-25,South,Technology,1143.0,-48.36
2023-08-20,East,Technology,449.66,9.71
2022-04-08,East,Office Supplies,263.11,24.6
2023-08-04,West,Technology,1046.09,120.93
2023-08-21,West,Office Supplies,1104.42,79.14
2023-04-16,West,Technology,682.14,112.71
2021-06-18,East,Furniture,1268.22,90.07
2021-08-05,South,Furniture,156.0,43.45
2022-01-13,West,Technology,307.38,1.35
2021-04-29,South,Technology,1101.62,166.29
2021-07-09,West,Office Supplies,142.4,20.58
2023-02-06,South,Furniture,1764.2,22.28
2022-01-05,South,Office Supplies,301.45,19.5
2021-05-29,East,Technology,1354.36,62.56
2022-10-14,South,Office Supplies,794.58,-24.63
2023-02-09,Central,Office Supplies,811.58,73.79
2022-01-09,East,Technology,1534.48,83.88
2023-02-20,West,Furniture,1008.94,-28.93
2021-06-09,East,Office Supplies,1456.8,116.47
2021-12-17,Central,Technology,1020.28,70.13
2023-06-11,Central,Office Supplies,1193.95,-56.66
2022-06-07,South,Technology,1526.21,-72.53
2022-06-06,Central,Technology,1222.47,194.38
2023-02-22,Central,Technology,1238.92,226.27
2021-09-30,Central,Furniture,1582.65,437.56
2023-07-25,Central,Furniture,1899.19,-123.82
2021-07-02,West,Technology,765.9,-40.48
2022-05-03,West,Furniture,1162.69,-92.17
2023-04-26,East,Office Supplies,190.82,21.54
2021-05-04,South,Furniture,730.43,108.91
2023-09-12,West,Furniture,835.86,51.33
2023-03-01,Central,Office Supplies,1673.77,366.82
2022-02-18,South,Office Supplies,1036.52,181.06
2022-11-17,West,Office Supplies,1467.51,431.94
2021-04-23,East,Technology,57.63,-2.58
2023-06-07,Central,Office Supplies,939.7,-72.05
2021-05-02,South,Office Supplies,1804.61,17.9
2021-02-08,West,Office Supplies,464.14,-42.88
2022-05-12,South,Technology,82.41,22.5
2023-02-19,West,Furniture,878.15,18.95
2023-08-01,East,Technology,1414.78,171.15
2021-05-29,Central,Furniture,919.84,25.05
2023-10-19,East,Office Supplies,930.76,-1.56
2022-10-23,Central,Technology,1346.21,-52.58
2021-10-29,Central,Technology,523.69,14.74
2021-08-26,South,Furniture,1508.74,220.53
2022-10-09,West,Technology,323.16,93.28
2022-10-25,East,Technology,803.59,99.03
2021-08-24,East,Furniture,1318.9,149.15
2021-07-22,East,Technology,1660.17,-142.6
2021-09-13,South,Technology,1587.23,374.65
2022-08-21,South,Office Supplies,1448.94,-118.91
2022-10-24,South,Office Supplies,731.01,191.88
2021-08-23,Central,Office Supplies,262.16,30.27
2022-06-18,East,Office Supplies,449.33,-14.65
2023-05-10,Central,Office Supplies,1732.37,139.77
2023-02-09,East,Technology,1717.52,511.81
2022-06-25,East,Technology,1904.09,41.95
2021-08-01,West,Office Supplies,170.46,1.33
2022-04-08,East,Furniture,1082.88,-57.17
2022-03-12,South,Office Supplies,1304.39,181.12
2021-10-10,South,Technology,1427.1,-91.78
2021-03-29,South,Furniture,1294.85,267.26
2023-12-04,West,Office Supplies,1544.62,413.48
2022-04-06,West,Furniture,731.75,199.58
2021-10-05,Central,Office Supplies,375.28,-21.33
2022-02-25,East,Technology,425.08,52.41
2022-11-27,East,Office Supplies,43.72,-2.67
2022-05-30,South,Furniture,713.64,91.92
2022-12-04,South,Technology,201.65,45.57
2021-01-19,South,Office Supplies,656.55,75.58
2021-01-23,South,Office Supplies,1263.86,314.48
2022-02-17,South,Office Supplies,1791.07,395.23
2023-11-20,South,Office Supplies,1682.42,17.87
2021-04-18,East,Technology,520.29,79.11
2021-05-16,West,Technology,285.48,-27.7
2021-12-28,South,Office Supplies,402.28,23.5
2021-05-09,East,Technology,1942.55,-9.36
2022-05-30,South,Furniture,1107.96,304.52
2022-03-25,Central,Technology,381.35,23.7
2023-05-24,Central,Furniture,1684.68,272.29
2022-04-18,East,Furniture,802.48,154.71
2023-10-31,West,Technology,1800.46,376.81
2021-10-29,Central,Office Supplies,536.14,104.18
2021-08-19,Central,Technology,798.58,12.51
2023-07-12,West,Furniture,1019.8,177.88
2023-12-26,Central,Furniture,1787.38,213.78
2023-07-26,South,Technology,1740.14,241.79
2021-04-22,West,Furniture,1157.22,-115.34
2023-11-03,Central,Technology,459.12,1.52
2022-05-15,West,Technology,818.65,222.9
2023-07-21,South,Office Supplies,1951.75,31.29
2022-08-21,Central,Furniture,1223.39,92.01
2021-08-22,East,Technology,1566.57,-39.68
2022-08-25,Central,Furniture,910.73,-40.58
2021-11-10,Central,Technology,1073.37,-17.75
2022-07-20,South,Technology,869.33,105.59
2023-11-02,East,Office Supplies,1411.78,377.81
2021-07-28,East,Technology,1705.91,52.0
2023-11-04,East,Office Supplies,1024.58,30.08
2023-11-10,South,Furniture,972.12,122.15
2022-08-10,South,Office Supplies,693.77,29.62
2023-10-12,South,Office Supplies,370.65,97.91
2023-12-30,South,Furniture,1879.71,96.13
2022-11-29,South,Office Supplies,645.84,62.11
2021-05-12,East,Office Supplies,1605.37,181.98
2023-11-10,West,Technology,1436.39,305.7
2022-06-20,South,Office Supplies,1586.02,199.14
2023-10-11,West,Technology,1874.8,-8.13
2021-08-15,Central,Office Supplies,1254.27,-63.22
2023-04-02,Central,Furniture,1797.94,494.63
2023-05-21,South,Furniture,352.04,77.67
2022-02-09,Central,Office Supplies,1260.89,-114.51
2021-07-21,West,Technology,1549.11,354.14
2021-02-07,Central,Office Supplies,557.85,76.0
2023-07-31,Central,Technology,1486.69,159.9
2021-07-07,West,Office Supplies,1561.38,-148.5
2023-12-17,Central,Furniture,1665.75,353.71
2023-07-30,South,Furniture,639.51,-13.29
2023-11-10,West,Technology,1369.58,261.85
2021-09-30,West,Office Supplies,622.42,-58.29
2022-08-06,East,Technology,1483.3,324.16
2022-05-31,East,Furniture,936.69,-85.04
2022-06-10,West,Technology,1203.14,-6.79
2021-12-02,West,Office Supplies,843.36,6.17
2022-11-29,East,Technology,340.73,-12.61
2023-12-15,South,Office Supplies,372.5,34.43
2022-05-15,Central,Office Supplies,173.59,2.34
2023-06-19,Central,Furniture,1243.78,369.79
2023-02-05,Central,Office Supplies,1700.3,224.42
2022-06-20,West,Office Supplies,61.26,7.75
2021-06-11,South,Office Supplies,151.15,-1.76
2022-08-17,East,Technology,925.78,58.76
2021-06-08,South,Furniture,1480.69,-74.64
2021-03-01,South,Technology,332.26,68.12
2023-07-04,Central,Technology,557.87,18.11
2021-07-30,East,Furniture,479.37,96.25
2022-02-10,South,Technology,810.12,39.44
2022-10-26,East,Technology,465.5,137.56
2022-06-26,West,Office Supplies,718.15,-22.66
2023-09-25,Central,Technology,1462.51,-145.36
2023-07-16,East,Furniture,1229.8,169.63
2023-05-18,West,Technology,180.74,50.82
2021-01-19,West,Office Supplies,1282.74,203.73
2022-03-08,West,Technology,964.61,-63.39
2023-01-10,South,Furniture,1870.44,217.33
2021-07-02,South,Office Supplies,592.82,156.38
2021-04-23,Central,Technology,1457.81,-141.99
2022-04-26,Central,Furniture,1467.1,-48.76
2023-04-11,West,Furniture,458.57,103.56
2023-02-02,Central,Technology,1808.38,465.77
2022-04-21,South,Technology,992.54,181.5
2023-02-02,Central,Office Supplies,1364.19,404.65
2023-08-29,East,Technology,308.79,-19.74
2023-10-17,South,Office Supplies,530.45,62.74
2021-06-10,West,Technology,1180.49,205.4
2022-02-05,West,Furniture,651.67,117.99
2021-07-17,Central,Furniture,1009.39,219.44
2022-10-22,South,Furniture,760.53,203.1
2023-12-07,West,Furniture,1288.3,57.53
2022-02-03,West,Office Supplies,984.55,-81.54
2021-03-19,South,Furniture,29.13,1.31
2021-05-04,South,Office Supplies,1306.37,220.31
2021-03-16,West,Office Supplies,855.8,-12.51
2021-05-17,Central,Office Supplies,696.56,156.02
2022-08-25,Central,Technology,206.41,-2.5
2023-04-17,Central,Office Supplies,456.33,-43.8
2022-05-15,East,Technology,463.07,47.8
2021-05-18,South,Office Supplies,1872.03,356.78
2021-02-19,West,Technology,876.38,34.93
2023-08-31,East,Technology,103.29,20.61
2021-09-11,Central,Furniture,294.86,22.22
2022-12-11,East,Office Supplies,176.48,-5.53
2022-07-17,West,Technology,1185.96,-75.64
2023-01-27,West,Furniture,389.51,71.76
2022-07-01,South,Office Supplies,1007.14,54.67
2023-07-11,Central,Furniture,752.72,199.55
2022-08-04,Central,Technology,1611.68,187.12
2021-02-18,East,Furniture,654.57,25.77
2023-07-06,Central,Furniture,927.37,36.72
2022-12-05,East,Office Supplies,1448.15,-68.68
2021-09-18,West,Technology,878.04,120.74
2021-12-22,West,Office Supplies,1590.57,211.33
2022-09-30,West,Office Supplies,1330.14,292.63
2023-01-13,West,Furniture,832.85,-16.26
2023-10-07,West,Technology,1017.88,16.61
2023-07-20,East,Office Supplies,1935.06,-118.24
2022-10-03,West,Technology,1329.99,24.12
2023-03-03,East,Office Supplies,1811.89,129.08
2022-09-04,West,Furniture,373.94,106.8
2023-03-20,East,Office Supplies,976.81,157.49
2022-11-17,East,Office Supplies,1819.15,387.75
2021-07-07,East,Office Supplies,658.77,19.9
2023-09-12,Central,Technology,1935.98,-81.69
2022-07-02,East,Furniture,212.21,0.57
2022-12-26,East,Technology,1807.29,4.68
2023-07-15,West,Office Supplies,901.52,120.12
2023-05-26,East,Furniture,166.01,6.07
2022-09-10,East,Technology,1761.45,427.96
2022-02-18,South,Office Supplies,518.84,153.27
2023-06-22,Central,Furniture,64.06,2.39
2021-06-12,South,Furniture,288.9,52.59
2021-09-27,West,Office Supplies,1325.05,215.98
2022-09-24,Central,Furniture,1956.07,-43.45
2023-06-25,Central,Furniture,240.7,64.32
2021-07-24,South,Technology,934.66,-18.9
2022-08-05,Central,Furniture,377.66,73.56
2023-04-21,South,Technology,1495.17,58.38
2022-08-19,East,Technology,253.76,11.88
2021-09-07,South,Technology,494.89,40.67
2023-05-25,Central,Technology,408.88,100.5
2021-07-15,Central,Furniture,1113.99,-48.9
2022-11-21,West,Furniture,1748.9,-136.72
2023-12-30,West,Technology,1031.96,62.76
2022-10-01,West,Furniture,135.32,-10.52
2022-11-03,West,Technology,1135.51,198.76
2023-08-02,Central,Technology,1599.09,326.42
2021-07-18,West,Technology,281.67,68.13
2022-05-07,South,Office Supplies,163.97,32.39
2023-06-15,East,Furniture,391.86,104.45
2021-05-22,Central,Furniture,1497.25,298.43
2021-06-14,West,Technology,1191.53,326.99
2021-11-10,Central,Furniture,1090.38,-24.81
2021-01-21,West,Technology,513.97,51.37
2023-09-11,Central,Furniture,677.83,201.7
2021-11-01,West,Technology,1932.45,333.6
2022-01-06,East,Technology,496.44,124.83
2023-05-03,West,Office Supplies,1805.26,-158.58
2022-01-19,South,Technology,1169.45,290.85
2022-03-21,Central,Office Supplies,264.13,47.3
2022-03-01,Central,Furniture,945.28,-29.96
2021-06-10,South,Furniture,1898.13,-170.31
2022-09-21,South,Office Supplies,848.76,3.37
2023-06-14,East,Furniture,1729.51,460.58
2022-05-05,Central,Office Supplies,527.73,88.26
2023-10-14,East,Furniture,1150.43,308.07
2021-11-23,Central,Office Supplies,1690.83,132.66
2022-08-21,Central,Office Supplies,1842.96,506.17
2023-10-12,East,Technology,981.93,83.64
2021-10-16,Central,Furniture,1286.58,-23.54
2022-08-16,Central,Technology,25.9,-1.02
2022-07-27,East,Office Supplies,521.38,155.12
2021-01-28,West,Technology,571.85,19.18
2023-08-12,East,Office Supplies,205.12,-7.38
2021-02-12,Central,Furniture,573.8,-55.45
2022-02-27,South,Furniture,655.82,9.33
2021-06-26,West,Furniture,1938.16,495.48
2022-06-13,South,Office Supplies,1343.83,152.66
2023-08-24,West,Technology,863.49,132.09
2021-07-17,South,Furniture,1976.35,531.55
2022-09-02,West,Office Supplies,323.4,34.0
2023-04-22,East,Technology,962.58,226.51
2023-05-03,West,Office Supplies,1301.18,38.43
2021-01-22,West,Office Supplies,130.05,37.82
2023-12-17,West,Furniture,1439.66,-98.58
2023-12-26,Central,Office Supplies,217.74,41.36
2023-04-22,South,Office Supplies,297.76,48.9
2021-04-08,East,Technology,336.19,-7.84
2022-03-11,South,Furniture,1859.2,103.26
2022-09-29,South,Office Supplies,1372.81,34.5
2022-08-11,East,Office Supplies,1317.75,-81.97
2021-12-10,Central,Technology,1119.88,149.97
2022-07-25,West,Office Supplies,599.76,178.41
2022-09-03,Central,Office Supplies,1249.36,154.71
2021-08-31,Central,Office Supplies,832.1,98.27
2022-07-15,West,Office Supplies,307.92,-25.83
2023-08-18,South,Office Supplies,1385.4,-61.39
2021-02-01,West,Technology,276.57,29.12
2022-01-26,East,Office Supplies,397.52,116.9
2021-10-04,West,Office Supplies,1639.04,410.81
2022-06-16,South,Office Supplies,1327.03,47.88
2022-01-18,Central,Office Supplies,1269.36,148.77
2023-12-28,Central,Furniture,848.04,102.68
2023-06-03,West,Furniture,804.64,140.12
2021-08-02,East,Furniture,1386.72,242.83
2022-01-11,South,Furniture,1485.21,320.68
2023-01-14,Central,Technology,1030.22,-92.73
2021-08-01,West,Furniture,1939.15,538.06
2021-03-20,East,Technology,1912.29,-137.64
2022-09-20,East,Furniture,836.61,75.68
2022-08-27,Central,Technology,1644.83,440.54
2023-02-21,Central,Furniture,1095.67,104.16
2023-09-28,South,Office Supplies,1033.28,-77.03
2022-11-11,East,Furniture,128.83,-1.07
2021-02-27,South,Furniture,1156.47,152.04
2023-11-16,East,Furniture,1803.14,-116.94
2023-05-31,East,Office Supplies,1564.67,108.7
2022-03-23,West,Technology,1576.91,49.89
2021-03-07,Central,Technology,336.66,76.11
2023-12-04,East,Office Supplies,729.73,-40.83
2023-10-09,South,Furniture,481.75,83.4
2021-08-15,Central,Furniture,645.51,40.43
2023-02-13,South,Furniture,1167.49,157.73
2022-11-10,Central,Technology,742.27,-13.2
2022-08-24,Central,Technology,1130.18,162.61
2022-01-14,East,Office Supplies,888.23,150.64
2022-12-10,West,Office Supplies,587.5,-42.25
2021-11-03,East,Technology,208.9,47.99
2023-02-18,Central,Furniture,1785.84,436.64
2022-05-19,East,Furniture,42.52,-3.17
2021-09-25,East,Furniture,23.27,3.29
2021-01-08,Central,Furniture,1657.06,228.02
2022-05-23,Central,Office Supplies,1993.69,-189.43
2022-04-21,East,Office Supplies,1459.66,53.92
2021-06-13,East,Technology,50.24,14.45
2022-04-30,East,Office Supplies,468.85,57.28
2022-07-21,South,Furniture,1944.21,531.32
2023-06-24,East,Technology,1621.04,275.99
2022-07-13,South,Office Supplies,1142.26,-101.25
2021-08-26,West,Office Supplies,488.98,-33.7
2022-07-08,South,Office Supplies,48.45,9.15
2023-04-08,East,Office Supplies,61.31,7.47
2022-04-13,West,Office Supplies,1231.72,-60.53
2022-01-21,South,Furniture,63.23,9.21
2023-02-14,South,Furniture,1987.39,445.4
2023-04-28,Central,Furniture,383.1,77.08
2022-01-22,West,Office Supplies,1427.2,-2.19
2023-05-27,Central,Technology,327.02,1.07
2021-09-16,West,Furniture,1089.38,312.8
2021-10-10,South,Furniture,179.61,45.79
2021-02-09,Central,Office Supplies,1538.22,42.05
2022-05-01,East,Technology,1178.14,270.53
2023-07-18,South,Furniture,190.61,-6.73
2021-08-08,West,Furniture,1700.2,-36.15
2023-10-12,West,Technology,1103.1,-30.36
2023-10-21,Central,Office Supplies,1844.75,-119.75
2022-09-05,Central,Technology,1834.91,443.81
2023-07-17,West,Office Supplies,1842.61,242.35
2022-11-19,South,Furniture,174.01,0.62
2022-09-05,Central,Technology,259.5,62.14
2021-09-17,East,Technology,1975.66,436.74
2023-09-17,West,Furniture,985.45,-58.75
2023-08-24,East,Furniture,491.66,77.51
2022-01-01,West,Office Supplies,1543.94,291.39
2022-06-28,East,Furniture,543.28,101.23
2022-10-11,South,Furniture,1459.89,276.29
2023-03-25,West,Technology,1677.83,-54.05
2023-11-06,South,Office Supplies,1572.84,40.95
2022-07-29,Central,Furniture,562.61,133.72
2023-10-10,West,Technology,815.2,211.43
2022-11-01,South,Furniture,838.24,9.79
2021-09-26,East,Furniture,992.72,-90.13
2023-07-13,South,Furniture,351.4,85.71
2021-09-04,West,Furniture,915.89,46.56
2021-05-11,South,Office Supplies,1031.35,32.78
2021-12-19,East,Technology,1072.78,41.62
2021-07-15,East,Technology,1643.4,108.92
2023-07-19,East,Furniture,1044.32,53.58
2023-10-19,Central,Technology,476.95,60.37
2022-10-07,West,Furniture,1332.99,-91.21
2021-08-15,East,Technology,1598.68,461.4
2022-12-02,Central,Office Supplies,652.36,179.13
2021-09-22,East,Office Supplies,1297.71,355.26
2022-10-08,South,Technology,310.94,78.27
2021-07-30,West,Furniture,697.01,114.4
2023-08-01,South,Furniture,1820.26,-21.04
2022-04-02,Central,Furniture,1824.39,-146.33
2022-12-26,South,Furniture,1159.14,-69.86
2023-09-09,South,Office Supplies,1410.66,41.75
2022-08-11,East,Furniture,1710.95,173.75
2022-04-21,South,Furniture,1917.94,570.21
2023-09-13,East,Furniture,989.98,73.43
2021-06-05,East,Furniture,1131.92,124.35
2021-07-09,West,Office Supplies,842.97,150.1
2023-09-08,Central,Technology,162.52,-4.5
2022-06-30,Central,Technology,857.15,234.11
2021-02-10,Central,Furniture,1585.44,176.96
2021-11-03,East,Furniture,1613.67,16.95
2023-08-01,Central,Technology,1786.91,489.69
2021-12-04,East,Office Supplies,121.9,18.31
2023-08-11,West,Office Supplies,1063.77,99.44
2021-10-06,Central,Office Supplies,232.7,30.73
2023-06-15,East,Office Supplies,417.47,83.21
2021-09-30,Central,Office Supplies,1802.43,-68.83
2023-04-17,Central,Office Supplies,1003.65,246.83
2022-09-12,West,Office Supplies,1521.92,431.93
2023-05-12,South,Office Supplies,147.48,18.7
2023-07-20,Central,Office Supplies,845.32,146.16
2021-10-16,West,Furniture,1355.0,330.53
2022-12-25,Central,Office Supplies,284.14,14.19
2023-06-12,Central,Furniture,665.12,197.63
2021-09-29,Central,Technology,147.8,25.45
2023-12-26,Central,Furniture,1309.65,91.15
2022-04-28,South,Technology,1942.36,332.02
2023-07-25,South,Furniture,1657.55,180.13
2021-09-05,Central,Technology,1949.75,-107.91
2021-06-05,Central,Furniture,1694.3,369.94
2023-12-07,West,Furniture,1713.29,215.45
2022-03-30,West,Technology,1162.81,253.89
2021-07-20,East,Office Supplies,1046.14,-39.79
2021-05-04,South,Office Supplies,824.38,95.09
2021-01-01,Central,Office Supplies,1639.83,338.87
2023-08-26,South,Office Supplies,380.49,112.37
2023-05-05,West,Office Supplies,131.33,33.33
2022-10-02,South,Furniture,1896.83,466.13
2021-07-10,South,Office Supplies,27.48,-0.03
2022-05-31,Central,Furniture,1954.12,459.6
2022-03-18,Central,Technology,1463.13,-47.24
2021-05-23,West,Office Supplies,670.43,-13.92
2022-06-17,Central,Office Supplies,1401.68,-78.43
2021-08-15,West,Office Supplies,1639.39,398.44
2023-08-07,West,Office Supplies,505.82,-28.68
2022-04-05,East,Furniture,1546.37,-69.21
2022-07-05,East,Furniture,1612.65,-2.65
2022-01-28,East,Furniture,513.72,66.3
2023-04-25,South,Technology,103.01,25.97
2021-07-29,East,Furniture,424.16,28.54
2022-10-08,Central,Office Supplies,417.28,49.45
2021-08-07,Central,Technology,149.18,-4.98
2022-02-11,East,Technology,1457.49,9.3
2023-06-07,South,Office Supplies,772.35,-35.86
2022-07-12,West,Office Supplies,1771.08,113.29
2022-07-04,South,Office Supplies,519.3,70.69
2021-05-22,South,Office Supplies,917.4,12.48
2022-09-04,West,Furniture,1285.25,306.4
2022-05-16,West,Technology,1757.38,514.03
2023-04-20,West,Office Supplies,1058.75,-54.99
2022-12-03,Central,Furniture,759.58,-70.53
2022-08-19,West,Office Supplies,1736.69,374.97
2021-10-08,West,Furniture,634.29,-15.06
2022-02-28,South,Office Supplies,177.26,7.31
2023-05-06,South,Office Supplies,901.18,51.99
2021-09-27,East,Office Supplies,1574.48,419.82
2021-06-03,South,Furniture,80.95,13.24
2022-09-06,West,Office Supplies,1180.05,-98.84
2022-10-24,Central,Furniture,1197.04,-112.61
2021-03-24,South,Furniture,1858.51,-37.49
2023-08-05,South,Technology,587.2,16.01
2023-06-18,West,Furniture,572.1,53.67
2021-10-11,South,Furniture,892.16,209.78
2023-09-07,South,Furniture,726.69,18.84
2021-06-22,West,Furniture,1477.96,74.81
2023-12-23,South,Furniture,1290.67,40.96
2023-02-02,Central,Technology,1522.66,-146.81
2022-09-25,East,Office Supplies,1643.68,463.65
2023-02-26,South,Technology,1847.5,-82.03
2023-08-01,Central,Technology,873.25,13.16
2023-10-09,South,Office Supplies,1969.7,-95.09
2022-02-02,East,Furniture,447.01,43.01
2023-07-23,West,Office Supplies,1434.44,391.41
2022-11-07,East,Furniture,1077.34,-64.34
2023-07-25,South,Office Supplies,1637.46,125.03
2022-04-10,East,Technology,964.01,-87.77
2021-10-13,East,Furniture,1572.2,327.58
2021-09-22,West,Technology,1861.73,291.34
2021-11-16,South,Furniture,1469.94,264.41
2022-11-04,East,Office Supplies,1556.67,138.44
2023-03-31,East,Office Supplies,153.01,40.25
2021-03-30,West,Office Supplies,425.82,27.18
2023-04-01,Central,Office Supplies,1949.12,205.89
2023-09-28,South,Office Supplies,1392.51,248.03
2021-11-30,Central,Technology,1131.67,122.47
2021-08-10,Central,Technology,746.61,-18.12
2021-02-10,West,Furniture,107.89,2.89
2021-03-09,West,Technology,750.89,-47.37
2023-09-15,South,Furniture,1007.85,73.62
2022-05-29,Central,Furniture,438.69,63.06
2022-11-26,East,Technology,362.81,-19.08
2023-11-06,Central,Technology,1026.66,156.29
2022-04-22,West,Furniture,1180.09,303.46
2023-12-22,East,Technology,495.04,17.37
2023-05-31,East,Technology,1183.03,-13.23
2022-03-08,West,Technology,1802.67,463.65
2021-09-25,East,Office Supplies,956.88,169.16
2023-11-25,Central,Office Supplies,1717.63,-99.35
2023-02-18,West,Furniture,1856.0,117.38
2022-05-09,South,Technology,202.94,34.43
2022-10-23,West,Furniture,209.71,27.21
2023-10-10,South,Technology,962.57,141.9
2023-11-25,South,Office Supplies,1184.44,150.25
2023-09-04,West,Technology,863.25,189.25
2022-04-27,West,Technology,666.37,18.77
2022-12-29,South,Technology,1289.17,236.41
2022-04-25,South,Office Supplies,24.12,7.15
2023-12-25,East,Office Supplies,1936.79,108.43
2023-10-29,West,Office Supplies,479.52,103.78
2021-12-09,West,Furniture,1835.86,-2.86
2021-11-28,East,Technology,235.85,3.01
2022-03-14,West,Office Supplies,491.41,134.62
2021-06-23,East,Furniture,485.05,-43.47
2022-07-13,East,Office Supplies,1992.38,-25.96
2022-06-11,West,Technology,29.11,2.71
2022-10-21,Central,Furniture,1286.48,78.14
2021-01-26,South,Office Supplies,1741.98,264.2
2023-03-31,West,Office Supplies,1351.1,-30.96
2022-08-28,Central,Furniture,738.21,-52.99
2022-02-10,East,Furniture,1917.45,91.53
2021-08-20,Central,Furniture,1789.17,196.35
2022-06-17,West,Furniture,879.23,109.73
2022-05-20,West,Furniture,1155.19,162.42
2021-06-28,Central,Office Supplies,1935.69,231.25
2021-05-12,West,Furniture,1965.47,-3.34
2021-12-14,South,Furniture,910.65,187.43
2022-06-24,Central,Technology,1697.75,-110.16
2023-02-11,East,Office Supplies,617.92,-12.77
2021-03-17,Central,Technology,756.19,148.03
2022-08-02,Central,Office Supplies,346.35,4.12
2023-05-04,Central,Office Supplies,434.19,42.29
2021-07-13,Central,Office Supplies,1320.61,40.78
2021-12-13,East,Furniture,1031.35,106.02
2023-08-09,East,Technology,477.64,18.47
2021-08-02,East,Office Supplies,817.76,243.43
2022-07-27,Central,Office Supplies,758.9,32.63
2023-02-19,South,Office Supplies,1974.97,297.86
2021-09-19,South,Technology,1710.06,436.64
2022-12-31,East,Office Supplies,788.17,122.3
2021-10-10,South,Technology,1829.55,231.15
2021-12-28,South,Technology,698.42,89.18
2022-03-17,South,Furniture,1342.44,132.34
2021-04-03,South,Office Supplies,1933.97,431.34
2023-01-23,South,Office Supplies,792.75,-63.29
2023-05-17,West,Technology,1366.17,347.08
2021-05-22,East,Technology,605.93,81.51
2023-01-19,Central,Furniture,547.3,131.11
2022-10-15,South,Office Supplies,1156.83,-110.87
2022-12-02,West,Technology,1958.94,485.25
2023-09-25,Central,Office Supplies,917.21,-47.64
2021-02-18,West,Office Supplies,1876.52,353.7
2023-05-31,South,Office Supplies,1830.44,121.92
2022-07-09,South,Technology,522.45,90.09
2022-02-08,South,Office Supplies,815.6,123.38
2023-06-11,South,Technology,1293.74,-44.82
2023-05-15,Central,Furniture,1045.73,110.69
2022-08-25,Central,Furniture,210.0,2.29
2021-12-07,West,Technology,1987.52,246.8
2022-12-05,East,Office Supplies,1510.25,294.8
2021-11-14,South,Furniture,886.63,-59.84
2022-09-10,West,Furniture,1243.97,132.24
2022-01-17,West,Technology,193.39,28.44
2021-08-21,West,Technology,1000.7,18.16
2023-03-28,South,Technology,1863.05,523.89
2022-07-07,South,Technology,1795.27,194.11
2023-05-06,West,Technology,688.01,-18.57
2023-03-30,South,Technology,1072.11,-60.99
2021-07-02,West,Technology,1400.82,163.43
2023-12-01,Central,Office Supplies,693.22,34.73
2022-02-01,South,Office Supplies,148.46,-3.41
2023-02-18,Central,Office Supplies,1020.77,-89.54
2023-06-26,East,Office Supplies,1211.24,153.39
2021-05-07,South,Furniture,31.57,4.4
2021-01-01,East,Office Supplies,209.24,-9.06
2021-01-19,West,Furniture,430.44,60.56
2022-08-07,South,Furniture,709.14,199.12
2022-04-01,South,Furniture,1091.28,317.91
2023-08-15,South,Technology,601.81,153.7
2022-03-21,East,Furniture,566.84,126.31
2022-08-25,East,Furniture,1741.31,-28.3
2021-04-13,West,Furniture,307.2,-11.5
2023-09-15,Central,Technology,1001.01,78.06
2022-06-04,Central,Office Supplies,1906.59,281.89
2023-05-09,East,Office Supplies,1257.53,302.15
2021-06-23,South,Furniture,1440.07,-10.39
2023-10-02,Central,Furniture,873.85,80.27
2022-03-07,Central,Office Supplies,59.47,9.45
2022-12-28,East,Office Supplies,1299.34,101.66
2023-04-30,West,Office Supplies,1271.21,103.83
2023-09-17,East,Office Supplies,238.65,-2.38
2022-10-01,East,Furniture,935.08,275.53
2022-02-24,South,Furniture,1832.35,165.05
2022-08-17,East,Furniture,426.07,48.19
2022-04-30,South,Office Supplies,932.98,-11.73
2022-02-16,West,Technology,932.98,98.57
2023-07-25,South,Office Supplies,1625.31,3.48
2021-11-28,West,Office Supplies,1652.66,-31.51
2022-10-17,West,Technology,1523.35,15.67
2021-02-10,West,Technology,743.6,-73.54
2023-08-17,East,Office Supplies,162.63,20.83
2021-04-15,South,Technology,711.98,39.15
2021-07-21,Central,Technology,1365.99,354.44
2022-03-26,East,Technology,1411.44,-118.16
2023-06-29,West,Office Supplies,1930.7,-159.71
2021-07-29,Central,Office Supplies,918.21,233.55
2022-07-17,East,Technology,1272.22,-62.77
2022-12-14,Central,Furniture,1087.6,-107.82
2023-02-10,West,Technology,318.22,-9.05
2022-03-30,Central,Technology,933.18,214.21
2022-10-29,Central,Office Supplies,1098.77,242.92
2022-09-21,West,Furniture,1902.48,68.59
2022-01-22,Central,Technology,745.75,124.7
2021-10-23,East,Furniture,1960.6,201.75
2021-09-15,Central,Office Supplies,1093.75,286.45
2021-09-25,South,Furniture,500.09,-38.72
2022-02-23,East,Office Supplies,399.5,90.0
2021-08-23,Central,Technology,300.56,-9.55
2023-09-13,South,Office Supplies,916.81,51.94
2022-07-28,South,Furniture,63.41,-1.47
2021-02-18,South,Furniture,901.19,163.16
2021-08-11,Central,Furniture,1977.04,338.73
2023-07-10,West,Technology,1346.81,160.48
2021-10-04,South,Furniture,1524.38,273.27
2022-02-24,West,Furniture,255.63,39.83
2022-09-03,East,Furniture,956.74,201.47
2022-01-10,West,Office Supplies,586.72,-2.49
2021-03-14,West,Furniture,1790.31,128.12
2023-11-20,West,Office Supplies,378.96,-14.91
2021-07-14,West,Furniture,928.29,66.69
2023-04-27,West,Office Supplies,1184.33,213.98
2023-12-01,East,Office Supplies,1037.8,183.23
2023-12-23,East,Technology,1663.88,305.77
2021-01-23,West,Technology,478.28,11.24
2021-12-26,West,Office Supplies,767.23,126.51
2022-07-14,South,Office Supplies,1588.33,74.63
2022-11-03,East,Technology,1065.58,296.01
2022-11-10,Central,Office Supplies,816.19,30.48
2022-03-16,East,Technology,78.3,11.06
2023-07-22,Central,Technology,1511.7,302.43
2021-01-07,South,Furniture,1944.92,510.66
2022-02-25,West,Furniture,1248.17,93.83
2023-04-13,South,Technology,1715.95,75.83
2022-07-13,West,Technology,1043.41,75.14
2023-07-03,East,Office Supplies,478.73,14.11
2023-10-04,West,Technology,48.6,7.85
2021-05-06,Central,Technology,1313.73,358.76
2022-01-30,Central,Furniture,996.36,-49.39
2023-03-28,South,Technology,1568.55,195.08
2023-05-31,East,Office Supplies,1395.47,361.51
2022-07-30,Central,Technology,1976.15,-118.48
2021-11-21,South,Furniture,1030.42,100.51
2023-07-19,East,Furniture,865.81,213.07
2023-04-13,East,Furniture,587.74,152.92
2023-11-21,South,Furniture,964.19,101.95
2023-04-17,Central,Technology,1748.29,-157.38
2023-07-15,Central,Office Supplies,104.03,-6.01
2022-03-19,South,Office Supplies,1956.24,263.48
2021-03-16,Central,Office Supplies,1986.75,-100.24
2022-07-11,South,Technology,1203.69,-48.43
2021-12-29,Central,Technology,676.46,141.28
2022-03-24,Central,Technology,461.64,92.46
2021-09-19,South,Office Supplies,567.45,134.55
2021-05-05,South,Technology,119.21,-6.88
2023-06-30,Central,Technology,960.72,-19.93
2021-09-02,South,Furniture,133.5,31.13
2022-06-26,Central,Furniture,1442.58,271.83
2022-04-30,West,Office Supplies,756.42,168.21
2021-05-02,East,Furniture,414.74,122.72
2021-05-05,East,Furniture,1098.81,270.06
2021-06-19,Central,Furniture,1948.04,210.75
2021-05-04,East,Technology,1396.36,33.94
2023-11-25,Central,Furniture,993.66,127.06
2022-10-08,South,Furniture,1558.29,242.21
2023-02-25,West,Furniture,1480.2,50.51
2021-07-20,East,Technology,1785.64,372.08
2022-01-04,East,Office Supplies,425.24,-26.75
2023-03-08,South,Technology,1720.58,364.35
2021-03-18,West,Technology,616.03,-53.72
2021-02-28,West,Furniture,1883.18,186.79
2022-03-07,West,Office Supplies,576.51,141.0
2022-09-30,South,Furniture,1855.16,-121.33
2021-04-19,East,Furniture,1928.31,206.51
2023-10-05,East,Office Supplies,308.07,-11.17
2021-03-09,West,Office Supplies,1949.51,502.83
2023-12-29,South,Technology,189.73,44.2
2021-11-01,South,Office Supplies,452.76,123.86
2022-11-05,South,Technology,899.45,224.86
2021-12-31,West,Technology,1987.32,386.77
2023-04-01,South,Furniture,987.35,-25.71
2021-12-09,West,Furniture,1109.81,23.31
2023-08-05,West,Furniture,1394.96,137.74
2023-06-18,West,Office Supplies,1937.22,262.61
2023-02-01,Central,Office Supplies,1571.04,334.43
2021-12-07,West,Technology,463.82,-4.27
2023-07-31,South,Technology,619.92,-30.18
2022-01-18,Central,Technology,213.3,19.85
2023-10-01,East,Office Supplies,1296.02,-47.78
2021-10-27,East,Technology,377.87,67.07
2021-05-19,South,Technology,529.66,68.99
2021-12-25,South,Office Supplies,1778.47,349.37
2023-04-16,South,Furniture,666.98,-49.77
2022-04-28,South,Office Supplies,1141.96,326.46
2023-06-28,Central,Technology,807.18,-80.72
2023-05-16,South,Furniture,166.58,5.03
2021-05-19,West,Office Supplies,738.47,126.91
2023-09-23,East,Furniture,827.98,-67.85
2022-03-11,South,Furniture,1793.49,-119.55
2022-05-24,West,Technology,662.41,-45.92
2021-09-30,South,Office Supplies,770.9,102.22
2021-04-14,West,Technology,1570.14,405.68
2023-02-01,Central,Office Supplies,1522.73,186.04
2023-02-26,East,Office Supplies,1600.6,226.37
2021-06-14,East,Office Supplies,1908.47,73.29
2023-09-26,Central,Furniture,1595.2,-147.56
2022-06-04,West,Furniture,827.06,-75.56
2022-06-01,South,Technology,1646.59,420.41
2022-10-19,West,Office Supplies,1027.18,-60.57
2022-09-05,East,Office Supplies,569.87,170.91
2021-06-13,Central,Furniture,619.78,-21.22
2021-03-05,Central,Office Supplies,463.21,78.68
2021-09-24,West,Technology,307.09,85.86
2021-09-03,West,Office Supplies,385.29,17.31
2022-01-30,Central,Office Supplies,145.09,28.11
2022-04-21,East,Furniture,1779.13,71.77
2023-09-04,South,Office Supplies,1863.4,40.95
2023-11-10,South,Technology,1181.81,-22.78
2022-07-12,West,Technology,1684.17,384.62
2023-10-15,Central,Technology,383.47,1.13
2023-06-02,Central,Technology,1805.31,23.94
2021-05-27,Central,Furniture,1022.6,306.36
2022-10-28,East,Office Supplies,152.99,4.73
2022-09-12,West,Furniture,299.8,20.72
2023-03-31,West,Technology,631.77,187.02
2023-05-14,West,Office Supplies,106.24,5.07
2022-08-05,East,Furniture,632.4,29.38
2023-10-20,West,Office Supplies,138.66,32.04
2022-11-26,South,Technology,487.33,12.07
2022-02-11,West,Technology,546.03,-3.54
2022-02-03,West,Office Supplies,1988.85,137.8
2022-12-16,West,Office Supplies,486.38,87.67
2022-12-05,East,Technology,493.59,-40.82
2023-01-31,South,Furniture,1379.84,68.39
2022-05-14,South,Technology,1721.53,66.28
2023-09-01,Central,Office Supplies,786.37,-1.63
2021-03-23,Central,Furniture,1753.72,283.6
2022-08-27,South,Technology,693.48,11.09
2023-02-11,West,Office Supplies,410.09,58.52
2023-06-22,West,Office Supplies,672.68,68.43
2021-12-31,West,Office Supplies,1226.53,-16.1
2021-06-12,East,Furniture,746.94,4.95
2023-12-08,West,Furniture,1352.33,-42.95
2022-05-26,East,Furniture,489.13,-37.83
2021-04-26,South,Furniture,1407.97,207.92
2023-07-30,West,Office Supplies,707.93,119.72
2021-12-03,West,Office Supplies,922.62,-31.0
2023-05-31,Central,Furniture,1124.34,164.33
2023-01-07,South,Furniture,1378.73,403.74
2023-04-20,West,Office Supplies,492.65,-34.6
2021-05-27,East,Technology,1675.17,161.06
2022-03-19,South,Technology,1449.25,280.02
2023-04-17,Central,Office Supplies,483.51,-39.45
2023-11-03,South,Furniture,1950.45,412.15
2023-08-01,East,Furniture,1336.3,389.94
2021-10-14,Central,Office Supplies,915.81,-59.17
2022-12-21,East,Technology,331.9,75.97
2022-04-25,South,Office Supplies,1075.78,55.33
2021-01-22,Central,Office Supplies,346.26,-14.67
2022-11-14,East,Office Supplies,870.39,84.67
2023-06-25,South,Furniture,829.25,-59.2
2021-11-16,East,Furniture,1445.48,157.33
2021-05-06,West,Furniture,400.92,-36.99
2021-10-04,South,Technology,1647.31,315.37
2021-07-13,Central,Office Supplies,665.74,63.37
2022-11-27,Central,Office Supplies,899.1,75.14
2021-02-26,West,Technology,1549.24,-33.34
2021-01-19,East,Furniture,1258.28,56.0
2021-09-21,East,Office Supplies,629.89,-17.17
2023-03-05,Central,Technology,784.68,152.35
2021-04-23,East,Furniture,625.46,-12.75
2022-06-26,South,Furniture,1197.64,175.7
2022-10-09,South,Office Supplies,678.6,8.04
2022-08-02,Central,Furniture,1456.88,237.17
2023-12-25,South,Technology,1167.98,135.7
2021-01-25,Central,Furniture,308.5,21.4
2021-01-01,East,Office Supplies,634.33,107.33
2023-06-30,East,Technology,458.47,30.39
2021-05-21,East,Furniture,792.82,181.2
2022-10-10,West,Furniture,1041.65,199.83
2021-07-07,Central,Furniture,1023.39,118.97
2021-07-20,South,Technology,1513.96,379.74
2021-09-14,East,Furniture,394.56,91.36
2022-07-01,West,Office Supplies,1894.02,213.52
2021-07-13,South,Technology,698.83,-50.75
2022-12-04,South,Technology,614.49,77.67
2023-03-13,South,Furniture,1376.65,57.96
2023-07-31,East,Technology,1614.92,187.4
2022-02-18,South,Office Supplies,769.37,122.22
2023-06-29,Central,Technology,1498.76,236.71
2021-07-07,West,Office Supplies,1769.8,299.82
2021-02-14,South,Furniture,1538.27,264.13
2021-03-24,South,Technology,87.71,-4.94
2021-12-24,Central,Office Supplies,1658.19,-38.66
2023-12-26,South,Furniture,1553.47,236.46
2023-07-25,East,Office Supplies,1345.19,85.11
2022-01-10,East,Technology,1524.84,312.81
2021-06-11,East,Technology,1959.26,-98.03
2021-11-18,South,Office Supplies,873.6,-20.43
2022-03-26,West,Furniture,153.1,18.89
2023-11-03,West,Furniture,932.56,93.54
2021-07-03,South,Furniture,111.94,0.73
2021-04-21,West,Furniture,602.62,38.17
2022-05-23,West,Office Supplies,1182.02,-101.66
2021-10-22,South,Technology,633.05,-53.93
2023-06-23,East,Office Supplies,1377.08,-85.42
2023-09-01,South,Technology,1647.53,215.36
2022-09-24,East,Technology,852.47,209.27
2023-11-17,East,Office Supplies,1802.27,7.37
2023-01-03,West,Office Supplies,178.08,-15.39
2021-11-17,West,Furniture,1683.42,308.82
2023-07-02,East,Technology,1660.57,402.09
2022-03-13,East,Furniture,657.55,-29.41
2023-02-20,West,Furniture,611.46,33.2
2023-12-13,Central,Office Supplies,624.09,-22.78
2022-12-27,East,Furniture,1626.56,-93.46
2021-01-31,East,Furniture,1666.67,265.45
2021-12-03,East,Furniture,672.85,193.12
2021-07-02,West,Office Supplies,1193.33,204.38
2023-11-13,South,Furniture,295.09,86.73
2022-06-28,East,Furniture,948.18,69.94
2023-10-31,East,Office Supplies,1997.61,517.68
2022-10-22,East,Office Supplies,334.5,-6.01
2021-06-09,South,Office Supplies,1896.17,-100.19
2023-11-04,South,Technology,1652.02,299.03
2022-02-16,East,Office Supplies,1944.99,94.46
2023-10-09,East,Technology,375.57,10.17
2021-02-22,Central,Office Supplies,442.77,74.61
2022-02-12,South,Office Supplies,53.4,1.78
2023-04-27,Central,Office Supplies,1454.91,187.72
2023-11-12,East,Technology,1295.31,25.62
2023-11-20,East,Furniture,372.57,79.54
2022-12-04,East,Office Supplies,1586.47,39.59
2021-09-17,East,Technology,612.41,69.81
2023-12-19,West,Office Supplies,287.29,-26.07
2023-02-15,West,Furniture,856.67,185.63
2023-11-02,West,Technology,200.12,29.64
2023-04-30,Central,Office Supplies,541.22,-12.5
2021-12-20,South,Office Supplies,755.24,-10.46
2023-05-23,East,Office Supplies,1706.69,8.53
2023-09-18,South,Furniture,1589.25,207.58
2023-10-15,West,Technology,896.65,106.99
2021-10-21,East,Office Supplies,1454.66,13.89
2021-07-28,East,Office Supplies,1145.93,203.55
2023-03-29,Central,Technology,694.87,177.62
2022-01-25,South,Furniture,1457.23,-120.36
2021-11-21,Central,Furniture,1373.33,91.85
2023-07-29,West,Furniture,1245.81,171.18
2023-06-08,South,Furniture,1243.55,167.35
2022-10-30,West,Furniture,1372.3,-126.51
2022-09-25,Central,Office Supplies,781.4,-12.33
2022-07-31,Central,Office Supplies,1740.77,-131.02
2021-05-17,East,Office Supplies,341.37,43.55
2022-03-04,South,Technology,1770.09,279.95
2022-09-04,South,Furniture,697.72,-25.19
2023-06-30,East,Technology,267.56,8.88
2023-03-30,South,Furniture,1208.05,38.56
2021-05-21,West,Furniture,764.45,174.23
2021-06-26,West,Technology,1634.69,-36.19
2021-07-17,Central,Office Supplies,872.96,104.17
2022-09-16,West,Technology,1343.75,286.45
2022-11-22,South,Office Supplies,630.35,146.13
2022-02-05,East,Furniture,434.72,72.44
2022-04-16,Central,Office Supplies,788.34,15.62
2021-08-06,East,Furniture,1221.48,279.99
2023-07-18,Central,Furniture,1320.75,260.01
2022-09-24,Central,Office Supplies,1164.85,211.76
2023-08-09,East,Furniture,1976.35,-144.4
2023-06-25,West,Office Supplies,1388.36,-114.81
2021-06-24,West,Technology,1864.41,332.14
2021-01-23,West,Furniture,253.51,70.45
2021-08-23,West,Furniture,141.52,29.65
2023-11-03,East,Technology,635.77,147.87
2023-07-18,South,Furniture,290.45,34.27
2022-06-07,Central,Technology,1061.22,23.17
2022-03-07,East,Technology,1047.58,179.24
2023-03-04,West,Furniture,1158.59,214.09
2022-06-17,West,Technology,1495.55,254.46
2023-09-06,East,Technology,1943.23,541.55
2023-03-21,Central,Technology,1758.95,82.44
2023-07-02,East,Furniture,254.37,-21.4
2023-05-21,East,Technology,690.26,181.8
2022-06-24,South,Office Supplies,526.53,-18.85
2023-10-21,East,Office Supplies,370.1,66.22
2021-08-15,South,Technology,1098.56,273.85
2023-05-23,Central,Office Supplies,1115.46,26.83
2023-06-11,East,Furniture,469.94,109.1
2023-11-03,East,Technology,1429.56,46.92
2021-07-29,West,Furniture,1471.17,320.28
2023-01-11,East,Office Supplies,61.54,-4.44
2022-02-01,West,Office Supplies,803.6,130.26
2021-01-31,West,Office Supplies,1782.48,304.55
2023-06-17,West,Office Supplies,1050.23,101.42
2022-10-11,Central,Furniture,708.3,123.84
2021-11-25,South,Technology,522.28,140.64
2023-08-10,West,Furniture,501.84,97.13
2022-09-13,East,Technology,217.54,61.89
2021-06-11,East,Office Supplies,1638.11,130.14
2023-02-15,West,Office Supplies,191.58,21.33
2021-10-01,West,Office Supplies,598.74,3.29
2023-10-24,East,Office Supplies,110.44,32.5
2023-11-18,West,Furniture,1567.15,-122.15
2021-11-22,South,Technology,97.78,4.25
2023-07-29,South,Technology,630.44,12.03
2022-06-24,Central,Office Supplies,1155.13,63.08
2022-05-03,West,Furniture,830.93,221.93
2023-04-02,Central,Office Supplies,578.9,27.33
2023-12-25,Central,Technology,564.87,150.7
2021-12-22,Central,Technology,1599.62,110.91
2021-08-23,West,Furniture,1948.48,471.35
2021-08-15,Central,Technology,709.12,77.08
2021-02-18,South,Furniture,97.51,2.39
2021-04-28,Central,Office Supplies,92.4,7.37
2021-02-23,South,Office Supplies,1523.24,106.25
2022-07-19,South,Furniture,1113.69,4.42
2023-12-04,West,Office Supplies,1571.51,24.92
2021-02-22,Central,Furniture,1401.04,-35.61
2022-07-12,West,Office Supplies,1816.86,62.5
2023-05-18,South,Office Supplies,1773.93,265.67
2022-02-02,East,Technology,1580.89,86.35
2022-11-06,Central,Technology,960.87,177.69
2022-01-22,West,Furniture,630.09,185.75
2021-04-21,East,Office Supplies,1023.91,52.06
2022-09-06,Central,Office Supplies,1014.1,86.25
2021-01-17,Central,Office Supplies,1228.35,-42.2
2023-06-03,West,Technology,388.47,22.1
2022-06-25,East,Furniture,1318.13,251.41
2021-06-20,West,Furniture,924.07,-12.05
2022-02-13,Central,Furniture,1248.01,-33.92
2023-01-10,Central,Office Supplies,494.42,24.99
2023-05-08,South,Furniture,880.1,200.19
2021-08-18,Central,Technology,436.2,65.2
2021-04-29,Central,Technology,1753.1,496.18
2023-02-23,East,Furniture,986.16,258.19
2022-04-10,East,Office Supplies,465.46,-18.41
2021-04-14,South,Technology,101.59,-8.43
2022-11-29,South,Technology,1357.96,80.99
2021-06-24,South,Office Supplies,445.0,48.43
2023-01-15,West,Office Supplies,1979.37,210.27
2022-10-27,West,Furniture,1076.73,-49.91
2021-02-02,South,Technology,592.17,-29.65
2021-02-24,West,Technology,1322.2,-107.44
2022-06-03,Central,Furniture,564.94,135.78
2023-01-26,South,Furniture,1644.14,458.88
2021-01-12,South,Technology,630.31,-33.86
2022-12-21,West,Technology,1976.73,-29.16
2022-07-09,East,Office Supplies,1218.19,-78.03
2022-01-08,South,Office Supplies,1691.93,424.68
2022-04-29,West,Technology,164.17,46.54
2023-08-31,West,Technology,709.63,3.35
2022-09-15,East,Office Supplies,1480.22,31.73
2021-11-03,South,Furniture,1317.02,59.36
2022-04-02,East,Furniture,404.6,40.86
2021-06-09,Central,Technology,725.28,125.46
2021-11-27,East,Technology,541.62,55.11
2023-02-15,East,Office Supplies,1234.47,346.15
2021-08-13,West,Technology,702.25,-42.16
2023-09-10,East,Furniture,631.93,138.67
2022-12-30,Central,Office Supplies,430.61,14.55
2023-12-05,West,Office Supplies,829.87,42.34
2023-12-19,Central,Furniture,407.1,74.72
2022-10-06,East,Furniture,1925.89,523.36
2022-09-08,Central,Office Supplies,325.91,60.78
2021-07-14,Central,Technology,1828.34,384.58
2022-05-04,East,Furniture,868.38,173.95
2021-06-06,East,Office Supplies,768.17,21.81
2022-09-02,West,Technology,478.01,96.93
2022-02-16,West,Technology,1278.8,273.42
2022-04-16,South,Office Supplies,1377.35,156.14
2022-05-31,West,Furniture,945.79,108.48
2022-01-28,East,Technology,130.3,26.57
2022-09-23,Central,Furniture,1838.65,417.03
2022-08-31,Central,Office Supplies,1961.05,68.4
2023-09-07,West,Furniture,873.47,192.71
2022-03-10,West,Technology,1235.05,278.73
2022-06-24,East,Office Supplies,911.59,-5.79
2021-10-05,Central,Technology,657.32,122.77
2021-08-21,South,Technology,173.09,-4.39
2021-12-28,South,Office Supplies,923.01,-57.95
2021-01-26,West,Office Supplies,1640.4,212.95
2023-11-15,South,Furniture,53.72,14.15
2022-05-22,East,Office Supplies,1172.57,-100.63
2021-09-24,South,Furniture,1763.93,406.76
2022-04-06,West,Office Supplies,450.75,46.24
2022-04-01,East,Technology,382.85,93.55
2023-12-28,Central,Furniture,1549.11,367.74
2023-10-04,East,Office Supplies,525.07,131.33
2023-05-13,West,Furniture,400.13,83.05
2022-05-06,West,Furniture,768.42,182.27
2023-12-09,South,Furniture,797.15,-23.59
2022-07-18,South,Technology,1750.72,37.71
2021-08-04,Central,Office Supplies,1244.52,-3.74
2022-07-13,Central,Office Supplies,823.8,162.26
2021-06-08,West,Furniture,1078.09,-41.55
2022-05-04,West,Office Supplies,1908.85,-51.75
2022-11-17,West,Technology,244.17,61.43
2023-03-05,Central,Furniture,431.28,78.65
2021-01-05,West,Technology,1925.81,481.75
2021-12-27,Central,Technology,1915.5,-84.78
2022-04-04,West,Office Supplies,370.79,22.1
2021-09-05,East,Office Supplies,307.32,4.08
2023-08-04,East,Furniture,853.75,-82.07
2022-02-26,West,Technology,118.44,1.64
2021-01-15,East,Office Supplies,1316.71,68.25
2023-01-06,Central,Furniture,173.44,-10.95
2021-10-04,South,Furniture,134.9,17.08
2022-03-29,East,Office Supplies,980.67,52.24
2022-08-21,South,Technology,1916.42,-156.03
2022-03-22,East,Furniture,865.06,157.09
2021-07-29,Central,Office Supplies,725.83,139.15
2022-12-15,East,Furniture,1995.95,466.63
2021-10-29,East,Office Supplies,1073.3,101.12
2021-01-03,West,Furniture,762.98,219.33
2023-09-17,South,Technology,784.0,208.25
2022-06-04,South,Furniture,406.02,48.94
2022-05-08,Central,Office Supplies,1034.2,80.65
2022-09-12,Central,Office Supplies,888.93,-87.81
2021-11-27,South,Office Supplies,556.17,102.56
2021-11-29,West,Technology,337.87,42.57
2021-02-19,West,Office Supplies,636.25,174.98
2023-05-13,South,Office Supplies,1027.19,141.44
2021-09-29,East,Technology,135.5,40.26
2022-08-03,South,Office Supplies,324.41,78.35
2022-07-14,East,Office Supplies,1896.36,533.71
2022-11-27,South,Technology,1094.85,34.01
2022-03-22,East,Furniture,145.63,-5.86
2023-10-14,West,Office Supplies,1392.31,304.57
2021-12-23,South,Furniture,142.37,30.54
2021-10-01,Central,Technology,1482.97,-22.87
2023-11-09,East,Office Supplies,1504.93,309.86
2021-11-07,West,Office Supplies,1309.14,173.84
2023-05-20,Central,Technology,1469.76,-82.59
2023-06-05,West,Office Supplies,194.17,19.56
2021-06-03,East,Furniture,1459.03,397.52
2022-09-12,South,Furniture,290.64,29.81
2023-06-02,West,Technology,692.22,149.16
2023-03-08,South,Office Supplies,1886.64,-166.85
2021-05-05,South,Office Supplies,1015.69,194.23
2022-09-11,West,Technology,1935.5,539.49
2021-09-02,West,Furniture,196.07,19.57
2023-04-28,West,Furniture,965.56,33.88
2022-03-26,South,Technology,143.56,22.78
2023-07-19,Central,Office Supplies,1267.82,337.88
2022-06-04,East,Furniture,175.84,-5.15
2021-12-28,Central,Office Supplies,367.23,22.58
2021-01-08,South,Furniture,532.48,-19.96
2022-04-23,West,Office Supplies,1502.51,148.24
2022-05-10,West,Furniture,344.64,40.04
2023-04-13,East,Office Supplies,1696.33,471.04
2023-11-29,East,Technology,281.17,18.28
2022-08-16,Central,Furniture,89.78,11.38
2021-07-06,Central,Technology,802.19,203.84
2023-01-24,East,Furniture,1959.29,55.96
2021-04-03,South,Furniture,238.48,40.46
2021-03-27,Central,Furniture,221.4,44.91
2023-12-04,West,Office Supplies,1507.31,48.55
2021-05-17,West,Furniture,638.08,-21.86
2022-02-25,South,Technology,1440.22,145.7
2021-03-15,East,Office Supplies,416.02,17.77
2021-06-20,Central,Office Supplies,930.94,6.13
2021-06-19,West,Furniture,545.27,157.78
2023-05-22,East,Office Supplies,914.03,92.19
2021-11-18,Central,Furniture,1542.81,374.27
2022-04-01,South,Technology,1528.78,-33.44
2023-08-02,West,Office Supplies,1041.23,287.15
2023-03-01,South,Office Supplies,1858.18,404.66
2022-09-05,South,Technology,542.29,121.19
2023-06-08,South,Technology,495.82,27.72
2021-12-15,Central,Furniture,1235.34,116.44
2021-01-10,South,Office Supplies,1250.17,171.7
2023-01-10,Central,Technology,112.15,24.21
2022-10-29,Central,Office Supplies,1223.4,293.15
2022-06-30,South,Technology,761.38,-52.37
2021-05-09,South,Office Supplies,1499.94,392.42
2022-08-24,East,Technology,1620.05,445.51
2022-08-28,West,Office Supplies,1113.26,152.69
2021-11-23,East,Furniture,23.38,-0.59
2023-09-07,West,Office Supplies,1280.0,291.03
2022-02-08,West,Furniture,1502.78,179.48
2022-09-21,East,Furniture,512.99,116.39
2022-12-19,East,Furniture,940.0,212.37
2023-11-07,West,Office Supplies,1932.14,-126.18
2021-10-01,West,Office Supplies,610.27,87.15
2022-11-16,West,Furniture,461.84,43.07
2021-04-26,Central,Technology,437.49,121.82
2023-05-11,West,Office Supplies,1126.43,21.02
2022-11-24,South,Office Supplies,1900.58,-33.45
2021-11-20,South,Office Supplies,1225.21,317.13
2023-08-19,South,Office Supplies,620.58,-25.14
2021-04-24,East,Furniture,1284.37,224.26
2023-12-18,East,Technology,1257.19,25.15
2021-06-03,East,Technology,1201.91,152.81
2021-11-11,West,Technology,335.66,49.17
2023-12-01,South,Technology,1276.44,85.45
2021-04-15,West,Furniture,871.73,252.79
2021-12-20,Central,Office Supplies,56.81,-2.69
2023-10-13,Central,Office Supplies,1088.73,61.58
2023-01-03,East,Furniture,1978.75,142.78
2022-12-10,Central,Office Supplies,712.48,108.6
2022-10-13,South,Furniture,1931.81,121.52
2023-04-04,Central,Technology,210.49,-12.88
2023-08-05,East,Furniture,1470.25,410.16
2022-10-23,West,Office Supplies,246.37,16.37
2021-04-09,Central,Office Supplies,561.67,20.82
2022-08-11,South,Office Supplies,1150.26,90.51
2021-10-09,South,Technology,1193.7,-15.95
2022-02-07,South,Furniture,1554.92,-93.16
2022-12-01,West,Furniture,1238.32,-50.24
2021-07-18,South,Office Supplies,1195.36,-39.85
2021-11-23,East,Furniture,1826.46,-38.23
2021-06-03,East,Office Supplies,915.28,62.22
2022-07-06,South,Furniture,466.03,69.7
2022-02-09,Central,Technology,340.34,51.58
2022-04-07,South,Technology,811.99,-81.17
2021-05-12,East,Furniture,1431.25,384.12
2023-03-02,East,Technology,104.24,23.89
2023-05-24,East,Technology,275.53,78.68
2021-03-25,Central,Technology,230.1,10.12
2023-01-24,Central,Office Supplies,1178.8,195.59
2022-09-20,Central,Furniture,500.87,-16.42
2021-08-09,East,Furniture,349.19,79.2
2022-07-07,West,Office Supplies,1193.69,-42.32
2021-04-22,South,Office Supplies,1527.39,46.42
2022-09-07,South,Technology,677.67,65.28
2023-07-13,East,Furniture,1164.85,160.53
2022-04-20,Central,Office Supplies,214.29,26.54
2023-04-16,West,Technology,1871.68,-110.73
2021-09-28,West,Furniture,687.05,47.18
2022-02-25,Central,Technology,1995.06,537.0
2022-12-08,South,Furniture,1957.6,487.34
2021-02-09,South,Technology,1562.07,212.93
2021-07-08,West,Furniture,59.73,7.7
2023-09-21,West,Furniture,1096.08,-60.65
2022-06-20,Central,Furniture,191.94,-3.82
2023-10-25,South,Furniture,1792.37,1.89
2021-10-17,West,Technology,1583.48,150.87
2022-03-09,South,Office Supplies,1945.23,374.54
2022-04-16,West,Furniture,1224.6,103.22
2022-09-20,Central,Furniture,1053.9,-52.25
2021-10-06,South,Furniture,1047.57,79.34
2023-05-27,West,Furniture,785.17,-27.44
2022-08-04,West,Technology,948.01,190.04
2023-05-13,West,Office Supplies,1278.12,-42.69
2021-09-11,West,Office Supplies,1867.24,173.68
2021-06-30,Central,Office Supplies,1199.85,212.81
2022-11-12,South,Technology,1717.09,-14.97
2023-04-05,South,Office Supplies,1728.3,-120.27
2022-12-01,East,Technology,1047.29,131.25
2022-07-20,South,Technology,707.99,-55.45
2022-11-11,East,Furniture,1286.36,173.8
2022-01-26,West,Technology,902.84,181.83
2021-07-31,Central,Office Supplies,181.25,5.75
2022-01-19,Central,Office Supplies,768.06,73.23
2021-12-08,West,Office Supplies,1988.26,539.82
2023-04-24,East,Furniture,116.05,10.26
2023-11-28,West,Furniture,1399.4,417.89
2022-02-24,Central,Furniture,1685.55,-62.7
2023-01-21,Central,Technology,1304.48,239.47
2021-11-02,South,Office Supplies,1148.1,184.9
2022-12-03,East,Technology,1420.96,353.71
2023-05-19,South,Technology,870.1,-54.84
2022-06-21,Central,Office Supplies,200.9,2.43
2021-07-25,Central,Furniture,1925.5,-90.75
2022-05-11,South,Office Supplies,875.96,239.35
2023-12-07,South,Technology,1337.47,94.5
2022-05-19,Central,Technology,1071.99,283.03
2023-11-12,South,Furniture,128.25,2.28
2021-08-01,South,Technology,1906.44,-94.28
2021-11-06,East,Technology,1589.22,29.58
2022-10-23,Central,Office Supplies,315.21,43.77
2023-01-23,West,Furniture,1963.66,467.53
2021-09-29,East,Office Supplies,1479.06,80.1
2023-07-27,West,Office Supplies,955.2,254.01
2021-02-01,South,Office Supplies,1230.51,-2.84
2022-03-19,South,Technology,231.34,41.04
2021-06-11,West,Technology,1129.61,219.47
2023-02-06,South,Furniture,165.85,1.59
2021-09-11,South,Technology,1098.81,-98.03
2022-06-05,East,Furniture,1114.34,51.37
2023-09-04,West,Office Supplies,1751.39,-143.48
2021-01-10,East,Office Supplies,1455.61,378.9
2022-12-27,West,Technology,514.11,144.68
2022-05-20,East,Technology,1779.08,345.41
2023-02-24,Central,Furniture,1155.02,220.23
2022-03-12,Central,Technology,1220.63,-4.45
2021-06-02,West,Technology,354.58,-24.97
2023-07-06,Central,Technology,1718.39,379.49
2023-05-19,East,Office Supplies,1863.31,230.43
2023-01-23,West,Technology,1554.48,268.38
2022-07-17,Central,Technology,1882.69,398.86
2022-05-04,Central,Office Supplies,618.55,39.45
2023-06-14,West,Office Supplies,1725.02,-72.76
2021-04-14,Central,Office Supplies,988.01,215.4
2023-10-22,Central,Office Supplies,344.56,28.08
2023-10-04,West,Technology,1344.23,310.21
2022-02-11,Central,Technology,1374.56,103.2
2021-06-16,Central,Technology,588.11,-7.76
2022-05-24,Central,Furniture,74.44,-2.35
2021-11-09,Central,Office Supplies,415.7,82.13
2023-02-02,South,Technology,811.56,105.47
2022-11-12,West,Technology,351.77,21.75
2022-04-22,South,Technology,404.18,39.14
2021-03-14,South,Office Supplies,794.95,95.28
2022-08-05,East,Office Supplies,1924.34,-8.15
2021-09-19,South,Office Supplies,1533.2,78.6
2021-09-02,South,Technology,653.1,11.08
2022-07-15,East,Office Supplies,1904.18,105.43
2021-06-24,Central,Technology,1298.38,130.13
2021-04-19,Central,Furniture,921.79,-28.26
2021-07-02,South,Office Supplies,947.23,54.38
2021-07-11,East,Office Supplies,833.27,45.16
2021-03-06,Central,Technology,481.32,6.93
2023-08-21,East,Office Supplies,785.53,235.19
2023-05-14,West,Office Supplies,1065.23,-75.15
2022-01-04,West,Technology,1065.49,167.47
2023-05-01,West,Technology,1528.24,-46.19
2021-02-12,West,Technology,730.42,172.24
2022-05-03,South,Furniture,1439.26,382.38
2021-03-19,West,Technology,1164.62,70.57
2023-04-06,West,Office Supplies,1924.45,441.45
2022-11-05,East,Furniture,782.86,-0.03
2022-12-02,Central,Technology,1804.41,-79.34
2023-01-29,East,Furniture,1644.87,43.34
2022-12-29,South,Furniture,1282.58,47.03
2023-07-14,West,Office Supplies,1315.94,77.57
2023-06-21,Central,Furniture,187.61,9.23
2023-06-08,Central,Technology,1901.44,122.56
2023-09-20,West,Furniture,231.73,42.64
2021-12-05,West,Furniture,1135.2,-2.01
2021-07-12,South,Office Supplies,673.54,-62.35
2021-10-10,South,Office Supplies,871.11,83.52
2022-01-25,West,Technology,1228.16,97.41
2023-09-27,West,Office Supplies,1819.53,-138.24
2022-06-09,West,Technology,925.98,-43.04
2022-10-21,West,Technology,1975.7,205.41
2022-12-17,Central,Office Supplies,1193.77,-7.28
2023-06-10,South,Furniture,337.9,84.83
2022-03-28,West,Office Supplies,396.22,-12.16
2022-03-04,West,Furniture,1437.9,-132.22
2023-11-12,Central,Furniture,119.79,9.47
2023-06-02,East,Technology,971.08,285.95
2021-11-09,West,Technology,313.47,48.13
2023-04-20,Central,Office Supplies,877.77,36.53
2022-06-03,Central,Furniture,1504.84,-140.33
2022-01-10,East,Office Supplies,928.45,87.26
2022-03-27,South,Technology,343.63,-5.98
2023-10-12,South,Furniture,518.81,82.54
2022-08-18,South,Office Supplies,747.73,99.6
2022-05-15,West,Office Supplies,157.73,0.96
2022-04-09,South,Technology,1176.99,-85.27
2021-04-23,West,Technology,1222.92,247.04
2023-11-02,West,Technology,143.06,19.2
2021-11-27,Central,Technology,816.58,193.41
2021-05-20,South,Office Supplies,839.72,3.29
2023-06-21,South,Technology,680.96,109.73
2022-06-01,South,Technology,1124.32,-59.06
2022-07-23,West,Office Supplies,705.0,11.79
2023-04-26,West,Office Supplies,844.49,137.33
2023-12-29,South,Furniture,1599.1,368.16
2021-04-28,West,Office Supplies,340.98,9.67
2023-06-07,West,Furniture,1245.85,273.52
2023-12-19,East,Technology,1021.08,174.71
2023-11-23,East,Furniture,624.04,24.63
2021-02-19,South,Furniture,1460.52,365.95
2021-01-19,South,Technology,1111.35,115.24
2022-12-27,East,Technology,965.18,153.75
2021-07-16,West,Technology,1341.99,131.85
2022-07-13,West,Furniture,1608.53,130.43
2022-03-28,Central,Office Supplies,1945.88,465.44
2021-10-16,South,Office Supplies,1266.11,22.64
2022-01-26,South,Office Supplies,1751.39,-149.48
2021-08-03,South,Technology,22.16,5.58
2021-08-03,Central,Technology,1069.87,246.08
2021-05-08,Central,Office Supplies,445.0,20.75
2023-01-30,West,Technology,206.5,-5.33
2022-02-08,East,Furniture,1073.3,182.69
2023-11-19,East,Furniture,1498.72,-102.66
2021-12-04,East,Technology,836.3,58.12
2023-04-11,West,Office Supplies,1346.81,-88.42
2022-12-15,East,Office Supplies,989.64,137.72
2021-12-27,Central,Furniture,885.43,-78.91
2022-07-23,Central,Technology,594.71,90.21
2021-08-06,South,Office Supplies,777.54,131.62
2021-07-21,East,Office Supplies,712.6,67.6
2021-01-17,Central,Technology,1299.45,-38.98
2021-11-18,South,Technology,249.72,-14.84
2022-06-02,East,Office Supplies,203.42,5.15
2022-11-12,East,Technology,1326.83,114.22
2022-03-01,Central,Technology,1101.67,172.83
2023-10-16,South,Technology,871.8,-86.74
2022-01-22,South,Office Supplies,321.84,59.36
2023-02-17,Central,Furniture,833.83,154.33
2021-04-08,Central,Technology,1583.67,123.23
2021-07-27,Central,Office Supplies,1781.45,66.56
2022-08-09,East,Furniture,1411.1,334.32
2021-06-15,Central,Office Supplies,138.63,29.64
2021-01-22,Central,Office Supplies,1347.41,395.21
2021-06-03,West,Office Supplies,497.15,24.25
2021-08-07,Central,Furniture,644.2,169.25
2022-10-31,Central,Office Supplies,407.83,-26.52
2021-08-18,East,Furniture,1556.0,100.5
2021-01-20,South,Technology,1304.23,112.36
2022-07-07,East,Furniture,1231.43,94.02
2023-08-08,West,Office Supplies,1342.59,201.44
2021-05-28,Central,Furniture,488.81,-15.6
2022-02-07,Central,Office Supplies,900.4,222.02
2022-08-19,Central,Technology,1273.84,153.76
2022-01-02,Central,Furniture,1280.46,335.08
2023-03-13,Central,Technology,1587.87,-157.12
2023-07-07,Central,Furniture,588.47,89.44
2021-03-14,West,Office Supplies,1545.27,100.42
2022-04-26,Central,Furniture,891.57,90.98
2022-07-14,Central,Technology,1346.94,266.05
2023-01-15,Central,Furniture,922.32,-8.43
2021-04-10,West,Technology,1898.25,-34.24
2023-12-19,Central,Technology,375.02,67.95
2022-05-23,West,Office Supplies,1356.51,147.24
2021-09-15,East,Furniture,1161.54,-7.6
2022-02-17,Central,Technology,362.01,33.89
2023-12-25,South,Office Supplies,150.69,12.63
2022-08-18,West,Office Supplies,1602.31,282.93
2021-09-23,East,Office Supplies,331.75,-32.82
2023-04-01,West,Technology,389.28,52.44
2022-10-24,West,Furniture,1957.3,278.47
2023-08-05,East,Technology,1440.18,285.45
2022-07-14,Central,Office Supplies,515.96,131.93
2023-07-06,Central,Technology,1190.08,90.54
2023-06-10,West,Technology,1077.54,39.88
2023-05-18,East,Office Supplies,1692.06,-99.95
2022-09-02,Central,Furniture,1464.06,50.85
2022-02-18,West,Office Supplies,1666.81,-121.02
2021-01-25,South,Office Supplies,438.78,97.03
2021-10-11,East,Technology,1287.63,286.89
2023-05-31,South,Office Supplies,99.68,6.67
2021-10-28,South,Technology,156.5,0.6
2023-12-28,West,Office Supplies,1432.78,-75.64
2023-10-28,East,Office Supplies,68.35,16.44
2023-03-28,Central,Furniture,1167.93,293.15
2021-03-24,Central,Office Supplies,1684.0,10.97
2021-02-15,West,Furniture,772.28,114.84
2022-09-10,Central,Office Supplies,108.78,0.38
2023-07-17,Central,Office Supplies,1433.42,-14.26
2021-09-19,South,Office Supplies,1860.78,-170.29
2021-06-25,South,Furniture,1440.0,188.44
2022-10-19,East,Technology,1165.33,-46.64
2023-04-22,South,Furniture,475.46,-45.19
2022-01-05,Central,Office Supplies,50.44,-2.93
2021-02-23,East,Technology,1395.45,35.59
2022-11-21,East,Office Supplies,477.43,80.05
2022-01-02,West,Furniture,1719.16,-32.58
2022-10-06,South,Furniture,943.4,240.6
2022-01-14,East,Technology,1070.66,16.48
2021-03-14,Central,Furniture,1512.79,49.15
2023-07-04,East,Office Supplies,1563.27,-20.02
2023-05-10,East,Technology,1292.45,1.97
2021-02-12,West,Office Supplies,1878.09,-132.12
2022-01-12,Central,Technology,1964.95,35.19
2023-12-01,Central,Technology,1894.83,462.05
2021-06-19,South,Office Supplies,1651.87,289.69
2021-07-31,Central,Furniture,1417.14,354.44
2021-02-08,East,Office Supplies,1333.39,-77.41
2022-01-04,Central,Furniture,225.43,18.54
2023-01-27,Central,Furniture,557.54,-4.63
2021-05-31,East,Office Supplies,31.26,5.89
2023-12-07,West,Technology,292.07,84.14
2023-10-21,South,Office Supplies,889.67,201.19
2023-01-07,South,Technology,310.14,-26.64
2021-03-10,West,Furniture,1805.29,48.14
2021-10-26,East,Technology,1615.28,-143.06
2023-08-02,South,Office Supplies,161.79,-13.58
2023-03-13,West,Technology,512.85,-34.97
2021-10-23,West,Furniture,1641.76,17.29
2021-07-22,West,Furniture,1610.03,34.91
2021-03-02,South,Technology,1891.99,113.86
2023-08-04,South,Furniture,1995.14,123.64
2023-08-21,South,Furniture,1953.01,407.33
2021-11-27,South,Technology,832.07,-36.14
2021-12-04,Central,Furniture,515.65,-19.03
2022-10-01,West,Technology,1521.65,229.21
2021-10-02,Central,Technology,612.56,78.83
2021-11-15,West,Furniture,1616.67,-62.08
2022-08-12,South,Technology,1077.23,259.51
2022-05-19,South,Furniture,1591.98,50.34
2022-01-22,Central,Furniture,566.24,26.49
2023-05-20,East,Furniture,1025.89,69.95
2023-04-13,South,Office Supplies,1136.77,33.06
2023-10-12,East,Furniture,1887.35,232.11
2022-08-26,West,Technology,547.86,30.38
2022-11-22,Central,Technology,1874.64,7.07
2022-05-09,East,Technology,1613.62,422.43
2022-05-05,East,Office Supplies,1467.17,34.24
2022-12-22,South,Office Supplies,1578.0,283.09
2022-05-24,East,Technology,1218.74,47.4
2022-01-25,East,Technology,503.28,37.29
2021-10-22,West,Office Supplies,395.2,-2.22
2023-03-07,Central,Technology,1735.36,348.69
2023-05-15,South,Furniture,1455.78,283.7
2022-07-03,South,Furniture,442.14,-40.28
2022-10-11,East,Technology,1237.88,-93.98
2022-07-22,West,Furniture,906.14,243.71
2023-05-03,East,Technology,334.14,85.38
2023-02-09,East,Office Supplies,1073.08,109.92
2022-03-21,South,Technology,577.41,56.21
2021-12-29,East,Office Supplies,210.56,47.37
2021-05-03,East,Furniture,944.58,-42.15
2023-01-12,West,Furniture,1188.41,191.9
2022-11-11,South,Furniture,112.87,10.2
2022-02-24,Central,Technology,816.14,161.05
2021-04-02,West,Office Supplies,530.17,-46.63
2021-03-04,West,Office Supplies,80.69,11.06
2022-05-27,West,Furniture,268.81,32.98
2023-02-11,South,Furniture,295.29,69.79
2021-09-13,East,Office Supplies,382.09,65.24
2021-05-15,Central,Technology,1610.69,406.0
2023-05-25,South,Furniture,890.19,226.92
2023-04-02,East,Technology,311.23,19.69
2021-03-29,West,Furniture,218.59,-9.84
2023-09-15,South,Furniture,609.92,92.78
2023-04-03,East,Technology,1600.07,399.21
2023-10-24,Central,Technology,741.63,-51.93
2023-09-01,Central,Technology,336.6,41.46
2023-07-23,East,Technology,820.15,-44.29
2021-05-01,South,Office Supplies,1119.52,-99.86
2023-11-28,West,Office Supplies,78.58,13.5
2023-10-05,East,Furniture,1262.73,218.12
2023-07-14,West,Furniture,802.3,112.53
2022-10-07,Central,Furniture,39.26,9.57
2022-12-15,East,Office Supplies,1354.3,-91.62
2023-05-10,Central,Technology,1430.53,-82.82
2021-01-21,West,Furniture,1265.1,310.98
2021-08-30,West,Office Supplies,697.02,70.62
2022-03-31,East,Furniture,1068.62,9.85
2023-08-21,East,Office Supplies,786.57,153.59
2022-09-13,East,Technology,1407.23,362.73
2021-10-30,Central,Office Supplies,1175.49,206.7
2023-03-14,West,Technology,181.96,39.44
2023-08-22,West,Furniture,1293.33,16.81
2021-03-10,Central,Technology,1380.73,21.42
2021-07-15,East,Office Supplies,753.99,185.22
2021-05-20,South,Furniture,1754.06,256.0
2021-10-10,East,Furniture,1689.17,-10.7
2021-11-08,South,Office Supplies,366.83,40.23
2023-01-16,South,Technology,1810.45,315.64
2021-10-04,Central,Office Supplies,892.93,-11.23
2021-03-02,West,Technology,1453.02,235.33
2021-02-21,West,Technology,1631.91,-135.68
2021-06-02,West,Furniture,1020.12,21.91
2022-06-28,West,Technology,810.22,137.4
2022-07-21,Central,Furniture,1832.59,-73.78
2022-09-14,South,Office Supplies,477.09,-5.31
2021-11-10,West,Office Supplies,528.8,133.07
2023-03-18,South,Furniture,736.01,124.92
2023-04-28,Central,Furniture,1721.74,171.43
2021-04-07,East,Technology,1878.8,-29.39
2023-05-31,Central,Furniture,455.73,16.66
2023-04-09,West,Office Supplies,1730.46,224.5
2021-05-17,East,Furniture,531.24,-20.12
2023-10-27,Central,Furniture,1941.87,180.01
2023-10-08,Central,Furniture,1202.87,76.49
2021-04-19,South,Technology,34.03,3.09
2022-07-01,Central,Furniture,87.58,-5.06
2023-11-29,East,Technology,312.02,-17.91
2022-10-24,Central,Technology,391.39,111.8
2022-03-01,West,Furniture,1539.89,449.26
2022-09-22,South,Technology,461.08,32.49
2021-09-18,East,Furniture,1938.9,418.02
2021-03-28,East,Office Supplies,1279.5,207.68
2022-04-10,Central,Office Supplies,1391.18,-74.06
2021-03-17,West,Technology,451.28,8.43
2022-04-16,South,Office Supplies,1787.56,45.51
2022-02-18,East,Furniture,1342.27,185.65
2023-04-05,South,Technology,1731.52,228.54
2023-06-14,Central,Furniture,1913.83,515.59
2022-12-27,West,Technology,268.77,58.06
2022-04-02,Central,Technology,211.24,51.28
2022-10-15,South,Technology,1610.75,413.14
2022-11-03,Central,Technology,1734.93,382.57
2022-05-10,South,Office Supplies,1175.85,38.98
2023-12-05,East,Office Supplies,744.68,-10.42
2022-08-20,East,Office Supplies,1312.21,168.89
2022-03-26,Central,Technology,625.21,109.93
2022-04-30,East,Office Supplies,492.0,26.88
2022-10-08,South,Technology,986.53,236.11
2022-09-12,East,Office Supplies,447.98,127.33
2023-11-08,West,Technology,977.73,124.91
2022-10-24,West,Office Supplies,1914.08,158.17
2023-01-28,Central,Office Supplies,1682.77,399.08
2021-10-16,Central,Office Supplies,1884.43,-170.15
2022-12-22,Central,Technology,1616.53,-78.23
2022-09-30,Central,Technology,722.41,172.12
2021-08-23,South,Office Supplies,1627.85,313.87
2022-02-20,South,Technology,1847.37,122.77
2023-07-27,West,Furniture,1895.13,484.28
2022-05-14,South,Office Supplies,1372.73,55.71
2023-09-01,East,Office Supplies,438.51,67.33
2022-09-26,West,Furniture,98.66,15.17
2023-10-17,Central,Technology,311.46,-8.18
2021-04-25,Central,Technology,1931.78,26.93
2023-07-21,South,Technology,934.95,249.07
2022-11-05,West,Office Supplies,1712.87,-45.62
2023-11-01,South,Office Supplies,940.79,-28.76
2021-07-25,South,Office Supplies,1328.42,122.01
2021-09-04,South,Office Supplies,67.8,-4.28
2023-01-28,West,Office Supplies,514.73,132.72
2021-05-27,Central,Technology,883.81,-52.98
2021-04-28,East,Furniture,1268.65,186.01
2022-02-16,Central,Technology,359.61,12.91
2021-12-29,West,Technology,1533.81,340.06
2021-05-17,Central,Office Supplies,741.52,100.79
2023-08-16,Central,Furniture,1638.52,90.65
2021-01-19,East,Furniture,213.98,62.81
2021-07-14,Central,Technology,1365.92,-100.41
2021-11-26,Central,Furniture,600.79,78.77
2021-06-24,Central,Technology,1594.86,471.8
2023-09-29,South,Technology,816.3,143.98
2022-03-25,West,Technology,1337.39,262.01
2023-08-04,West,Technology,1869.92,-162.99
2021-05-21,East,Office Supplies,60.84,-5.56
2023-01-28,South,Furniture,42.01,-3.59
2023-07-19,South,Office Supplies,1545.15,458.43
2021-04-03,Central,Office Supplies,1299.86,379.31
2021-08-27,West,Office Supplies,600.1,20.29
2021-07-24,East,Technology,998.91,16.37
2022-07-14,South,Technology,103.03,-4.29
2021-09-02,Central,Office Supplies,401.04,12.7
2023-04-12,East,Office Supplies,860.5,41.36
2023-07-14,South,Furniture,1671.41,333.13
2021-10-22,East,Office Supplies,969.74,239.06
2022-10-02,South,Technology,1181.0,234.66
2023-05-06,East,Office Supplies,1750.03,277.54
2021-01-17,South,Furniture,631.46,130.31
2021-03-12,South,Furniture,1407.38,275.0
2021-11-01,East,Office Supplies,1726.1,155.87
2023-10-28,South,Furniture,421.18,14.46
2023-03-28,South,Furniture,725.83,9.52
2023-04-01,South,Technology,1960.02,336.62
2021-07-12,East,Furniture,1966.77,558.02
2022-06-13,East,Furniture,462.0,61.18
2021-06-20,South,Office Supplies,151.56,40.17
2021-09-08,South,Technology,556.42,-52.47
2022-06-25,East,Furniture,807.51,175.87
2022-02-20,Central,Office Supplies,893.19,215.65
2023-03-05,South,Office Supplies,1245.24,189.77
2021-01-25,Central,Office Supplies,1801.02,492.8
2022-10-30,East,Office Supplies,674.09,91.65
2022-09-24,South,Office Supplies,1702.97,-6.45
2022-05-20,Central,Office Supplies,205.09,-2.81
2021-12-02,East,Furniture,102.91,12.59
2022-03-01,Central,Technology,1018.01,267.32
2022-05-14,West,Technology,138.13,-9.81
2023-08-05,East,Office Supplies,797.13,113.0
2022-09-22,West,Office Supplies,1795.62,373.35
2022-12-19,East,Technology,498.14,-26.82
2021-12-05,East,Furniture,1417.83,-75.56
2022-10-21,South,Office Supplies,618.68,28.74
2023-08-20,West,Technology,108.94,1.04
2022-03-05,West,Technology,1122.25,-23.2
2023-06-18,West,Office Supplies,1673.01,-34.33
2021-05-19,East,Technology,830.75,-39.65
2023-07-31,West,Furniture,1242.24,179.31
2022-06-26,West,Technology,1802.05,315.81
2021-02-26,South,Office Supplies,1583.6,286.91
2022-10-20,Central,Office Supplies,403.88,45.61
2022-03-11,Central,Technology,1472.1,413.9
2022-01-19,West,Technology,1013.75,255.68
2022-07-14,West,Office Supplies,1497.01,423.73
2021-07-13,West,Furniture,999.14,55.47
2022-06-18,West,Technology,273.36,68.64
2022-06-02,Central,Furniture,1148.42,235.6
2022-12-17,South,Furniture,994.43,35.79
2023-01-21,East,Office Supplies,1045.49,-59.97
2021-07-04,West,Office Supplies,1760.23,304.61
2021-10-19,West,Office Supplies,1791.78,-81.38
2023-01-02,Central,Furniture,918.0,16.07
2021-04-26,West,Office Supplies,922.35,92.37
2023-04-05,South,Office Supplies,1040.07,178.84
2023-12-09,South,Furniture,1048.79,283.69
2022-11-16,West,Furniture,1901.77,261.11
2021-03-23,Central,Furniture,1305.81,220.11
2023-04-14,West,Furniture,569.36,13.67
2021-11-29,West,Technology,1072.44,187.59
2022-07-11,Central,Office Supplies,1261.9,94.79
2021-12-01,South,Technology,1286.75,312.39
2022-06-16,East,Furniture,1178.8,67.17
2021-08-09,West,Furniture,371.92,32.47
2022-09-27,South,Furniture,86.51,6.32
2021-11-19,West,Furniture,688.93,154.63
2021-01-03,East,Furniture,866.49,243.9
2021-07-25,Central,Office Supplies,142.37,4.4
2021-02-09,South,Technology,1633.64,147.05
2021-02-28,East,Technology,701.27,127.89
2023-08-09,West,Office Supplies,1828.99,472.16
2022-07-28,East,Office Supplies,325.73,31.75
2022-10-06,South,Office Supplies,132.73,-7.49
2023-04-23,Central,Technology,974.99,46.28
2022-09-11,West,Technology,394.48,47.39
2021-04-06,Central,Furniture,1876.05,125.71
2023-06-17,Central,Technology,40.4,-1.03
2023-12-22,East,Technology,836.99,-71.32
2022-07-15,East,Office Supplies,1854.96,324.55
2023-06-24,South,Technology,781.15,232.08
2021-12-14,South,Furniture,204.36,54.7
2022-11-02,Central,Technology,619.73,107.4
2021-11-13,South,Office Supplies,1006.06,238.05
2022-12-20,Central,Office Supplies,386.6,0.89
2023-12-08,West,Furniture,943.79,140.6
2021-09-07,Central,Furniture,1675.96,-126.97
2021-11-10,South,Technology,1747.78,319.62
2023-03-18,South,Furniture,117.54,33.85
2022-04-30,Central,Furniture,338.59,82.72
2021-02-13,East,Office Supplies,565.07,64.29
2022-07-25,Central,Office Supplies,1197.83,258.13
2022-08-06,Central,Technology,734.77,203.94
2023-06-14,East,Technology,1691.2,-22.99
2021-08-08,West,Technology,1439.01,312.7
2023-07-14,East,Technology,218.9,1.74
2022-02-05,South,Office Supplies,1256.62,315.13
2022-12-28,East,Technology,243.76,-14.79
2023-09-18,South,Technology,524.97,-15.07
2023-06-18,South,Furniture,372.18,70.06
2023-05-08,Central,Technology,362.66,-10.91
2023-03-15,Central,Furniture,1240.46,-45.62
2022-05-05,West,Office Supplies,1135.94,138.8
2023-07-27,South,Technology,368.54,86.24
2023-04-24,Central,Furniture,1980.54,14.63
2021-09-24,South,Technology,855.24,202.23
2021-02-23,West,Furniture,212.2,47.36
2022-06-12,South,Technology,258.73,34.06
2022-09-08,West,Office Supplies,1176.11,186.56
2023-12-19,West,Office Supplies,1958.56,-164.17
2023-11-30,West,Furniture,1152.46,54.0
2023-08-13,Central,Furniture,1899.1,10.18
2022-01-21,East,Office Supplies,899.38,-35.97
2023-01-04,East,Technology,882.97,49.33
2022-12-17,Central,Furniture,1010.01,42.38
2022-10-12,South,Office Supplies,1400.9,268.35
2021-10-27,Central,Furniture,747.88,104.13
2022-01-30,South,Office Supplies,1730.49,459.0
2022-08-16,West,Office Supplies,77.98,-3.26
2022-05-29,Central,Furniture,890.73,-67.79
2022-01-31,East,Furniture,1031.76,117.46
2022-01-06,South,Office Supplies,1221.92,-121.69
2023-05-08,Central,Technology,566.62,121.87
2023-03-02,Central,Office Supplies,866.41,88.71
2022-10-20,South,Technology,979.38,93.26
2023-01-06,West,Technology,1380.08,62.1
2022-01-19,West,Technology,1551.62,77.56
2021-03-03,West,Furniture,1480.9,107.3
2022-05-20,West,Office Supplies,696.33,-65.17
2021-08-27,South,Office Supplies,1998.91,-133.09
2021-07-14,East,Technology,1700.36,173.47
2022-11-09,Central,Technology,534.85,-21.37
2021-03-02,Central,Technology,406.31,85.94
2023-09-17,West,Office Supplies,641.76,6.29
2022-11-16,South,Technology,915.64,-55.71
2021-06-05,East,Office Supplies,1704.58,-10.08
2023-07-12,East,Office Supplies,1561.16,66.88
2023-05-18,Central,Furniture,1705.47,-146.45
2023-06-22,West,Technology,558.48,-24.2
2023-09-26,Central,Technology,1195.05,35.3
2023-09-02,Central,Technology,580.83,14.05
2022-01-23,East,Furniture,235.87,51.93
2023-06-06,South,Technology,1374.71,326.22
2023-04-18,East,Office Supplies,303.14,-6.86
2021-12-06,Central,Technology,1342.04,-67.67
2021-07-23,West,Office Supplies,1302.97,200.22
2021-06-10,West,Office Supplies,1624.29,360.35
2022-01-27,South,Office Supplies,296.32,84.6
2023-02-08,South,Office Supplies,1571.29,-152.86
2022-07-29,South,Technology,1998.57,130.85
2022-06-18,Central,Furniture,1705.06,330.09
2023-12-30,Central,Furniture,1508.59,349.12
2023-06-12,South,Office Supplies,1331.09,-99.95
2022-02-09,West,Technology,855.13,147.29
2022-08-31,West,Furniture,1466.39,22.84
2023-04-08,West,Technology,1453.87,-102.01
2022-11-21,Central,Furniture,1270.37,121.5
2023-06-21,East,Office Supplies,1596.63,-58.66
2021-02-25,West,Office Supplies,908.55,176.99
2022-01-01,West,Office Supplies,260.08,51.11
2022-03-31,West,Furniture,1126.95,266.89
2021-04-14,South,Technology,544.79,27.8
2021-03-18,Central,Office Supplies,781.18,-73.96
2021-08-18,South,Technology,54.48,0.21
2021-11-27,South,Technology,777.93,67.78
2023-06-12,East,Office Supplies,1621.43,287.97
2022-11-19,South,Furniture,1094.59,57.81
2021-01-27,East,Office Supplies,39.41,4.51
2021-10-26,South,Office Supplies,950.29,104.25
2023-08-15,West,Furniture,597.07,-20.3
2023-03-10,Central,Technology,965.55,144.08
2022-04-25,South,Furniture,821.29,62.17
2022-07-27,East,Furniture,1865.32,416.28
2022-04-03,Central,Office Supplies,101.53,17.89
2021-12-31,East,Furniture,1373.5,-76.11
2023-05-09,West,Furniture,1705.03,162.84
2021-12-17,South,Furniture,1919.29,347.39
2021-09-10,Central,Technology,371.72,-24.23
2023-02-20,West,Technology,1071.98,232.62
2023-03-14,South,Office Supplies,106.31,-1.19
2023-10-09,South,Office Supplies,1008.38,102.08
2022-04-04,East,Technology,268.41,74.14
2023-07-06,East,Furniture,1679.04,215.81
2022-05-14,West,Office Supplies,245.46,17.09
2023-08-08,East,Office Supplies,1036.31,-100.81
2022-05-23,West,Furniture,1051.77,-49.05
2022-05-16,West,Furniture,1943.87,255.55
2023-03-14,West,Furniture,1316.86,128.43
2022-08-21,East,Furniture,589.92,26.86
2021-06-15,Central,Furniture,496.78,133.78
2022-04-07,West,Technology,273.93,9.04
2023-07-09,Central,Furniture,1517.9,174.35
2021-04-24,South,Office Supplies,1387.7,176.91
2023-09-19,East,Technology,1227.56,136.24
2021-07-26,East,Office Supplies,100.86,9.18
2022-05-30,Central,Furniture,1530.4,53.3
2022-12-10,South,Office Supplies,1290.94,340.17
2021-05-18,South,Furniture,1928.5,154.9
2021-12-05,West,Office Supplies,1182.66,131.72
2022-06-21,East,Office Supplies,621.82,101.1
2021-03-09,South,Furniture,775.41,-56.56
2022-01-18,South,Office Supplies,368.16,78.24
2021-01-19,West,Technology,1451.37,152.4
2022-11-14,West,Office Supplies,1421.29,231.49
2021-03-15,Central,Technology,417.29,87.13
2022-07-27,East,Technology,333.81,83.33
2023-07-28,South,Office Supplies,172.47,9.81
2023-12-08,Central,Technology,1825.71,410.0
2021-07-30,East,Technology,481.48,1.7
2023-05-05,Central,Office Supplies,701.44,115.13
2022-10-13,East,Furniture,575.4,-33.9
2023-09-21,East,Furniture,838.98,-77.18
2022-11-26,South,Technology,1433.82,-88.46
2022-06-24,East,Technology,1743.78,48.4
2023-06-20,West,Furniture,381.55,-33.41
2023-02-19,South,Technology,1379.1,209.89
2021-06-19,West,Furniture,718.07,19.11
2023-11-04,Central,Office Supplies,1961.44,381.6
2021-10-15,Central,Technology,611.86,-49.95
2021-07-08,East,Office Supplies,34.24,-0.46
2023-07-03,East,Furniture,1040.97,65.79
2022-11-25,West,Furniture,318.45,16.9
2023-06-07,West,Office Supplies,108.1,-5.15
2022-04-16,West,Technology,1402.57,417.48
2021-10-04,Central,Office Supplies,1469.87,20.25
2023-07-29,West,Office Supplies,932.18,175.63
2022-07-25,South,Technology,1360.23,-16.31
2023-05-07,South,Furniture,1085.71,272.67
2023-09-28,Central,Office Supplies,1267.01,69.82
2022-04-03,West,Office Supplies,1201.47,312.82
2023-07-07,West,Furniture,1338.33,49.16
2023-04-13,East,Office Supplies,415.27,-40.09
2023-12-24,South,Furniture,552.04,58.96
2023-04-19,Central,Technology,891.13,97.95
2021-07-12,West,Furniture,903.33,-47.03
2022-09-08,East,Furniture,1553.34,-9.34
2022-02-10,Central,Office Supplies,747.44,159.5
2023-08-01,Central,Furniture,341.76,-29.15
2022-12-22,South,Furniture,517.9,49.62
2021-04-03,West,Office Supplies,445.17,49.93
2022-03-06,Central,Furniture,1468.69,257.73
2022-10-16,East,Office Supplies,951.27,-80.87
2022-03-10,East,Technology,1423.09,191.06
2022-01-10,Central,Furniture,844.11,-83.36
2023-12-19,East,Technology,1781.68,10.82
2023-12-03,Central,Furniture,1967.37,196.49
2021-07-26,East,Furniture,1346.29,356.11
2023-02-19,Central,Technology,1730.35,-85.42
2022-06-16,Central,Technology,1025.71,-33.11
2021-06-15,Central,Office Supplies,1870.55,313.69
2022-10-05,East,Office Supplies,1666.54,83.23
2021-03-31,Central,Technology,1983.72,296.31
2021-01-13,South,Furniture,1253.73,374.84
2023-08-31,Central,Office Supplies,1562.83,460.64
2023-03-16,West,Furniture,1094.88,45.42
2023-08-03,West,Office Supplies,533.06,54.14
2023-01-12,South,Office Supplies,722.42,189.18
2023-05-26,Central,Office Supplies,1790.13,-113.02
2022-10-22,West,Technology,130.78,10.58
2023-10-29,Central,Furniture,1191.13,60.78
2023-11-19,West,Technology,757.52,13.6
2021-10-23,East,Office Supplies,785.65,233.87
2023-09-13,East,Technology,1771.45,342.63
2023-07-15,South,Technology,1710.57,94.93
2022-10-02,South,Technology,1205.71,279.25
2021-12-06,Central,Furniture,560.38,53.72
2022-09-20,South,Technology,961.4,239.51
2022-03-15,Central,Technology,828.42,5.43
2023-07-31,East,Technology,720.16,-7.6
2023-04-10,East,Technology,223.52,-0.24
2022-06-03,West,Technology,1095.37,126.4
2023-09-03,Central,Technology,617.63,10.21
2023-12-05,East,Technology,1328.4,-54.67
2023-08-13,East,Office Supplies,652.02,194.2
2023-08-10,Central,Technology,873.7,227.31
2023-08-02,West,Technology,123.67,19.05
2021-06-04,West,Furniture,1985.23,509.44
2021-03-29,West,Office Supplies,1025.07,281.06
2023-07-20,West,Technology,67.99,11.59
2021-06-28,East,Furniture,1091.64,117.32
2021-07-31,Central,Technology,1743.3,440.71
2022-04-10,Central,Technology,1549.65,196.99
2022-09-23,East,Technology,1407.8,-69.38
2023-04-05,East,Technology,296.14,13.84
2022-08-30,East,Technology,1322.32,103.63
2023-06-04,South,Furniture,1537.27,421.44
2022-01-01,Central,Technology,1153.39,188.78
2021-10-03,Central,Furniture,1787.64,447.11
2022-01-15,Central,Technology,568.44,115.41
2023-08-03,West,Furniture,499.45,11.96
2023-12-24,East,Office Supplies,1741.75,326.55
2023-03-21,East,Technology,1258.29,-27.53
2023-07-14,East,Office Supplies,22.87,1.45
2022-05-09,South,Office Supplies,719.2,159.98
2023-12-31,Central,Office Supplies,1718.55,248.8
2021-12-30,East,Technology,74.09,17.05
2022-07-24,South,Office Supplies,26.43,0.05
2023-02-02,East,Furniture,576.89,115.32
2021-10-03,West,Technology,1829.72,-34.89
2021-02-19,Central,Office Supplies,1804.93,213.2
2022-12-29,South,Technology,1047.15,76.88
2023-06-25,East,Office Supplies,1115.41,136.74
2023-07-17,Central,Furniture,677.38,-31.01
2022-07-18,South,Technology,502.6,22.36
2023-02-22,Central,Technology,1634.14,272.51
2022-04-30,Central,Office Supplies,230.46,28.44
2022-08-07,West,Furniture,984.96,117.79
2021-08-24,Central,Technology,1276.11,133.14
2021-02-25,South,Office Supplies,225.29,62.53
2021-12-26,Central,Furniture,1048.82,287.2
2021-04-20,South,Furniture,1163.49,51.26
2021-07-11,Central,Furniture,1490.14,60.74
2023-06-23,East,Furniture,484.98,59.15
2023-05-12,West,Technology,600.79,-37.1
2022-07-22,East,Technology,1147.65,24.33
2023-12-20,West,Furniture,1966.59,-15.05
2022-10-12,South,Office Supplies,450.64,-4.8
2021-02-08,West,Office Supplies,1972.09,306.47
2023-12-09,Central,Furniture,1434.4,77.08
2022-09-29,Central,Furniture,1655.64,-52.21
2023-11-03,East,Office Supplies,197.49,50.37
2021-02-05,West,Furniture,614.83,153.5
2021-04-11,South,Furniture,134.32,32.91
2021-06-15,South,Technology,755.66,42.54
2022-01-18,Central,Technology,1962.95,-151.55
2023-03-01,South,Furniture,228.44,-13.09
2021-01-31,Central,Furniture,1133.5,11.81
2021-01-11,Central,Technology,32.02,-0.38
2021-04-06,Central,Furniture,1431.11,357.2
2022-03-29,East,Technology,410.44,120.89
2021-07-11,East,Technology,276.58,62.69
2022-05-01,Central,Office Supplies,687.3,131.92
2021-08-26,Central,Technology,1546.67,209.5
2023-12-25,Central,Office Supplies,231.09,48.06
2023-01-05,South,Office Supplies,475.08,132.46
2023-09-18,Central,Technology,36.76,5.17
2023-04-05,Central,Furniture,1937.46,-73.92
2021-04-16,West,Technology,1192.45,-41.09
2021-06-30,West,Office Supplies,1445.4,193.03
2021-07-03,West,Technology,1309.74,43.73
2021-08-14,West,Technology,305.84,80.77
2023-02-16,Central,Office Supplies,1197.98,173.3
2023-03-01,West,Technology,280.2,47.8
2022-11-19,South,Technology,814.45,-79.55
2022-06-14,South,Office Supplies,1146.55,114.13
2023-08-30,West,Furniture,1126.58,81.64
2023-07-25,East,Office Supplies,255.77,46.64
2021-04-16,South,Office Supplies,88.18,4.68
2023-04-11,South,Technology,1600.5,465.15
2022-11-10,West,Office Supplies,1457.33,244.95
2023-04-29,West,Technology,182.0,29.84
2023-11-22,Central,Technology,272.28,72.9
2022-01-28,South,Technology,1787.32,532.77
2021-02-09,West,Office Supplies,1542.88,-32.2
2022-10-22,West,Office Supplies,1992.4,446.72
2023-09-08,Central,Technology,522.9,-18.34
2023-04-25,South,Furniture,985.85,81.65
2021-07-20,West,Furniture,488.19,-29.26
2022-03-23,Central,Office Supplies,1253.14,187.15
2023-11-28,West,Technology,248.52,21.72
2022-03-20,East,Technology,271.94,41.19
2023-01-31,East,Office Supplies,162.34,27.79
2021-08-15,West,Furniture,1393.3,205.89
2021-02-17,South,Office Supplies,998.26,17.58
2023-11-08,East,Office Supplies,1243.11,291.86
2023-07-01,Central,Technology,1761.02,212.51
2021-07-06,West,Office Supplies,1485.85,142.55
2021-12-11,Central,Furniture,934.21,275.43
2021-08-12,East,Office Supplies,1969.02,26.39
2023-04-10,South,Technology,923.39,102.69
2022-05-03,Central,Furniture,242.65,41.96
2023-05-27,East,Technology,1985.46,-99.09
2023-04-29,East,Office Supplies,65.19,2.72
2023-09-06,East,Office Supplies,1108.77,244.68
2023-10-14,Central,Office Supplies,632.01,-3.35
2021-07-07,East,Technology,1017.03,98.97
2021-09-27,West,Office Supplies,1126.25,171.47
2021-11-06,East,Furniture,495.39,83.46
2023-04-25,West,Furniture,1122.58,214.78
2022-05-01,South,Technology,1517.0,373.78
2021-04-30,West,Technology,547.69,31.3
2021-08-08,South,Technology,779.18,142.32
2021-02-22,South,Office Supplies,551.12,106.29
2023-01-28,West,Furniture,1644.71,33.07
2023-01-08,South,Furniture,1455.46,418.1
2022-12-21,West,Furniture,1744.97,429.42
2022-02-10,Central,Technology,356.7,5.69
2022-08-31,South,Technology,165.69,28.17
2023-10-18,West,Office Supplies,256.38,47.97
2022-02-26,South,Technology,338.82,24.6
2022-12-13,East,Furniture,1075.5,264.03
2021-09-04,West,Office Supplies,1942.41,342.04
2021-03-13,East,Technology,727.33,118.75
2021-07-04,South,Technology,1917.85,-22.37
2021-01-06,South,Furniture,95.64,6.04
2023-06-25,Central,Office Supplies,1855.21,136.49
2022-01-22,West,Technology,378.68,73.26
2022-11-30,East,Technology,1826.7,269.18
2023-04-07,Central,Office Supplies,131.33,-8.62
2021-12-15,South,Office Supplies,1897.47,43.79
2021-11-04,South,Technology,417.58,37.26
2021-10-14,Central,Technology,619.37,120.59
2023-02-05,East,Furniture,992.07,195.86
2022-12-26,South,Office Supplies,773.83,74.46
2023-02-01,South,Technology,1341.71,-71.42
2022-01-18,West,Technology,1950.12,33.47
2022-01-23,Central,Technology,1220.72,2.29
2022-06-09,South,Technology,1448.54,307.69
2022-10-01,East,Furniture,194.25,-5.44
2023-07-27,West,Office Supplies,1263.07,108.58
2021-10-03,Central,Technology,918.62,154.59
2022-05-15,East,Office Supplies,1773.85,507.17
2022-12-18,South,Office Supplies,788.66,236.36
2021-12-03,Central,Technology,1365.32,383.89
2023-07-21,Central,Technology,471.74,88.36
2022-04-26,East,Technology,533.56,105.95
2023-06-30,Central,Furniture,764.72,155.76
2023-12-18,East,Technology,622.05,152.43
2021-04-19,South,Office Supplies,522.68,146.72
2021-11-24,West,Office Supplies,118.34,9.26
2021-11-11,East,Furniture,1676.76,111.68
2022-11-30,West,Technology,147.32,12.4
2023-02-20,Central,Technology,1776.98,291.29
2021-06-05,East,Furniture,268.42,56.42
2023-06-06,South,Furniture,149.22,37.04
2023-10-23,East,Technology,1134.75,93.6
2023-01-28,East,Technology,1014.83,46.02
2022-12-23,East,Office Supplies,992.64,291.18
2023-07-02,West,Technology,1157.52,-8.39
2023-05-21,West,Technology,588.37,-6.59
2021-01-13,Central,Office Supplies,1332.64,248.09
2022-08-31,Central,Office Supplies,1014.76,-28.55
2022-05-13,Central,Office Supplies,682.79,40.81
2021-08-26,Central,Office Supplies,1656.47,28.08
2023-02-20,East,Furniture,1460.89,-47.5
2022-08-29,West,Office Supplies,799.35,105.42
2022-10-23,West,Furniture,1698.28,83.9
2023-04-29,West,Office Supplies,1842.11,156.38
2023-07-25,West,Office Supplies,1083.0,-23.45
2022-09-20,Central,Office Supplies,445.61,92.31
2021-05-23,East,Technology,1833.27,47.45
2022-12-15,West,Furniture,395.17,14.66
2022-04-24,South,Office Supplies,115.88,0.1
2022-07-19,East,Technology,668.42,49.3
2022-04-16,South,Furniture,1459.39,124.68
2022-01-19,East,Furniture,1848.08,206.74
2023-07-15,East,Technology,1281.83,367.92
2022-02-21,East,Furniture,1904.64,498.78
2021-11-04,South,Technology,202.89,29.17
2022-10-11,West,Office Supplies,140.29,-11.85
2023-10-22,West,Technology,1216.3,176.25
2023-12-04,South,Furniture,1932.91,-123.96
2023-01-09,West,Furniture,1015.39,186.97
2021-05-20,Central,Office Supplies,122.0,6.84
2023-09-01,West,Technology,458.01,107.67
2023-10-14,Central,Office Supplies,504.69,139.81
2023-08-11,Central,Technology,688.96,46.05
2023-06-23,Central,Technology,106.33,8.96
2021-03-13,South,Technology,1811.69,246.5
2021-04-17,West,Office Supplies,1040.82,-22.01
2023-12-02,West,Office Supplies,1348.44,365.34
2023-06-02,South,Furniture,153.0,11.2
2021-05-19,South,Office Supplies,127.15,-4.23
2022-09-07,West,Technology,1181.21,242.26
2023-05-13,South,Technology,1776.85,-21.93
2021-09-30,South,Technology,1066.39,-45.42
2022-02-20,Central,Office Supplies,1758.08,220.02
2022-05-21,South,Furniture,1625.76,274.1
2023-01-03,Central,Office Supplies,170.19,21.75
2022-02-28,East,Furniture,419.88,68.27
2022-01-25,Central,Office Supplies,1322.27,-71.13
2021-12-08,Central,Technology,898.13,81.2
2023-08-04,South,Furniture,595.59,25.5
2022-09-06,West,Office Supplies,848.9,245.63
2022-05-08,East,Technology,901.5,-72.26
2021-07-11,East,Furniture,1822.89,35.21
2022-05-14,East,Furniture,224.85,62.23
2023-04-02,West,Technology,573.87,168.37
2021-08-15,East,Technology,1084.38,249.36
2021-05-19,East,Office Supplies,1402.61,-97.62
2023-05-06,West,Office Supplies,1268.66,158.0
2023-03-28,East,Technology,1884.45,113.16
2023-12-23,South,Office Supplies,1595.31,355.09
2021-04-14,South,Technology,1123.01,-87.58
2023-05-21,Central,Technology,445.07,-9.41
2022-10-30,Central,Office Supplies,912.73,87.33
2021-09-30,Central,Office Supplies,1392.9,-51.46
2023-10-27,South,Furniture,1679.17,297.36
2021-07-03,South,Furniture,1920.28,438.41
2023-11-18,South,Office Supplies,1218.8,221.59
2021-10-20,Central,Office Supplies,1063.3,80.93
2021-06-26,Central,Office Supplies,55.03,13.83
2021-02-27,Central,Furniture,162.76,-7.31
2021-11-04,Central,Office Supplies,329.09,1.36
2023-09-04,Central,Furniture,128.42,12.3
2022-12-01,Central,Furniture,813.71,-61.41
2021-03-24,South,Furniture,687.02,-42.41
2021-09-09,West,Furniture,1281.96,75.61
2023-03-07,West,Technology,1080.62,299.93
2023-06-16,Central,Office Supplies,1200.02,316.04
2021-07-29,West,Office Supplies,954.51,82.46
2023-03-27,West,Technology,569.92,-24.58
2022-09-01,South,Office Supplies,1906.59,-54.83
2022-03-23,Central,Furniture,191.09,9.75
2022-04-05,Central,Technology,1879.0,-30.01
2023-08-26,West,Furniture,636.25,-42.51
2022-04-17,Central,Technology,1035.07,175.46
2022-01-05,Central,Furniture,235.51,31.22
2023-06-19,Central,Office Supplies,160.44,2.65
2023-07-12,Central,Office Supplies,870.5,184.18
2021-05-17,West,Office Supplies,1488.56,313.16
2022-01-02,East,Technology,553.34,53.34
2023-07-01,West,Office Supplies,1133.45,-69.58
2021-07-03,South,Technology,571.73,152.87
2022-04-17,East,Furniture,789.45,132.2
2022-10-16,East,Office Supplies,1814.76,-2.14
2023-01-19,East,Furniture,1714.56,247.21
2022-06-21,West,Office Supplies,1041.71,64.59
2023-03-13,South,Furniture,491.45,75.75
2023-07-09,West,Technology,402.5,36.04
2022-05-25,South,Office Supplies,1909.09,179.82
2022-09-22,West,Technology,421.38,81.9
2023-09-29,West,Technology,1620.17,235.72
2023-07-05,West,Furniture,750.56,-51.05
2023-10-31,East,Office Supplies,1971.61,-145.6
2021-06-01,West,Technology,748.95,16.48
2023-10-26,South,Furniture,716.0,51.62
2022-04-09,South,Furniture,1282.18,12.94
2021-09-28,South,Furniture,1923.8,308.93
2022-04-05,East,Office Supplies,1952.9,-42.88
2021-04-15,West,Office Supplies,1420.27,258.0
2021-06-11,West,Furniture,1514.12,316.85
2021-12-17,Central,Office Supplies,1135.54,-57.09
2022-03-10,East,Furniture,1516.44,243.12
2023-05-02,South,Office Supplies,1722.36,490.14
2021-05-20,South,Office Supplies,982.47,-22.47
2021-03-28,West,Furniture,1247.33,328.95
2021-07-02,South,Furniture,1083.89,154.37
2022-01-03,West,Office Supplies,1133.69,154.61
2021-05-09,West,Furniture,1782.29,-141.21
2022-11-01,Central,Furniture,724.12,144.33
2021-05-29,East,Furniture,432.2,39.46
2023-09-12,West,Furniture,923.43,174.04
2023-05-02,West,Office Supplies,432.01,96.63
2022-09-20,West,Technology,1006.83,110.27
2022-03-22,Central,Office Supplies,1808.95,9.87
2023-06-03,West,Furniture,1242.52,-53.89
2021-10-21,East,Furniture,1713.76,-61.35
2021-09-07,East,Office Supplies,349.06,86.14
2023-05-28,South,Furniture,1803.73,-91.21
2023-08-06,East,Office Supplies,1211.54,65.27
2023-09-02,South,Technology,82.88,2.79
2023-11-15,East,Furniture,1273.58,313.53
2023-02-28,South,Technology,1903.77,173.39
2023-09-11,West,Technology,176.75,52.77
2023-06-08,Central,Furniture,1173.26,228.58
2023-06-09,Central,Furniture,1832.65,440.51
2021-03-11,Central,Office Supplies,39.2,-2.37
2022-09-17,West,Office Supplies,1269.21,1.57
2023-05-25,Central,Furniture,960.31,-44.0
2022-04-16,East,Office Supplies,707.04,60.42
2021-04-01,South,Technology,1262.52,236.49
2022-06-14,West,Technology,124.35,-4.03
2022-10-23,Central,Furniture,1511.06,-72.43
2023-01-09,East,Office Supplies,28.87,4.21
2022-12-27,East,Furniture,627.73,-4.94
2023-05-22,West,Technology,1017.84,93.37
2021-07-11,West,Furniture,766.5,-60.98
2021-05-18,Central,Furniture,628.8,108.31
2021-12-11,South,Furniture,1665.05,194.02
2023-10-06,Central,Furniture,1870.97,297.43
2022-05-18,Central,Technology,1749.95,17.78
2021-07-22,West,Furniture,1054.41,12.06
2022-07-27,Central,Furniture,1770.65,390.51
2021-07-11,Central,Office Supplies,1843.31,345.48
2021-01-05,South,Furniture,830.29,109.51
2021-11-07,East,Office Supplies,581.22,87.91
2022-07-03,East,Furniture,214.57,-13.39
2021-02-25,South,Office Supplies,968.6,234.86
2022-03-19,East,Furniture,1893.67,393.81
2023-05-20,Central,Office Supplies,1130.6,153.98
2022-08-08,South,Furniture,1341.77,358.84
2023-01-22,South,Furniture,243.51,-7.92
2021-12-26,West,Office Supplies,304.17,53.13
2023-03-30,East,Furniture,939.66,267.98
2021-01-30,West,Furniture,1903.5,45.69
2021-04-18,Central,Furniture,734.35,-68.94
2023-04-24,South,Furniture,1757.42,340.85
2022-12-18,Central,Technology,258.17,-25.1
2023-06-10,East,Furniture,1241.69,309.2
2023-08-18,West,Technology,1209.21,-93.69
2023-06-12,East,Technology,1722.55,277.51
2023-01-02,Central,Furniture,26.57,1.35
2022-08-29,West,Office Supplies,396.06,-7.39
2022-04-02,East,Office Supplies,454.98,117.98
2022-09-07,Central,Furniture,1900.93,377.33
2022-11-29,East,Technology,324.31,11.73
2022-11-05,South,Office Supplies,93.19,1.27
2022-06-27,West,Furniture,1078.23,209.61
2023-05-07,West,Furniture,1066.55,250.24
2023-06-16,West,Technology,1691.21,315.14
2021-10-05,South,Office Supplies,1898.74,296.2
2022-07-06,West,Furniture,1086.32,-9.59
2021-04-21,South,Office Supplies,1861.39,448.82
2022-01-20,West,Furniture,1455.82,290.97
2023-01-31,East,Furniture,543.83,58.14
2022-11-25,East,Furniture,1858.27,194.44
2022-02-09,East,Technology,1341.54,171.27
2021-01-22,East,Technology,839.91,194.28
2022-11-09,South,Technology,1366.88,269.14
2022-09-03,Central,Office Supplies,814.6,197.54
2021-01-08,Central,Technology,246.08,25.32
2022-12-03,East,Technology,1443.58,216.33
2022-06-13,Central,Office Supplies,1651.69,399.43
2022-08-25,Central,Office Supplies,1463.04,-10.35
2022-10-19,West,Office Supplies,473.65,36.76
2021-06-15,South,Office Supplies,1914.14,283.79
2023-04-29,East,Technology,70.0,18.62
2022-05-11,Central,Technology,678.72,-63.57
2022-08-13,Central,Office Supplies,534.98,-8.01
2022-03-05,East,Technology,115.29,-0.72
2023-02-13,West,Furniture,823.34,25.23
2021-06-12,East,Technology,1253.77,15.94
2022-01-01,West,Furniture,1767.45,240.47
2021-03-13,Central,Office Supplies,1979.59,503.31
2022-10-17,South,Office Supplies,1620.02,250.76
2021-09-26,West,Technology,947.99,-3.21
2022-02-19,West,Office Supplies,1452.93,356.7
2023-10-13,East,Technology,1690.38,258.32
2022-11-06,Central,Technology,941.31,-11.69
2023-12-20,South,Technology,1574.41,70.32
2021-01-06,East,Technology,975.65,210.73
2023-09-09,East,Furniture,785.26,153.58
2022-07-24,South,Furniture,1061.66,138.69
2022-02-11,Central,Office Supplies,1358.19,-57.17
2021-01-26,South,Furniture,1459.23,322.95
2023-10-26,East,Office Supplies,726.34,16.72
2023-09-13,East,Office Supplies,1151.21,240.19
2022-01-25,West,Technology,1821.54,289.67
2022-12-11,South,Technology,1953.1,11.07
2022-07-25,South,Technology,469.95,-7.07
2023-01-24,South,Technology,401.81,-19.14
2021-05-26,East,Technology,1359.84,-4.38
2023-02-24,Central,Technology,841.07,-31.01
2022-06-10,East,Furniture,67.96,9.98
2021-01-13,West,Office Supplies,706.79,98.61
2023-06-22,East,Office Supplies,1617.35,217.48
2022-01-19,East,Technology,1598.91,250.64
2022-07-10,East,Furniture,999.48,225.8
2023-06-06,West,Technology,955.7,253.66
2021-01-19,South,Furniture,1167.42,-9.16
2022-07-29,Central,Furniture,454.41,61.4
2023-01-21,Central,Office Supplies,1061.57,-72.89
2023-10-01,West,Office Supplies,41.87,-2.17
2022-02-23,South,Furniture,961.61,155.53
2022-02-23,South,Office Supplies,685.38,64.86
2021-05-02,West,Furniture,1356.24,275.77
2022-03-08,East,Furniture,1283.94,90.22
2021-02-13,South,Furniture,774.06,-37.9
2022-01-16,Central,Office Supplies,34.4,8.56
2021-05-25,West,Technology,519.5,-34.73
2021-12-29,Central,Office Supplies,1274.03,-31.1
2023-12-10,East,Technology,163.3,1.76
2023-12-25,West,Office Supplies,233.13,69.5
2021-12-21,Central,Office Supplies,1301.13,86.84
2023-03-11,Central,Technology,1516.42,152.68
2023-04-06,East,Furniture,656.67,136.51
2022-02-02,West,Technology,989.55,152.95
2023-05-30,South,Furniture,1892.51,447.71
2022-04-08,South,Furniture,1892.18,178.95
2023-03-19,Central,Office Supplies,628.86,181.66
2021-07-06,East,Office Supplies,1623.78,355.16
2023-01-02,Central,Office Supplies,1196.01,72.41
2022-03-05,East,Office Supplies,1951.46,102.47
2023-05-08,South,Office Supplies,965.67,262.47
2021-08-25,Central,Technology,1553.92,270.02
2023-02-10,Central,Technology,1540.91,228.94
2023-01-28,East,Technology,1004.92,204.13
2021-05-16,West,Technology,1595.35,198.36
2023-03-03,East,Office Supplies,536.86,-19.51
2021-06-20,West,Technology,262.06,7.26
2021-06-08,South,Technology,861.82,106.16
2021-07-20,Central,Furniture,1888.39,-175.12
2023-08-20,Central,Office Supplies,1011.47,75.8
2022-08-06,East,Technology,1277.81,258.53
2023-05-26,East,Technology,1255.84,-43.08
2022-01-06,South,Technology,282.49,-20.95
2021-04-13,South,Office Supplies,792.79,185.84
2023-09-29,West,Technology,1419.74,208.57
2023-09-03,South,Furniture,1944.54,-57.11
2023-03-09,South,Office Supplies,352.68,78.48
2022-10-20,South,Furniture,832.67,135.93
2023-06-01,South,Office Supplies,208.29,7.01
2023-01-03,West,Technology,499.91,25.23
2022-02-27,South,Office Supplies,765.98,-28.84
2022-07-26,West,Office Supplies,1090.47,255.28
2021-06-20,East,Office Supplies,476.52,49.37
2021-06-22,Central,Furniture,470.57,57.79
2022-10-25,East,Office Supplies,1560.1,395.32
2022-03-29,South,Technology,1926.03,-180.41
2021-12-16,Central,Office Supplies,660.75,-48.39
2022-05-09,South,Office Supplies,1382.22,-48.89
2022-09-12,South,Technology,531.0,-46.72
2023-10-25,East,Technology,1857.35,303.24
2023-07-08,South,Furniture,1352.35,207.66
2021-01-06,East,Technology,1609.3,-25.23
2021-10-15,South,Technology,117.72,-4.74
2022-08-31,West,Technology,1205.04,-50.28
2022-04-02,Central,Office Supplies,1064.67,299.49
2023-10-27,East,Furniture,600.13,106.46
2022-09-16,East,Technology,539.61,72.4
2022-01-11,Central,Technology,1168.45,33.88
2022-03-23,East,Technology,1418.84,103.88
2023-04-15,Central,Office Supplies,85.68,-5.5
2023-03-22,West,Office Supplies,1143.46,342.19
2023-08-17,South,Furniture,357.51,72.23
2023-04-29,West,Furniture,297.92,44.27
2023-03-20,South,Office Supplies,1253.78,169.39
2023-09-06,Central,Technology,635.52,64.65
2022-02-20,West,Technology,892.94,2.65
2022-12-27,South,Furniture,732.8,-6.92
2022-03-30,Central,Technology,1303.71,156.2
2021-05-30,South,Office Supplies,950.84,-68.38
2023-01-29,East,Furniture,1927.65,-135.34
2023-02-18,East,Office Supplies,717.72,89.23
2023-08-31,Central,Office Supplies,1485.76,398.07
2023-02-02,South,Technology,529.44,140.68
2023-09-29,East,Office Supplies,1027.33,-98.28
2021-03-17,West,Office Supplies,1114.09,-63.55
2022-08-22,South,Technology,671.64,89.48
2021-08-13,South,Office Supplies,954.13,228.41
2021-04-23,East,Technology,572.97,161.45
2021-09-08,East,Office Supplies,31.88,7.79
2023-04-21,Central,Technology,446.98,76.45
2022-12-15,South,Technology,1406.13,-27.83
2021-05-05,West,Furniture,1546.51,-109.73
2023-12-29,East,Office Supplies,574.8,-46.56
2023-12-07,South,Office Supplies,827.93,119.91
2023-06-03,East,Furniture,93.98,-8.04
2021-01-30,Central,Technology,489.38,95.77
2021-10-08,South,Technology,1562.85,289.11
2023-07-13,South,Furniture,1219.85,-83.14
2022-01-03,Central,Furniture,427.43,112.26
2022-05-10,West,Technology,529.74,57.62
2023-11-15,East,Technology,1637.27,428.6
2022-12-19,Central,Furniture,433.99,113.12
2023-10-14,South,Office Supplies,681.63,-14.44
2022-08-29,Central,Technology,1335.43,69.75
2022-01-10,South,Furniture,1131.0,-52.2
2022-10-01,Central,Office Supplies,932.52,195.82
2023-11-15,West,Office Supplies,1801.49,183.12
2021-04-26,South,Office Supplies,455.03,123.55
2021-02-17,Central,Office Supplies,1488.01,-24.87
2021-04-09,West,Furniture,334.95,58.73
2022-02-09,West,Technology,1239.15,366.41
2022-11-16,East,Office Supplies,1743.83,289.74
2023-06-22,South,Office Supplies,926.65,-67.17
2022-05-18,East,Furniture,1454.1,196.84
2023-06-13,West,Office Supplies,1644.38,-46.15
2021-09-15,East,Furniture,289.33,-25.4
2023-04-24,East,Furniture,1417.54,48.17
2021-05-01,Central,Technology,1841.29,11.86
2023-03-21,East,Office Supplies,1161.21,250.25
2023-09-05,West,Technology,388.52,19.22
2021-02-23,East,Furniture,271.35,52.42
2023-10-16,South,Office Supplies,534.28,-49.96
2023-02-23,Central,Furniture,224.96,-21.16
2021-08-29,West,Furniture,1036.52,-91.5
2022-04-28,East,Furniture,158.02,-1.94
2023-10-10,South,Office Supplies,462.34,22.93
2021-07-06,West,Furniture,891.02,127.54
2022-10-18,East,Furniture,958.35,282.11
2021-09-19,Central,Office Supplies,1139.49,47.59
2023-08-11,East,Technology,1417.12,-110.16
2022-05-06,West,Furniture,113.51,-2.5
2022-03-07,West,Technology,179.63,46.55
2021-08-27,West,Technology,140.5,25.26
2021-10-31,South,Technology,857.84,185.36
2021-10-25,East,Technology,102.86,-5.18
2021-03-17,East,Technology,1497.24,-68.88
2023-09-26,East,Technology,461.54,-25.43
2022-10-04,Central,Office Supplies,1879.64,456.5
2023-04-07,South,Office Supplies,983.08,-15.74
2021-10-10,South,Technology,903.72,142.12
2022-08-14,Central,Office Supplies,1565.47,166.67
2021-03-13,South,Office Supplies,1432.04,168.63
2022-12-04,Central,Technology,1222.47,-26.68
2022-07-29,West,Technology,1871.59,288.41
2023-09-27,West,Furniture,856.07,-70.85
2023-06-11,South,Office Supplies,1620.89,482.03
2021-01-12,West,Technology,772.58,-68.99
2021-05-21,West,Office Supplies,1679.92,-134.29
2021-01-17,West,Office Supplies,533.76,15.94
2023-12-23,East,Office Supplies,592.75,137.9
2021-09-10,West,Furniture,1362.18,3.92
2022-04-10,East,Technology,441.17,39.16
2022-01-11,Central,Office Supplies,473.73,-43.97
2023-09-08,Central,Technology,624.42,-42.74
2022-06-04,Central,Office Supplies,1364.28,195.35
2021-03-31,Central,Technology,1780.99,-39.64
2022-12-21,Central,Technology,1355.64,240.9
2023-03-15,West,Technology,1659.07,355.3
2023-03-07,West,Office Supplies,1096.25,263.25
2022-09-22,West,Furniture,156.47,-7.27
2021-03-17,Central,Technology,218.92,18.0
2023-07-15,Central,Furniture,1117.7,311.65
2022-02-04,East,Technology,669.05,139.72
2023-08-28,South,Furniture,456.72,-24.3
2023-12-31,West,Technology,943.19,95.26
2023-03-08,South,Furniture,1339.66,360.3
2021-07-14,Central,Technology,782.28,59.47
2021-08-16,Central,Technology,1609.03,378.07
2022-04-06,Central,Furniture,1482.28,145.76
2022-09-10,South,Technology,1475.13,-84.49
2023-11-11,East,Office Supplies,1970.68,-80.52
2021-03-05,Central,Technology,604.56,-49.17
2021-06-14,East,Technology,1296.56,-28.36
2021-01-27,East,Office Supplies,1713.85,441.22
2023-10-09,West,Office Supplies,1167.46,186.89
2021-10-12,South,Office Supplies,1583.21,309.59
2021-10-08,Central,Furniture,840.62,124.97
2023-04-18,East,Office Supplies,1189.17,64.95
2023-04-11,South,Furniture,130.22,-1.73
2023-07-07,South,Office Supplies,1971.82,532.88
2021-08-12,Central,Furniture,1604.04,169.92
2023-02-23,West,Office Supplies,1740.24,160.87
2023-08-23,West,Office Supplies,1394.7,416.24
2023-08-08,East,Technology,388.38,20.81
2023-11-20,West,Office Supplies,81.44,19.68
2021-02-14,West,Technology,1732.02,424.24
2022-04-16,West,Office Supplies,804.73,-5.58
2021-02-03,South,Office Supplies,542.45,-33.67
2022-10-15,Central,Technology,1132.11,328.59
2023-04-10,South,Technology,853.38,60.04
2021-08-09,South,Furniture,1310.3,-129.87
2022-06-18,Central,Technology,977.91,97.41
2022-11-23,South,Furniture,1400.52,206.89
2023-07-21,East,Office Supplies,1709.78,359.8
2023-04-21,East,Technology,407.2,112.87
2023-10-08,South,Technology,672.28,178.87
2022-08-05,West,Office Supplies,884.89,244.28
2021-08-27,South,Office Supplies,1924.88,-167.75
2022-03-17,West,Office Supplies,743.36,137.31
2021-05-28,South,Office Supplies,774.58,-7.48
2023-10-30,East,Technology,1313.88,-32.82
2022-01-23,West,Office Supplies,850.02,187.11
2023-12-10,East,Office Supplies,1903.42,127.25
2023-07-05,South,Technology,1791.05,477.57
2022-09-30,Central,Furniture,1036.55,-86.06
2021-10-05,West,Technology,1296.65,286.39
2023-09-16,West,Furniture,134.9,-6.11
2022-08-12,South,Office Supplies,1397.55,-41.04
2022-10-11,South,Technology,1420.26,129.16
2022-09-10,West,Office Supplies,731.21,42.58
2021-05-15,Central,Technology,454.97,42.98
2022-08-03,South,Furniture,1831.86,505.61
2022-05-05,South,Technology,864.88,140.94
2022-04-23,South,Office Supplies,1314.34,21.19
2022-01-19,Central,Technology,85.99,-2.65
2021-06-12,West,Office Supplies,839.85,57.13
2022-03-17,East,Technology,1638.17,132.13
2022-02-19,South,Furniture,787.4,110.64
2021-10-15,Central,Technology,1214.26,7.77
2021-07-06,West,Technology,435.51,90.15
2021-05-10,West,Technology,844.72,-51.2
2021-07-13,Central,Technology,1856.72,230.57
2021-11-12,South,Furniture,1141.57,170.57
2021-05-24,East,Office Supplies,1805.82,-31.18
2021-01-16,South,Technology,1806.0,416.11
2022-02-27,West,Technology,1889.41,276.18
2021-09-02,East,Technology,1792.88,283.79
2023-07-16,South,Furniture,26.5,2.63
2021-05-09,East,Office Supplies,1869.35,493.2
2023-06-26,Central,Office Supplies,292.17,51.88
2023-06-06,South,Technology,99.05,5.22
2021-12-07,West,Technology,129.67,-0.59
2021-01-04,West,Office Supplies,710.85,-50.88
2021-11-02,East,Technology,1249.19,-42.29
2023-06-27,Central,Technology,816.58,242.58
2022-08-30,South,Technology,70.6,4.43
2023-09-19,Central,Furniture,963.44,249.99
2021-11-17,Central,Furniture,895.42,-28.45
2022-07-13,East,Office Supplies,1518.56,106.52
2022-09-10,East,Furniture,573.63,163.03
2022-12-12,South,Furniture,450.71,-28.64
2022-06-15,West,Office Supplies,526.76,72.48
2022-02-14,South,Furniture,621.4,166.33
2023-03-29,Central,Office Supplies,1206.35,337.63
2022-05-08,East,Technology,953.62,227.35
2021-01-12,Central,Office Supplies,687.05,166.52
2021-07-14,East,Office Supplies,761.14,122.45
2022-05-05,West,Office Supplies,754.43,-8.93
2023-03-06,Central,Technology,1945.37,374.04
2023-05-31,East,Technology,481.33,140.24
2021-07-01,South,Technology,1639.76,180.99
2023-08-20,South,Office Supplies,1422.26,6.09
2022-10-18,South,Office Supplies,31.03,4.01
2022-11-25,Central,Office Supplies,1986.49,350.11
2021-01-30,East,Office Supplies,1517.75,-25.33
2023-02-17,East,Office Supplies,1371.25,257.35
2022-03-20,East,Office Supplies,822.54,111.02
2021-10-25,Central,Office Supplies,1119.3,162.23
2023-03-19,East,Furniture,521.48,11.68
2023-04-25,West,Technology,90.26,-3.42
2023-10-13,Central,Furniture,1675.32,250.26
2022-07-08,West,Technology,1795.04,241.42
2021-10-30,West,Office Supplies,341.69,12.03
2022-02-25,South,Furniture,1578.37,28.97
2021-07-04,Central,Office Supplies,1487.48,57.86
2022-04-13,East,Furniture,373.18,35.81
2023-01-24,West,Furniture,855.22,247.95
2021-12-29,Central,Office Supplies,857.06,176.06
2021-12-02,East,Furniture,1524.73,367.0
2021-06-11,South,Furniture,1678.57,171.65
2021-01-12,Central,Technology,207.65,22.93
2022-08-11,Central,Office Supplies,1134.68,-20.73
2021-07-20,Central,Office Supplies,1528.26,287.95
2022-06-06,East,Furniture,1576.66,108.21
2022-05-20,West,Office Supplies,313.03,61.66
2023-02-27,West,Technology,1060.5,67.47
2023-11-29,Central,Technology,1717.97,-97.23
2021-03-01,Central,Office Supplies,650.67,-20.03
2022-08-01,East,Office Supplies,861.73,193.57
2021-11-17,South,Technology,1612.63,5.56
2023-07-12,Central,Office Supplies,196.85,1.13
2022-07-23,Central,Furniture,1721.8,467.89
2022-06-11,South,Office Supplies,636.09,103.72
2022-06-08,Central,Furniture,22.87,-1.24
2022-09-05,West,Technology,483.64,-20.59
2021-05-05,Central,Office Supplies,197.21,1.76
2023-05-21,West,Technology,202.92,27.92
2021-10-07,East,Office Supplies,1391.81,279.94
2023-07-06,East,Furniture,443.67,4.35
2022-09-14,West,Office Supplies,1870.79,464.44
2023-04-26,West,Technology,1042.56,-58.73
2022-11-05,South,Furniture,930.99,-15.79
2021-11-10,West,Office Supplies,879.88,253.57
2021-11-28,West,Technology,1391.32,-64.14
2021-02-05,Central,Technology,915.48,233.67
2023-11-12,South,Office Supplies,274.63,49.87
2021-07-25,West,Technology,1762.74,-124.74
2022-10-01,West,Furniture,868.22,81.16
2023-04-28,West,Office Supplies,166.53,17.92
2022-03-16,Central,Furniture,1068.14,291.45
2022-12-30,Central,Technology,1301.75,89.09
2023-07-30,Central,Technology,565.65,44.52
2021-06-13,East,Technology,1604.67,-88.27
2021-05-28,Central,Furniture,1346.16,209.56
2021-10-21,West,Technology,1307.68,-20.45
2021-07-14,Central,Office Supplies,853.23,-58.86
2022-10-25,Central,Office Supplies,1924.59,575.01
2022-04-25,South,Technology,562.89,4.42
2021-05-03,West,Office Supplies,1163.86,-50.72
2022-11-30,Central,Furniture,631.93,113.62
2023-08-23,East,Furniture,1494.71,341.8
2022-10-23,South,Technology,114.63,-8.52
2022-12-11,Central,Office Supplies,110.87,-6.41
2022-01-31,South,Office Supplies,1625.5,-103.92
2023-07-01,South,Technology,879.85,-71.46
2023-10-02,East,Furniture,695.54,113.92
2021-11-13,East,Technology,1222.9,165.49
2022-11-12,East,Office Supplies,1409.76,232.78
2022-05-10,West,Office Supplies,418.38,42.79
2022-07-10,South,Technology,387.15,87.88
2022-09-02,Central,Furniture,1917.14,227.5
2021-04-19,East,Furniture,1187.54,317.67
2022-01-07,East,Technology,792.43,74.69
2023-05-05,South,Office Supplies,1606.85,347.5
2022-09-08,South,Furniture,1059.81,66.71
2023-02-07,South,Technology,498.49,36.93
2021-07-25,Central,Office Supplies,429.34,102.87
2023-04-27,West,Furniture,805.78,-45.88
2021-02-12,West,Furniture,1722.59,216.99
2023-05-15,East,Technology,141.67,26.99
2023-02-24,West,Office Supplies,452.68,90.61
2022-04-21,Central,Furniture,1788.44,244.3
2021-03-24,West,Technology,261.03,20.68
2021-07-09,Central,Furniture,1266.66,5.46
2023-03-11,East,Office Supplies,442.75,116.78
2023-07-25,South,Furniture,1219.62,58.44
2021-09-08,Central,Office Supplies,778.55,170.97
2021-10-18,South,Furniture,221.32,-19.33
2021-11-22,East,Furniture,1173.3,-8.37
2023-04-17,Central,Technology,1372.42,52.47
2022-05-23,Central,Furniture,1366.94,230.51
2023-01-01,West,Office Supplies,1281.33,35.53
2021-03-13,Central,Technology,1010.45,-84.33
2022-10-03,East,Office Supplies,1048.56,-31.93
2023-07-29,South,Office Supplies,1278.57,4.69
2022-08-31,Central,Technology,1386.71,-41.02
2022-07-20,East,Office Supplies,1316.66,-24.37
2021-02-23,East,Furniture,1182.15,245.39
2022-06-12,Central,Technology,328.56,21.3
2022-09-03,West,Furniture,437.02,27.13
2021-07-12,Central,Furniture,535.24,153.42
2021-02-27,Central,Office Supplies,1840.93,144.85
2021-05-09,West,Office Supplies,1523.6,412.99
2022-12-07,East,Furniture,1114.68,21.88
2023-05-02,Central,Technology,519.07,31.27
2021-01-08,West,Furniture,239.57,14.02
2021-01-29,South,Furniture,1799.54,213.12
2023-08-05,South,Office Supplies,1787.48,238.98
2021-05-11,West,Office Supplies,239.18,-0.18
2021-07-07,East,Furniture,1598.49,347.57
2022-12-10,West,Furniture,904.36,89.18
2021-07-31,East,Office Supplies,661.45,-64.28
2021-10-03,South,Furniture,1483.43,202.54
2021-08-31,Central,Office Supplies,1236.37,271.04
2023-09-14,West,Furniture,1564.46,0.29
2022-11-16,South,Technology,167.17,-14.18
2021-06-20,Central,Technology,650.8,145.04
2022-10-15,South,Furniture,652.25,189.49
2021-07-07,West,Office Supplies,672.91,-46.68
2021-02-21,West,Furniture,1014.91,279.32
2021-04-21,Central,Furniture,580.37,25.37
2023-05-27,West,Office Supplies,899.88,248.89
2023-12-03,South,Furniture,748.2,119.36
2021-07-30,Central,Office Supplies,1475.89,377.97
2023-05-08,Central,Furniture,1214.93,260.4
2022-09-19,South,Office Supplies,1314.19,-116.7
2023-11-16,East,Furniture,436.96,-32.26
2021-10-26,Central,Technology,664.49,73.29
2023-07-13,East,Office Supplies,61.91,-2.98
2021-05-17,South,Technology,234.58,19.8
2023-11-10,South,Office Supplies,544.81,153.56
2022-03-16,Central,Office Supplies,149.62,2.68
2021-07-30,West,Office Supplies,1213.21,115.94
2023-01-22,Central,Office Supplies,1996.3,107.21
2022-03-11,West,Furniture,219.61,33.37
2023-02-19,East,Furniture,1646.04,-36.97
2022-03-15,West,Office Supplies,255.26,1.01
2022-10-28,Central,Furniture,1346.43,327.87
2023-12-02,West,Office Supplies,1293.45,290.42
2022-02-15,South,Office Supplies,1807.38,389.81
2023-03-17,East,Technology,245.61,51.18
2022-09-02,South,Office Supplies,644.58,54.0
2022-03-03,South,Office Supplies,199.74,38.26
2023-06-21,South,Furniture,826.62,45.37
2023-07-31,South,Office Supplies,1824.95,-108.98
2023-01-12,West,Office Supplies,1567.42,89.89
2021-11-24,South,Technology,1451.34,-53.02
2021-02-21,West,Furniture,1075.39,60.59
2022-01-11,South,Furniture,1769.3,33.56
2021-09-20,Central,Technology,909.89,127.08
2021-09-24,South,Office Supplies,316.38,14.12
2021-12-25,Central,Technology,1678.42,305.87
2022-10-14,West,Furniture,573.68,60.16
2021-02-15,East,Technology,126.19,33.79
2022-08-23,West,Furniture,269.56,-17.14
2022-12-21,East,Technology,1225.94,214.64
2022-08-24,East,Office Supplies,1222.02,206.47
2022-01-16,South,Office Supplies,535.16,149.98
2021-04-28,East,Furniture,1459.82,70.98
2021-04-26,West,Technology,1551.81,34.41
2021-09-17,South,Furniture,1842.6,-57.2
2021-11-01,East,Office Supplies,1178.18,7.21
2021-01-07,West,Furniture,1563.26,157.51
2022-01-01,East,Office Supplies,1511.14,355.25
2022-06-07,East,Furniture,530.46,7.28
2022-03-05,South,Technology,634.25,-23.41
2023-03-02,South,Office Supplies,967.4,8.56
2023-01-17,West,Furniture,57.7,-3.44
2022-01-02,South,Office Supplies,608.85,164.8
2021-11-09,South,Technology,958.29,238.66
2022-06-22,Central,Office Supplies,233.98,5.47
2023-07-10,Central,Technology,270.03,-0.33
2023-12-14,West,Office Supplies,937.21,245.7
2023-05-15,South,Technology,1467.31,-145.69
2023-02-21,West,Office Supplies,1670.82,234.3
2021-11-30,Central,Technology,1101.7,293.49
2023-03-09,Central,Furniture,960.0,99.29
2021-12-14,Central,Furniture,780.88,-77.16
2021-09-30,West,Office Supplies,402.04,-5.01
2023-08-21,South,Technology,310.19,83.43
2022-12-21,East,Furniture,1587.95,-147.98
2022-05-15,South,Office Supplies,940.71,54.48
2022-11-16,West,Furniture,1584.83,342.16
2021-03-20,Central,Technology,1414.08,332.64
2022-09-14,East,Office Supplies,403.91,36.77
2023-08-05,West,Technology,1030.41,-7.22
2021-12-24,Central,Technology,899.15,125.77
2022-09-10,West,Technology,859.27,4.74
2022-05-22,East,Furniture,1094.29,2.3
2022-07-30,Central,Office Supplies,1964.52,438.17
2021-09-01,South,Technology,1629.54,-62.4
2022-05-21,West,Furniture,1809.35,-176.94
2022-02-26,East,Technology,78.69,2.73
2021-08-05,South,Furniture,297.87,28.71
2023-10-06,East,Office Supplies,187.83,34.19
2021-11-26,West,Office Supplies,541.2,114.98
2022-10-12,East,Office Supplies,894.95,148.03
2022-01-26,Central,Office Supplies,1291.27,194.47
2022-01-16,East,Technology,1011.65,168.24
2023-01-12,West,Furniture,1808.3,15.57
2023-03-31,Central,Office Supplies,1880.91,99.58
2022-11-04,East,Technology,343.77,50.39
2022-05-28,East,Office Supplies,1708.77,-126.06
2023-08-07,Central,Office Supplies,973.81,17.66
2023-07-19,South,Office Supplies,917.59,57.41
2023-07-02,South,Furniture,1574.18,178.47
2022-10-06,Central,Furniture,204.42,19.34
2022-03-03,East,Furniture,1767.34,330.94
2022-05-17,South,Office Supplies,1348.31,120.5
2022-12-31,Central,Technology,1753.02,458.68
2021-03-12,West,Technology,1989.07,103.68
2022-04-23,East,Technology,1045.65,115.18
2022-04-02,West,Office Supplies,204.66,-20.2
2021-07-08,East,Furniture,349.72,8.46
2021-10-18,South,Technology,660.76,162.96
2023-07-09,West,Office Supplies,225.03,7.52
2021-10-19,West,Office Supplies,1634.38,2.08
2023-01-26,Central,Technology,607.8,71.36
2022-01-12,South,Technology,1952.25,-133.74
2022-05-23,South,Office Supplies,1411.13,158.95
2022-06-12,East,Technology,363.39,7.8
2022-07-13,Central,Office Supplies,962.56,51.25
2023-11-21,Central,Technology,944.43,204.51
2021-09-17,East,Furniture,995.17,163.99
2022-02-25,West,Office Supplies,1080.67,84.77
2021-10-31,East,Furniture,81.72,10.71
2023-07-31,East,Technology,1378.88,285.07
2023-11-29,East,Office Supplies,984.64,195.27
2022-06-26,Central,Technology,1586.11,-41.03
2023-12-26,East,Office Supplies,1634.39,33.29
2021-04-18,East,Technology,476.46,18.72
2021-09-25,East,Furniture,115.88,-2.9
2021-08-10,South,Furniture,1412.4,-134.37
2022-11-24,West,Technology,1955.97,-59.49
2021-09-12,West,Furniture,904.38,201.95
2021-09-10,West,Furniture,534.03,63.21
2021-09-14,West,Technology,330.21,12.11
2022-01-18,Central,Office Supplies,589.14,84.45
2022-03-18,Central,Technology,669.28,131.13
2022-08-22,East,Office Supplies,859.27,35.89
2022-01-25,Central,Furniture,1317.71,113.89
2022-08-05,West,Furniture,560.86,-41.68
2023-12-04,South,Furniture,120.93,16.79
2022-08-21,East,Furniture,759.09,32.31
2021-01-19,East,Furniture,1714.15,125.83
2022-08-30,West,Office Supplies,1006.74,69.51
2021-02-02,West,Office Supplies,1930.27,295.26
2023-05-12,West,Office Supplies,1017.17,131.2
2021-06-04,Central,Technology,566.28,38.98
2023-06-24,East,Furniture,402.76,-37.54
2022-02-09,West,Furniture,1395.16,207.02
2023-04-24,South,Furniture,1082.03,272.49
2023-01-17,East,Technology,1215.92,252.69
2021-09-28,East,Technology,1515.15,443.4
2023-02-09,Central,Technology,1457.29,-64.66
2021-06-21,East,Furniture,105.86,-1.16
2021-10-01,West,Office Supplies,1609.09,186.18
2021-09-16,West,Technology,1074.75,-6.07
2022-02-26,South,Technology,795.58,-68.56
2021-12-30,East,Office Supplies,1084.29,66.05
2022-01-13,East,Technology,1232.65,18.56
2022-08-03,Central,Office Supplies,316.02,1.74
2023-06-10,West,Furniture,846.48,238.09
2022-12-23,South,Office Supplies,684.46,-3.16
2023-05-31,West,Office Supplies,713.81,-34.42
2022-08-28,East,Furniture,200.84,-10.02
2021-01-22,East,Technology,336.49,74.88
2022-01-18,South,Furniture,340.43,63.3
2021-05-14,East,Technology,758.98,-36.59
2023-11-15,South,Technology,1791.09,-21.67
2022-05-18,South,Office Supplies,427.93,85.13
2021-05-24,West,Furniture,844.06,8.31
2021-08-12,South,Office Supplies,636.99,186.39
2021-08-08,East,Furniture,1579.02,183.53
2021-06-28,Central,Furniture,119.25,-2.77
2022-03-09,Central,Office Supplies,409.16,99.64
2021-09-22,East,Technology,437.07,12.15
2023-08-12,Central,Technology,1986.07,30.83
2022-03-05,Central,Furniture,1150.13,35.63
2022-02-20,South,Technology,295.14,61.18
2022-12-28,Central,Office Supplies,558.95,-17.17
2021-07-16,Central,Office Supplies,352.29,18.57
2023-12-13,Central,Office Supplies,266.72,-23.38
2022-04-25,West,Furniture,1598.42,368.68
2023-06-09,East,Furniture,1001.59,36.35
2023-07-14,South,Technology,1269.8,-0.93
2021-05-03,Central,Office Supplies,675.88,89.19
2023-02-17,East,Office Supplies,1116.32,203.17
2021-12-14,Central,Furniture,529.99,119.33
2021-01-29,West,Furniture,629.91,24.64
2023-09-02,West,Furniture,1311.43,294.97
2021-02-04,Central,Office Supplies,317.69,27.31
2022-09-15,Central,Office Supplies,1242.1,-73.96
2022-08-12,Central,Technology,1707.42,407.26
2023-12-27,West,Office Supplies,258.44,30.77
2023-06-23,West,Technology,1796.97,253.35
2022-06-04,East,Technology,177.3,48.76
2021-05-02,South,Office Supplies,710.84,87.9
2021-12-06,South,Technology,1228.81,-120.14
2021-06-24,West,Technology,1127.64,279.93
2022-08-20,South,Furniture,210.85,2.93
2022-03-27,Central,Office Supplies,1601.85,161.32
2022-07-11,East,Technology,1946.84,-35.13
2023-11-06,West,Technology,378.83,7.12
2021-01-09,West,Technology,1792.36,313.05
2021-11-30,South,Office Supplies,1122.48,80.63
2023-10-14,Central,Furniture,1873.15,282.57
2021-11-23,East,Furniture,368.65,84.58
2021-01-15,South,Office Supplies,1588.2,57.7
2023-04-19,West,Office Supplies,138.37,17.62
2021-08-14,West,Office Supplies,1768.73,373.26
2021-04-23,South,Office Supplies,1354.84,252.07
2021-01-01,Central,Furniture,753.1,87.31
2021-09-23,East,Technology,397.12,21.19
2023-08-10,East,Technology,1636.74,103.12
2021-11-02,East,Office Supplies,1214.42,88.96
2021-01-12,East,Office Supplies,733.62,29.01
2023-07-26,Central,Technology,898.79,161.45
2022-02-24,West,Furniture,1656.55,-82.55
2023-06-08,West,Office Supplies,691.08,198.33
2021-06-20,East,Office Supplies,197.47,41.78
2021-05-14,East,Furniture,1824.34,35.15
2023-08-23,East,Furniture,786.94,-65.3
2023-11-15,South,Furniture,709.81,130.98
2022-10-20,South,Office Supplies,424.71,82.28
2021-06-28,West,Furniture,1796.9,512.92
2023-12-16,West,Office Supplies,450.66,0.67
2021-04-21,East,Office Supplies,1280.61,-85.69
2021-05-17,South,Furniture,1763.91,469.3
2021-08-20,Central,Technology,89.13,0.31
2023-09-19,South,Furniture,1661.01,313.29
2022-04-13,West,Technology,832.99,-63.09
2023-01-02,South,Furniture,1322.79,270.16
2022-04-26,West,Furniture,757.36,-37.25
2023-12-28,East,Office Supplies,1397.12,249.02
2023-03-25,Central,Office Supplies,523.5,59.12
2023-09-21,East,Office Supplies,63.42,17.9
2021-11-19,East,Office Supplies,1896.62,-161.65
2023-07-11,Central,Office Supplies,52.41,0.88
2023-06-23,Central,Office Supplies,1651.72,-119.25
2022-08-29,Central,Office Supplies,354.89,89.32
2022-03-05,West,Technology,796.6,109.58
2021-05-28,East,Technology,1648.53,187.91
2023-04-30,West,Office Supplies,427.75,-20.28
2022-01-02,Central,Technology,1734.1,165.8
2023-04-30,West,Furniture,1005.56,59.81
2023-12-26,Central,Technology,744.98,19.59
2023-03-24,South,Office Supplies,1331.63,278.14
2021-06-24,Central,Technology,695.95,-52.54
2022-08-11,East,Furniture,707.63,112.28
2022-05-10,East,Technology,1472.38,337.47
2023-08-31,East,Office Supplies,633.47,166.55
2021-02-04,West,Furniture,417.53,82.82
2023-09-26,East,Furniture,1619.14,21.02
2022-06-22,Central,Technology,1614.63,226.38
2023-01-20,South,Furniture,1005.22,-43.67
2023-11-04,East,Furniture,1062.78,-56.51
2022-01-09,West,Furniture,1398.23,217.35
2022-07-11,South,Office Supplies,1028.36,247.26
2021-08-21,East,Furniture,845.74,-61.82
2022-12-06,East,Technology,1989.89,-114.61
2022-07-17,South,Technology,312.33,39.43
2023-07-28,East,Furniture,1193.6,-15.18
2023-06-06,West,Technology,1774.01,256.75
2022-12-27,Central,Furniture,1380.69,-19.58
2021-03-17,Central,Technology,1764.23,-94.22
2022-03-15,South,Furniture,685.94,81.1
2022-11-30,Central,Furniture,558.55,136.78
2023-07-04,East,Furniture,1705.52,296.84
2023-06-10,East,Office Supplies,800.35,182.07
2022-11-23,West,Technology,1425.17,9.31
2021-09-10,Central,Furniture,312.54,79.51
2023-11-27,South,Office Supplies,1516.56,77.07
2022-02-14,East,Office Supplies,1106.99,266.76
2021-05-07,South,Furniture,551.85,48.82
2022-08-15,East,Furniture,999.12,7.14
2021-10-21,East,Furniture,1399.95,5.74
2023-10-17,West,Furniture,43.54,5.53
2021-11-06,Central,Furniture,1282.18,-87.7
2022-10-24,West,Technology,1092.35,297.14
2022-06-12,Central,Furniture,456.17,3.92
2022-06-24,South,Furniture,1510.9,51.75
2022-02-23,Central,Technology,620.85,-4.15
2022-03-20,South,Office Supplies,568.18,-56.13
2022-11-16,East,Technology,953.01,168.7
2023-04-20,South,Office Supplies,1358.78,185.09
2021-08-24,South,Office Supplies,1859.12,416.18
2021-08-02,East,Technology,299.89,-25.07
2021-03-26,South,Furniture,805.01,218.53
2023-03-05,South,Office Supplies,152.64,4.94
2021-03-26,East,Furniture,1521.93,403.66
2021-03-06,East,Technology,906.51,-51.8
2022-10-25,East,Office Supplies,1419.72,280.49
2022-09-19,Central,Furniture,657.94,86.68
2021-03-05,East,Office Supplies,1691.75,73.21
2023-07-28,East,Office Supplies,1078.96,-73.74
2023-07-08,South,Technology,1888.34,267.95
2022-05-06,West,Furniture,176.05,-15.74
2021-11-09,West,Furniture,1038.27,104.36
2022-09-07,Central,Office Supplies,1537.58,217.85
2023-07-08,Central,Furniture,1208.3,233.21
2023-03-24,West,Office Supplies,65.92,19.55
2023-07-29,West,Technology,1945.23,7.85
2022-11-11,East,Technology,610.56,17.68
2022-03-11,South,Furniture,513.57,18.72
2022-11-13,East,Technology,981.61,189.09
2023-12-10,Central,Technology,1093.47,298.22
2021-12-06,West,Furniture,1537.25,445.39
2021-12-13,Central,Office Supplies,798.68,222.29
2022-10-08,East,Technology,891.12,224.34
2022-10-11,Central,Furniture,1079.22,319.87
2021-09-02,Central,Furniture,800.89,40.35
2021-04-19,South,Furniture,1830.81,511.4
2022-06-17,Central,Technology,1705.48,348.61
2021-10-23,East,Technology,920.85,-30.03
2021-04-22,South,Office Supplies,20.39,-1.67
2021-12-09,Central,Office Supplies,1803.85,-25.63
2021-04-11,East,Office Supplies,266.19,56.3
2022-09-21,West,Office Supplies,504.13,76.97
2021-01-28,South,Office Supplies,321.68,-3.3
2023-07-26,Central,Office Supplies,376.03,73.99
2021-02-27,Central,Furniture,1609.7,-69.98
2021-10-24,South,Office Supplies,1167.41,267.03
2021-05-14,East,Technology,1913.07,416.41
2021-09-06,Central,Office Supplies,478.28,138.24
2023-10-18,East,Technology,981.56,-39.15
2022-07-04,South,Office Supplies,1955.31,513.55
2023-06-21,Central,Furniture,1656.36,60.36
2023-04-14,West,Furniture,1462.66,97.16
2023-02-10,West,Technology,394.17,34.44
2021-05-26,West,Office Supplies,1543.42,232.69
2023-06-12,South,Furniture,708.18,210.97
2021-12-10,Central,Furniture,1070.46,149.85
2023-11-25,South,Office Supplies,1226.14,331.9
2022-12-03,Central,Technology,1226.54,2.47
2021-01-01,West,Technology,1458.52,86.58
2021-06-02,West,Technology,1330.17,135.41
2022-03-05,East,Furniture,155.37,4.53
2022-05-23,South,Office Supplies,925.55,269.1
2022-05-06,South,Furniture,1334.76,253.97
2021-12-11,East,Furniture,606.07,55.49
2021-08-09,West,Furniture,639.85,128.3
2022-12-24,West,Furniture,266.64,23.19
2023-11-15,South,Office Supplies,848.86,-79.04
2022-06-12,Central,Furniture,1973.92,231.5
2023-04-21,West,Furniture,584.93,87.78
2023-12-02,East,Technology,1072.25,313.61
2022-04-26,East,Furniture,1491.61,-124.82
2023-07-19,East,Office Supplies,46.72,4.9
2023-05-22,South,Furniture,1802.87,-109.5
2021-12-11,South,Office Supplies,785.37,-31.73
2021-02-14,South,Office Supplies,1740.85,251.01
2021-01-21,South,Office Supplies,97.12,-0.72
2023-12-30,East,Technology,308.41,61.58
2023-05-23,East,Technology,658.61,69.6
2021-02-17,South,Furniture,704.01,-8.95
2022-07-05,South,Furniture,1698.63,165.64
2021-10-14,East,Furniture,42.18,-4.2
2023-09-29,South,Office Supplies,1289.4,316.03
2023-10-31,South,Office Supplies,280.0,-26.58
2022-06-26,South,Office Supplies,1649.97,-160.37
2023-01-26,South,Furniture,1561.58,225.81
2021-10-01,West,Furniture,1009.84,292.26
2023-08-14,South,Furniture,441.12,106.92
2022-08-23,East,Furniture,1276.3,1.03
2022-01-16,East,Technology,329.39,-7.03
2022-04-24,East,Technology,396.25,59.61
2021-01-15,East,Technology,1260.85,288.8
2022-05-31,South,Furniture,1982.63,88.88
2021-07-10,West,Technology,1784.3,130.15
2022-09-13,Central,Technology,1194.35,-64.26
2021-06-03,Central,Furniture,1086.3,-42.22
2021-09-29,Central,Technology,1996.8,254.27
2021-05-23,Central,Furniture,1103.85,-65.06
2023-12-29,East,Furniture,851.83,-16.34
2021-09-04,South,Furniture,1820.92,-11.16
2023-02-27,South,Office Supplies,483.68,37.52
2021-03-20,Central,Furniture,213.1,-17.42
2022-09-15,Central,Technology,1275.5,127.43
2022-06-09,West,Technology,209.78,56.95
2023-02-11,West,Furniture,758.83,-68.46
2023-07-27,West,Office Supplies,858.68,130.86
2022-09-09,East,Office Supplies,1104.13,258.74
2023-10-29,South,Office Supplies,1983.49,49.56
2021-03-08,East,Technology,457.54,-21.68
2021-07-10,East,Office Supplies,764.0,-63.16
2023-02-07,South,Office Supplies,281.84,44.41
2022-06-05,West,Furniture,1223.07,147.86
2023-09-17,South,Office Supplies,1460.79,-12.1
2021-09-24,Central,Office Supplies,974.51,226.72
2022-04-30,West,Office Supplies,506.75,98.41
2022-01-11,South,Furniture,1249.36,13.21
2022-10-15,East,Furniture,1087.53,218.97
2022-07-03,South,Office Supplies,358.95,-0.72
2021-03-14,West,Technology,823.25,140.04
2021-11-04,Central,Technology,881.69,-46.36
2021-07-18,East,Furniture,1965.58,347.7
2022-07-26,Central,Office Supplies,1701.59,-7.64
2023-03-02,Central,Technology,1474.05,190.13
2021-06-28,East,Office Supplies,1779.78,-55.2
2021-07-16,South,Furniture,1476.26,281.06
2023-01-05,South,Technology,1808.74,-136.83
2021-03-30,Central,Furniture,128.02,-4.33
2023-03-10,South,Office Supplies,923.01,-24.32
2023-02-27,West,Furniture,1498.86,-125.1
2023-01-18,Central,Furniture,1174.93,232.64
2021-07-28,Central,Furniture,366.83,107.25
2022-05-08,Central,Furniture,694.17,146.72
2022-10-27,West,Technology,649.19,158.57
2023-11-03,Central,Office Supplies,537.47,-52.46
2023-05-21,South,Technology,699.41,-36.97
2023-01-02,South,Office Supplies,1039.41,128.48
2022-11-29,South,Office Supplies,1712.64,498.63
2022-08-17,South,Office Supplies,1489.22,244.66
2023-06-05,Central,Office Supplies,1673.79,83.11
2023-05-02,West,Office Supplies,1769.54,-73.51
2021-11-21,East,Technology,843.98,-32.8
2023-09-06,South,Office Supplies,705.13,31.8
2023-08-14,East,Furniture,134.09,24.88
2023-06-13,East,Technology,1862.37,-162.53
2021-05-24,Central,Technology,150.33,36.21
2022-01-19,South,Office Supplies,1487.45,411.46
2021-08-04,South,Furniture,768.65,196.41
2021-11-20,South,Furniture,1898.59,503.53
2023-11-05,East,Office Supplies,850.81,-79.86
2021-08-05,South,Office Supplies,1636.88,476.52
2023-08-09,South,Furniture,579.66,26.98
2021-07-02,West,Technology,612.2,151.65
2021-09-27,Central,Technology,1199.13,-30.31
2023-08-03,South,Office Supplies,1996.01,156.91
2023-05-20,South,Technology,1044.79,-86.02
2022-04-12,Central,Technology,1873.89,-157.35
2021-11-01,Central,Furniture,1576.77,437.25
2021-04-21,East,Technology,1595.81,357.85
2023-10-11,East,Furniture,883.2,98.86
2021-08-20,East,Office Supplies,785.35,86.53
2022-08-18,Central,Office Supplies,400.01,79.8
2021-06-22,West,Furniture,1928.6,70.72
2023-08-31,South,Furniture,1919.6,393.03
2023-10-28,Central,Office Supplies,1499.19,140.93
2022-06-30,West,Furniture,606.58,94.12
2022-07-02,Central,Office Supplies,505.46,144.53
2022-06-02,West,Office Supplies,1977.45,175.06
2023-07-03,Central,Office Supplies,151.75,10.22
2021-08-03,Central,Office Supplies,1690.26,443.35
2021-05-14,West,Office Supplies,723.81,188.94
2021-10-12,West,Office Supplies,849.36,252.23
2022-11-17,West,Technology,1667.32,200.65
2021-11-27,West,Technology,199.39,7.52
2023-06-13,West,Office Supplies,721.26,-2.77
2023-06-18,West,Technology,1905.01,-164.52
2021-03-19,West,Furniture,1404.15,267.76
2023-08-05,West,Furniture,1514.78,-10.01
2022-11-19,Central,Office Supplies,1519.86,216.82
2021-01-21,West,Technology,139.93,37.31
2022-07-20,West,Furniture,422.35,118.29
2023-04-07,Central,Furniture,992.7,-97.52
2021-06-28,Central,Furniture,748.94,20.09
2023-12-19,East,Furniture,833.61,195.86
2023-06-24,East,Technology,1567.27,179.57
2022-10-31,West,Furniture,49.06,10.94
2021-07-10,West,Furniture,1327.77,320.43
2022-12-09,East,Furniture,20.22,1.56
2023-11-25,East,Office Supplies,144.86,6.31
2022-01-14,South,Furniture,828.41,68.07
2022-01-22,South,Furniture,1685.08,271.5
2021-08-25,West,Technology,307.09,14.39
2022-09-08,South,Furniture,1118.15,234.81
2021-10-10,East,Furniture,1363.44,356.67
2021-01-01,West,Furniture,474.48,6.13
2022-04-09,Central,Office Supplies,1034.41,295.84
2023-08-25,Central,Technology,1824.59,272.03
2021-06-21,East,Technology,1034.21,259.86
2023-04-23,South,Office Supplies,331.5,-19.37
2022-11-21,Central,Office Supplies,1263.07,0.76
2022-07-29,South,Technology,1192.56,33.88
2021-06-14,Central,Furniture,73.37,1.55
2022-01-18,South,Technology,199.38,-6.23
2021-07-28,Central,Office Supplies,330.43,81.71
2021-08-12,Central,Furniture,289.85,19.55
2021-01-03,West,Technology,533.74,152.25
2022-01-07,West,Furniture,919.13,122.6
2022-09-03,East,Furniture,756.0,-33.75
2021-04-26,Central,Office Supplies,1783.49,211.1
2022-03-23,South,Technology,1231.98,366.41
2022-02-19,Central,Office Supplies,1754.77,221.22
2023-06-11,South,Technology,1063.54,-105.56
2023-11-14,South,Technology,197.94,54.08
2022-10-25,Central,Furniture,937.31,-5.66
2023-12-10,South,Furniture,1647.62,289.01
2022-12-19,East,Furniture,404.33,42.87
2023-11-17,West,Office Supplies,200.6,6.05
2021-09-28,South,Furniture,672.28,8.78
2022-07-16,Central,Office Supplies,790.02,214.49
2023-03-15,West,Furniture,626.39,165.85
2021-09-04,East,Office Supplies,287.78,30.29
2022-01-22,South,Technology,516.66,1.76
2022-12-03,South,Office Supplies,1370.92,-80.97
2022-07-13,West,Office Supplies,784.14,-29.3
2023-08-31,South,Office Supplies,1272.45,138.57
2023-09-11,Central,Technology,1081.88,25.03
2021-12-18,West,Office Supplies,1107.12,-92.08
2023-01-23,West,Technology,512.13,42.03
2023-02-20,South,Furniture,1052.66,208.93
2023-10-22,East,Furniture,66.72,17.13
2022-06-30,East,Technology,874.85,117.33
2021-03-20,East,Office Supplies,1153.79,218.43
2021-11-30,East,Furniture,380.35,17.35
2023-06-08,West,Office Supplies,527.99,52.0
2022-05-17,West,Office Supplies,454.67,87.23
2023-02-04,South,Technology,159.7,30.51
2023-07-10,East,Furniture,708.76,49.48
2022-07-04,East,Technology,1958.35,230.04
2021-01-14,South,Technology,720.68,194.25
2022-01-27,South,Technology,931.86,142.39
2021-11-06,South,Technology,1313.11,206.2
2022-01-21,Central,Office Supplies,1304.03,278.86
2023-09-01,South,Furniture,1900.79,-102.47
2021-12-06,South,Furniture,1717.98,187.52
2022-08-20,Central,Furniture,1592.02,451.77
2023-01-27,East,Office Supplies,1904.22,85.05
2023-11-12,West,Office Supplies,476.92,8.57
2021-10-18,East,Technology,1241.77,174.45
2021-11-02,West,Technology,1776.65,-20.52
2022-09-26,West,Technology,1255.79,153.68
2022-09-17,South,Technology,1955.29,-73.79
2023-07-28,South,Furniture,218.7,28.85
2023-04-28,Central,Technology,889.87,125.43
2022-03-18,East,Office Supplies,1955.18,131.7
2022-05-18,East,Office Supplies,771.54,40.97
2021-05-10,West,Office Supplies,1484.32,-2.7
2022-08-20,South,Technology,80.2,2.6
2023-05-12,South,Furniture,1395.78,138.65
2022-08-16,East,Furniture,1870.56,-1.75
2023-09-26,Central,Technology,777.76,165.77
2021-11-21,South,Technology,62.17,11.42
2023-12-29,Central,Office Supplies,75.26,0.58
2022-03-24,East,Office Supplies,1786.21,-109.01
2023-03-30,East,Furniture,1450.58,-144.95
2022-12-10,Central,Office Supplies,231.24,32.07
2021-09-22,South,Office Supplies,128.09,-1.98
2022-09-04,East,Technology,1613.55,-153.23
2023-04-12,West,Furniture,1623.52,70.84
2022-11-05,East,Technology,258.63,73.66
2021-06-06,South,Furniture,617.01,108.58
2021-09-08,West,Technology,1564.45,380.33
2023-05-28,East,Furniture,1060.32,-44.64
2022-06-14,South,Office Supplies,1914.04,-135.29
2021-11-23,South,Furniture,972.5,-92.76
2023-08-19,East,Furniture,1360.38,383.99
2023-06-14,South,Technology,1029.37,20.67
2021-04-07,Central,Furniture,1887.07,158.14
2022-05-28,West,Furniture,809.35,46.79
2021-08-04,Central,Furniture,475.0,91.29
2021-05-05,East,Technology,666.74,15.99
2021-02-28,Central,Furniture,1708.49,195.08
2021-06-10,East,Technology,1005.92,300.0
2021-10-11,East,Office Supplies,721.42,56.0
2021-04-16,South,Technology,1097.63,132.27
2021-08-16,South,Furniture,283.79,28.67
2021-11-14,East,Office Supplies,30.61,6.77
2023-03-13,West,Furniture,575.56,3.88
2023-05-24,West,Technology,1217.91,-38.76
2022-04-17,West,Office Supplies,1429.13,288.17
2023-12-16,Central,Office Supplies,1656.69,109.75
2022-09-17,East,Office Supplies,1854.79,492.43
2021-01-13,South,Furniture,835.98,131.8
2023-11-08,Central,Office Supplies,1486.22,186.87
2022-11-25,Central,Office Supplies,167.85,-12.05
2023-08-31,South,Office Supplies,133.91,25.73
2021-04-23,East,Office Supplies,267.1,46.59
2021-08-17,Central,Technology,908.17,141.7
2021-06-20,East,Furniture,438.34,3.14
2021-10-22,East,Furniture,588.11,163.9
2021-07-08,East,Office Supplies,1302.8,37.34
2022-03-02,South,Technology,729.87,-28.54
2023-09-04,East,Office Supplies,1123.6,331.33
2022-10-20,Central,Furniture,836.56,166.06
2023-07-08,South,Furniture,354.56,23.37
2022-05-14,South,Furniture,166.56,45.7
2023-02-01,Central,Office Supplies,487.74,-31.0
2023-05-16,South,Office Supplies,134.25,-8.72
2023-04-06,Central,Technology,1244.85,215.33
2021-03-12,West,Technology,1595.52,-45.97
2021-09-05,Central,Furniture,692.69,184.85
2021-05-26,South,Furniture,786.48,185.72
2022-08-05,Central,Technology,1636.06,36.89
2022-04-15,West,Furniture,460.77,117.74
2021-07-12,East,Technology,255.94,-21.2
2023-12-28,East,Office Supplies,1012.21,120.91
2022-05-09,East,Furniture,1299.46,356.34
2021-02-21,South,Furniture,1207.32,292.36
2023-06-01,West,Technology,1433.47,60.82
2021-12-29,Central,Office Supplies,132.37,-3.55
2023-07-06,Central,Furniture,867.84,-13.7
2022-04-19,Central,Furniture,492.37,52.09
2022-06-05,Central,Technology,1523.06,211.26
2022-11-22,South,Office Supplies,1748.01,-151.86
2022-06-16,South,Technology,577.04,37.75
2023-04-20,West,Office Supplies,208.53,48.41
2023-12-25,Central,Office Supplies,521.79,40.56
2021-08-29,East,Technology,225.94,-7.3
2022-06-20,South,Technology,658.4,185.63
2021-03-24,West,Office Supplies,1085.63,7.07
2023-09-09,West,Technology,1947.89,427.31
2023-08-09,South,Furniture,810.75,-18.23
2022-09-03,East,Furniture,455.68,31.56
2022-07-28,East,Furniture,350.27,33.69
2021-10-13,Central,Furniture,362.62,36.35
2023-09-16,South,Furniture,401.34,42.78
2022-04-04,East,Technology,1529.29,-15.32
2021-05-06,South,Office Supplies,140.83,14.98
2022-03-01,West,Technology,1994.86,184.89
2022-07-08,West,Furniture,1054.92,-17.42
2022-09-02,West,Furniture,1097.66,324.11
2021-04-22,South,Technology,727.98,179.25
2022-02-06,Central,Technology,1386.71,353.65
2021-05-02,Central,Office Supplies,953.48,166.12
2021-09-30,East,Furniture,671.54,-24.2
2022-02-02,South,Technology,544.97,69.34
2022-04-16,Central,Office Supplies,1852.79,423.5
2023-09-12,South,Furniture,596.16,-50.38
2022-07-23,Central,Furniture,884.06,86.94
2023-06-16,West,Furniture,713.68,41.71
2023-03-31,West,Technology,190.63,-2.89
2023-05-03,East,Furniture,388.15,19.91
2022-12-11,West,Furniture,395.21,115.95
2021-11-17,Central,Office Supplies,1393.43,263.77
2021-06-28,East,Technology,825.04,16.35
2023-06-16,East,Office Supplies,1568.3,222.92
2021-08-07,West,Technology,1423.72,-1.9
2023-02-28,South,Furniture,400.26,57.77
2022-05-07,West,Office Supplies,1134.58,293.25
2021-03-02,West,Technology,1490.96,183.02
2023-12-14,East,Technology,1273.42,246.2
2022-06-22,West,Furniture,1208.03,98.26
2023-04-28,Central,Furniture,1484.43,162.77
2023-09-15,East,Office Supplies,132.43,23.58
2021-03-06,West,Office Supplies,1468.22,330.29
2022-08-09,South,Technology,559.86,91.69
2021-06-20,Central,Office Supplies,1152.31,335.32
2022-06-19,South,Furniture,499.76,113.91
2022-11-24,Central,Office Supplies,1680.86,354.43
2021-04-18,South,Office Supplies,971.51,231.26
2023-03-25,West,Technology,1293.02,16.14
2023-10-02,Central,Furniture,1592.28,115.95
2022-03-28,East,Technology,1792.72,225.5
2022-08-13,East,Furniture,1469.48,124.84
2023-11-06,South,Furniture,314.56,75.17
2021-11-23,South,Technology,1711.97,-152.66
2022-08-31,South,Office Supplies,1244.78,-20.33
2022-10-21,Central,Technology,1226.71,309.97
2021-01-02,East,Office Supplies,1844.25,-140.83
2023-10-31,West,Technology,512.69,-4.72
2022-03-10,Central,Technology,494.38,20.02
2021-05-05,South,Office Supplies,1036.12,207.53
2022-04-30,East,Office Supplies,1506.71,186.94
2022-10-14,South,Office Supplies,905.54,255.22
2023-03-11,West,Technology,1275.1,-11.28
2023-05-23,West,Office Supplies,916.0,227.94
2021-05-09,East,Office Supplies,1228.57,16.17
2022-03-14,Central,Office Supplies,1648.08,-2.97
2023-01-21,West,Furniture,377.34,37.49
2022-05-16,West,Office Supplies,1396.85,-99.9
2023-12-18,West,Office Supplies,1579.1,84.83
2021-07-30,West,Office Supplies,905.28,38.27
2023-06-21,South,Furniture,660.0,-23.73
2021-02-14,South,Furniture,46.82,11.44
2022-06-19,Central,Office Supplies,1598.27,86.88
2022-04-06,East,Office Supplies,669.32,195.96
2022-01-26,East,Office Supplies,727.47,189.06
2023-12-04,East,Office Supplies,685.29,-15.13
2021-01-27,West,Furniture,1007.5,102.81
2023-03-05,South,Office Supplies,1410.95,198.55
2023-09-02,South,Furniture,1548.29,352.37
2022-07-02,Central,Technology,797.29,202.72
2022-09-13,East,Furniture,1332.94,199.42
2022-07-21,South,Technology,1446.95,-124.36
2022-12-05,Central,Furniture,607.9,56.24
2021-07-04,East,Furniture,211.31,53.66
2023-12-29,West,Furniture,1791.44,332.56
2023-04-28,South,Office Supplies,1360.69,337.53
2022-08-22,South,Furniture,1303.26,221.07
2023-03-17,East,Office Supplies,136.63,-11.26
2021-03-20,West,Furniture,1639.39,470.84
2022-08-02,West,Furniture,1140.79,304.83
2022-02-17,South,Technology,1698.81,-83.87
2022-06-30,East,Furniture,1949.63,-107.08
2021-06-18,Central,Office Supplies,1915.06,221.44
2022-11-12,South,Technology,1715.06,347.85
2022-08-06,West,Technology,41.68,2.2
2022-05-30,Central,Furniture,1773.74,-80.61
2021-02-01,East,Furniture,168.62,17.57
2021-10-14,West,Technology,1705.36,59.73
2022-08-17,Central,Office Supplies,574.74,23.4
2023-12-03,South,Furniture,1227.94,194.01
2022-09-09,West,Technology,95.38,24.25
2023-10-22,East,Office Supplies,1546.94,190.95
2021-09-27,West,Furniture,241.18,42.22
2022-06-02,South,Technology,833.16,136.62
2023-10-31,East,Technology,1638.54,197.38
2022-08-06,South,Furniture,1396.79,33.95
2021-08-14,Central,Office Supplies,31.96,1.63
2022-11-01,West,Office Supplies,818.0,21.5
2023-07-06,South,Technology,103.02,27.51
2021-05-06,Central,Office Supplies,1353.53,312.19
2023-08-14,East,Technology,1938.52,255.38
2021-03-15,East,Furniture,1317.42,348.98
2021-02-25,Central,Office Supplies,464.26,118.18
2022-12-21,Central,Furniture,723.36,196.09
2022-07-07,East,Technology,1953.77,-22.06
2021-02-01,South,Furniture,463.62,86.7
2022-07-28,Central,Office Supplies,1131.83,162.63
2022-10-29,South,Furniture,812.9,157.32
2021-10-11,East,Office Supplies,1541.26,8.25
2021-07-06,South,Office Supplies,1737.43,309.13
2022-05-13,South,Office Supplies,694.86,44.42
2021-05-10,Central,Office Supplies,1327.58,310.17
2022-10-01,South,Office Supplies,1107.11,241.51
2021-04-24,South,Technology,571.32,-8.83
2021-01-13,South,Furniture,558.44,-14.78
2022-03-20,East,Technology,1086.49,203.27
2022-03-23,East,Furniture,324.93,39.05
2023-09-13,West,Furniture,1625.4,199.73
2023-09-20,East,Furniture,156.63,31.48
2022-12-16,East,Technology,207.26,50.15
2021-03-15,West,Office Supplies,697.61,-3.08
2022-06-21,West,Office Supplies,253.82,31.02
2021-04-11,Central,Technology,961.89,222.76
2021-06-25,Central,Office Supplies,811.36,202.12
2022-03-03,East,Furniture,1449.18,21.69
2021-02-10,South,Office Supplies,1906.95,-111.25
2022-03-05,Central,Office Supplies,1512.05,-10.39
2021-12-10,Central,Office Supplies,375.31,104.41
2022-01-01,East,Furniture,1872.33,159.13
2022-09-01,South,Office Supplies,796.42,53.7
2022-10-19,West,Office Supplies,958.89,-90.87
2022-12-29,West,Office Supplies,854.72,-68.03
2021-08-17,East,Technology,575.48,96.38
2023-04-05,East,Technology,1792.19,243.61
2023-06-08,South,Office Supplies,677.83,88.26
2023-09-11,East,Technology,1165.62,-65.12
2023-04-16,East,Technology,495.27,20.22
2021-04-27,East,Furniture,1598.8,359.64
2023-03-29,South,Technology,1552.91,-46.64
2022-01-03,East,Technology,606.7,153.54
2021-06-17,Central,Office Supplies,1369.48,-70.4
2023-08-12,South,Furniture,1413.67,-45.72
2022-10-23,Central,Furniture,1133.77,103.29
2022-11-26,South,Furniture,1209.18,336.3
2023-07-14,Central,Technology,1157.42,36.83
2021-06-01,South,Office Supplies,182.09,29.73
2022-08-09,West,Furniture,1347.13,182.49
2023-07-02,East,Furniture,950.15,-38.15
2021-10-01,East,Technology,888.15,-0.65
2022-05-11,South,Furniture,1722.8,468.71
2021-04-11,Central,Office Supplies,65.99,-1.72
2022-07-11,West,Furniture,517.6,92.13
2021-03-14,Central,Office Supplies,260.38,74.44
2023-11-04,East,Office Supplies,89.98,-4.7
2021-06-06,East,Office Supplies,565.84,33.77
2023-01-05,Central,Technology,1977.18,-20.62
2021-05-12,South,Technology,555.05,-6.31
2023-10-16,South,Office Supplies,1334.14,-69.92
2022-07-13,Central,Office Supplies,254.23,40.63
2021-04-17,East,Furniture,1211.66,240.56
2021-09-22,Central,Furniture,1969.27,336.19
2021-06-04,East,Furniture,597.84,161.33
2023-09-15,Central,Technology,1699.19,-70.9
2023-09-24,South,Furniture,1995.19,55.74
2021-09-04,West,Office Supplies,1185.34,44.84
2022-06-15,East,Office Supplies,632.61,-4.53
2023-05-08,West,Technology,1353.59,-58.36
2022-06-22,South,Technology,1692.8,160.28
2022-12-30,Central,Furniture,359.27,83.99
2021-06-03,South,Technology,915.98,258.14
2021-04-02,West,Office Supplies,651.99,-31.47
2021-12-04,South,Office Supplies,581.05,133.21
2022-03-26,South,Technology,1724.43,396.33
2023-03-21,Central,Office Supplies,854.87,47.52
2023-02-26,West,Technology,691.37,-38.71
2021-09-30,West,Office Supplies,1214.95,359.63
2022-08-11,West,Furniture,454.42,73.72
2021-06-26,East,Technology,475.19,139.17
2023-04-11,South,Technology,1050.17,98.15
2022-10-05,West,Technology,830.36,48.22
2023-12-09,South,Office Supplies,604.07,-0.68
2022-07-21,Central,Furniture,126.82,37.21
2022-10-28,Central,Technology,1051.13,1.37
2023-05-18,East,Office Supplies,1636.89,-148.13
2023-12-06,East,Technology,1705.73,179.08
2021-10-29,Central,Office Supplies,486.17,24.71
2023-05-18,West,Furniture,1207.29,5.5
2023-07-01,Central,Office Supplies,1714.64,263.79
2022-02-12,South,Office Supplies,829.28,37.9
2023-04-02,East,Technology,1865.63,113.62
2022-07-15,East,Office Supplies,1807.9,-164.12
2022-04-09,Central,Technology,432.11,58.61
2021-05-24,West,Office Supplies,532.75,-27.26
2022-03-18,West,Furniture,377.28,-5.46
2022-05-02,South,Office Supplies,408.19,76.27
2023-05-10,East,Technology,1817.57,45.98
2021-05-28,Central,Office Supplies,1863.65,-64.7
2023-12-31,Central,Office Supplies,122.76,16.08
2023-03-22,East,Furniture,1195.33,-16.78
2022-10-28,Central,Technology,1137.18,9.54
2021-03-31,East,Furniture,793.28,117.83
2021-07-18,West,Office Supplies,1270.76,249.0
2022-06-22,West,Furniture,1895.79,371.32
2021-10-28,Central,Office Supplies,357.1,33.17
2022-12-25,West,Office Supplies,258.41,21.12
2023-08-21,West,Furniture,86.11,18.52
2021-03-09,South,Furniture,740.39,-16.87
2022-04-04,East,Office Supplies,688.5,-26.93
2022-02-02,East,Furniture,873.02,144.81
2022-09-12,Central,Furniture,1016.55,64.86
2022-12-31,East,Office Supplies,1520.49,279.77
2022-07-10,South,Technology,796.38,2.1
2023-02-20,Central,Furniture,674.61,20.2
2023-06-13,Central,Furniture,1657.22,428.67
2022-09-02,East,Technology,1702.6,116.9
2023-01-18,West,Furniture,480.88,65.58
2021-10-09,West,Office Supplies,643.05,-36.86
2022-10-23,West,Furniture,1653.73,-47.08
2023-07-13,West,Office Supplies,177.23,-15.18
2023-09-23,South,Technology,665.18,46.4
2023-01-16,Central,Technology,907.73,268.3
2021-03-28,West,Technology,390.4,97.42
2023-03-02,South,Furniture,376.23,57.62
2021-10-31,Central,Technology,861.23,210.52
2021-05-10,East,Furniture,1513.95,208.42
2022-08-19,East,Furniture,1683.66,79.99
2022-07-12,South,Furniture,1958.89,-59.91
2023-06-18,Central,Technology,166.49,26.84
2021-03-19,West,Technology,449.03,-10.23
2023-02-23,Central,Furniture,1518.13,101.67
2022-11-05,West,Technology,1090.39,251.14
2021-08-26,South,Furniture,668.81,-32.31
2021-10-05,West,Technology,427.07,-20.67
2023-11-08,South,Office Supplies,575.35,-5.89
2022-06-08,Central,Technology,869.99,105.07
2021-06-29,Central,Technology,370.76,0.26
2021-05-03,West,Technology,1929.17,195.38
2023-12-11,Central,Furniture,233.03,4.85
2023-12-31,West,Furniture,1971.44,202.07
2022-04-25,Central,Office Supplies,1686.95,18.65
2023-11-09,East,Office Supplies,857.84,250.49
2021-03-25,West,Office Supplies,1484.84,144.16
2022-07-19,South,Furniture,1349.6,266.49
2022-09-11,East,Office Supplies,442.31,79.71
2021-12-23,South,Office Supplies,691.36,66.53
2023-03-27,Central,Technology,1035.98,-4.62
2022-10-09,East,Office Supplies,1282.93,133.79
2022-03-19,Central,Technology,1094.93,188.75
2023-12-29,West,Furniture,956.52,80.32
2022-06-07,South,Furniture,897.44,-60.33
2021-05-23,Central,Technology,1006.56,-93.42
2021-07-11,South,Office Supplies,880.02,27.41
2022-01-13,South,Furniture,1091.83,-43.58
2022-08-04,Central,Technology,1778.21,466.74
2022-06-19,West,Furniture,1273.0,-37.77
2023-10-30,South,Furniture,1450.79,83.73
2021-04-03,Central,Office Supplies,1203.02,222.36
2022-06-13,West,Furniture,1293.18,292.48
2022-02-09,Central,Technology,1165.13,106.13
2023-04-20,West,Office Supplies,73.2,-2.02
2023-06-08,South,Technology,1999.2,16.71
2022-02-26,East,Technology,86.55,5.85
2022-04-17,Central,Technology,802.39,36.78
2023-06-12,South,Office Supplies,228.13,9.0
2022-07-01,Central,Furniture,211.92,-10.02
2022-09-23,Central,Technology,1591.18,422.18
2023-11-04,West,Furniture,863.33,-76.06
2023-02-17,Central,Furniture,1606.25,122.08
2021-12-30,West,Technology,560.12,163.63
2021-04-29,South,Furniture,527.8,86.5
2022-06-30,Central,Office Supplies,517.44,21.82
2022-06-06,South,Office Supplies,1239.97,-51.53
2022-09-26,East,Furniture,1633.7,466.5
2023-08-21,South,Furniture,915.48,-86.43
2023-08-16,Central,Office Supplies,770.91,133.02
2023-06-02,East,Furniture,1947.69,490.92
2023-02-19,West,Furniture,251.17,-22.59
2023-05-21,East,Furniture,983.53,186.94
2022-05-31,Central,Furniture,828.81,248.26
2023-07-27,Central,Technology,214.29,33.4
2023-05-16,South,Furniture,551.04,36.3
2021-04-16,West,Office Supplies,76.31,19.06
2021-08-02,Central,Technology,1756.37,213.7
2023-04-30,Central,Technology,1223.54,244.43
2021-07-16,West,Office Supplies,1633.74,220.74
2021-01-19,West,Furniture,1052.68,-89.14
2022-10-04,South,Technology,1207.03,-17.79
2023-11-02,East,Technology,1407.69,-96.42
2021-11-26,West,Furniture,1817.86,-104.21
2023-05-16,Central,Furniture,201.67,-18.92
2023-02-13,West,Office Supplies,675.28,46.23
2022-01-27,Central,Technology,1423.87,-40.64
2022-09-29,South,Furniture,1917.53,464.58
2021-11-03,East,Furniture,1962.0,392.43
2023-06-14,South,Office Supplies,1283.44,165.91
2022-10-14,West,Technology,403.32,38.56
2023-04-21,Central,Furniture,256.03,0.6
2023-10-23,West,Office Supplies,1893.17,170.35
2022-06-04,West,Technology,879.18,137.58
2022-09-28,West,Technology,405.74,86.38
2023-01-10,West,Technology,1869.11,-125.84
2022-04-14,East,Technology,226.96,41.62
2021-07-31,Central,Office Supplies,1464.55,288.65
2023-10-29,West,Furniture,1258.02,155.48
2023-03-15,Central,Technology,193.71,-2.76
2022-04-22,East,Technology,690.72,79.9
2023-05-24,Central,Furniture,316.86,32.03
2022-04-05,Central,Technology,1216.91,109.87
2021-09-10,East,Technology,964.68,81.28
2023-01-22,West,Furniture,28.46,-1.58
2023-09-08,Central,Furniture,1951.91,-52.4
2023-05-04,South,Technology,712.18,-43.49
2021-08-24,Central,Furniture,531.24,-1.6
2022-04-23,West,Office Supplies,460.44,2.48
2022-11-10,South,Office Supplies,334.46,-0.66
2023-11-10,West,Technology,1998.29,-31.23
2021-08-04,Central,Technology,604.32,117.34
2023-05-05,East,Furniture,822.92,187.15
2021-05-15,West,Furniture,1745.28,53.83
2023-06-24,West,Technology,1290.94,28.47
2022-02-14,East,Technology,750.01,178.21
2021-03-27,Central,Office Supplies,1798.69,269.03
2022-07-10,West,Furniture,1504.45,26.14
2022-01-13,Central,Technology,471.24,87.39
2023-12-11,Central,Technology,1294.6,48.98
2021-08-30,Central,Furniture,1846.35,248.56
2023-07-09,East,Furniture,1002.99,297.94
2021-09-23,Central,Technology,1472.55,30.39
2022-12-13,Central,Technology,1942.79,528.85
2021-03-11,South,Technology,1387.02,39.2
2021-02-26,South,Furniture,222.83,25.87
2021-02-08,South,Technology,504.23,42.35
2023-03-12,West,Technology,1198.29,255.55
2023-11-08,West,Technology,565.6,-42.74
2023-01-02,South,Office Supplies,1915.93,289.02
2023-04-05,East,Office Supplies,822.6,168.03
2023-01-26,East,Furniture,925.32,82.22
2021-12-18,South,Technology,1409.17,-81.57
2021-10-10,West,Technology,1058.01,-2.2
2021-04-20,West,Furniture,776.65,133.48
2023-10-14,East,Furniture,171.74,44.34
2022-06-28,Central,Furniture,1200.96,82.44
2021-01-25,East,Technology,1737.81,215.77
2023-04-23,Central,Office Supplies,1377.81,-11.91
2023-03-02,West,Furniture,775.36,50.31
2023-01-08,West,Technology,272.9,9.47
2021-02-26,South,Furniture,1636.35,265.43
2021-06-29,West,Technology,1884.66,553.86
2021-08-20,Central,Furniture,788.78,177.73
2021-12-09,East,Technology,1462.71,-33.84
2022-04-22,South,Furniture,833.31,109.22
2022-07-30,Central,Office Supplies,1014.49,-74.5
2022-03-31,East,Furniture,1676.22,-2.07
2021-10-16,East,Furniture,185.18,-5.76
2021-09-15,East,Office Supplies,1070.06,36.62
2022-06-14,West,Furniture,444.95,76.32
2022-11-18,East,Office Supplies,692.82,69.11
2023-07-18,West,Technology,1295.97,354.01
2021-08-17,East,Office Supplies,73.91,-1.1
2022-08-19,East,Office Supplies,1195.77,54.63
2022-03-11,West,Technology,581.22,18.56
2023-06-01,West,Office Supplies,1345.58,-7.55
2023-10-18,Central,Office Supplies,300.33,89.28
2022-02-06,East,Technology,1476.91,81.07
2022-09-14,West,Furniture,1298.37,358.61
2021-03-29,Central,Furniture,1943.06,109.18
2022-08-07,Central,Office Supplies,1824.25,-33.5
2021-11-05,West,Furniture,580.94,-30.39
2023-06-25,East,Furniture,74.09,17.95
2021-12-09,Central,Office Supplies,1317.63,-114.85
2022-03-12,East,Technology,1213.72,346.83
2021-06-26,East,Furniture,74.31,5.0
2021-05-19,Central,Office Supplies,262.9,-0.28
2021-07-13,West,Technology,1177.71,173.1
2023-08-01,East,Furniture,1825.42,-85.49
2022-06-09,South,Technology,1814.87,-129.11
2023-12-02,West,Office Supplies,319.94,73.94
2023-07-04,Central,Technology,781.46,54.6
2021-07-29,South,Technology,105.54,11.32
2023-01-11,East,Office Supplies,949.16,-27.83
2023-05-12,West,Furniture,1511.11,-113.98
2023-08-12,South,Furniture,1584.15,74.63
2023-04-13,West,Technology,1008.0,103.28
2021-05-20,East,Technology,209.82,43.26
2023-03-03,West,Technology,775.1,77.84
2022-06-30,South,Technology,1865.56,397.37
2023-10-14,West,Furniture,474.63,-25.55
2021-02-26,Central,Office Supplies,653.11,-48.6
2021-04-22,Central,Office Supplies,1498.72,-54.64
2021-01-05,South,Office Supplies,1472.49,307.46
2023-11-03,West,Technology,1826.16,372.05
2021-03-31,South,Technology,788.48,-34.26
2022-09-08,West,Office Supplies,1038.91,-91.01
2023-06-10,East,Furniture,945.44,164.61
2022-11-29,Central,Office Supplies,1856.95,449.59
2023-06-17,East,Furniture,1543.27,311.19
2023-08-29,West,Technology,1666.25,-31.46
2022-10-30,East,Office Supplies,283.53,37.85
2022-08-17,South,Office Supplies,1587.86,322.25
2022-08-12,South,Technology,877.3,2.05
2022-04-30,West,Furniture,66.21,7.36
2023-09-09,Central,Office Supplies,138.97,3.58
2023-08-30,South,Office Supplies,1362.26,-13.31
2022-10-01,Central,Furniture,756.58,217.77
2023-09-24,West,Office Supplies,1738.87,460.86
2021-10-09,Central,Office Supplies,1473.86,115.35
2023-09-13,West,Technology,62.93,-2.85
2021-01-16,East,Furniture,1380.04,263.81
2023-07-25,West,Office Supplies,400.86,0.91
2021-09-11,East,Office Supplies,856.71,-27.92
2021-11-25,West,Technology,1256.98,66.13
2022-06-28,South,Office Supplies,1747.98,195.67
2023-02-22,South,Technology,923.07,-56.33
2023-09-24,Central,Office Supplies,1620.81,208.6
2023-04-25,West,Technology,1570.27,-147.39
2022-01-01,West,Furniture,840.79,215.87
2022-10-17,West,Furniture,1011.94,271.5
2023-01-30,Central,Office Supplies,1406.96,271.86
2022-10-01,South,Office Supplies,81.67,7.07
2023-11-30,West,Technology,1783.81,3.49
2023-07-13,Central,Technology,1544.24,305.21
2022-02-20,West,Furniture,513.84,140.13
2021-09-12,East,Office Supplies,1962.74,-71.81
2022-12-11,West,Technology,375.19,32.39
2022-07-31,East,Furniture,1829.89,47.77
2023-06-19,Central,Furniture,662.46,28.28
2021-01-11,Central,Technology,1531.03,95.39
2021-01-26,South,Office Supplies,923.63,259.28
2023-08-15,West,Furniture,1478.21,5.11
2022-02-25,Central,Technology,328.45,31.88
2022-05-11,South,Furniture,553.62,155.34
2021-08-25,West,Office Supplies,217.72,19.69
2023-10-06,Central,Technology,1732.99,425.34
2021-08-07,East,Office Supplies,606.66,-46.41
2022-04-06,Central,Office Supplies,1395.06,392.31
2022-10-25,East,Furniture,1644.04,-41.08
2022-09-27,South,Office Supplies,1804.81,526.96
2023-09-17,South,Furniture,230.47,-6.86
2021-07-08,West,Technology,1788.17,139.02
2021-09-12,West,Technology,410.56,9.63
2021-03-09,West,Furniture,1479.07,108.4
2022-09-08,South,Furniture,1463.12,0.31
2021-12-02,East,Furniture,36.84,10.54
2022-11-02,West,Office Supplies,456.84,10.18
2023-04-01,West,Technology,993.98,160.34
2023-05-24,South,Technology,851.67,-38.34
2021-10-27,East,Office Supplies,1838.78,422.47
2021-12-23,Central,Furniture,732.29,85.68
2021-09-13,West,Technology,1875.23,547.15
2023-10-05,Central,Office Supplies,929.67,64.48
2021-12-19,Central,Furniture,1929.42,-42.1
2022-06-08,West,Technology,1479.96,56.84
2023-08-08,South,Furniture,1662.08,323.75
2023-01-26,West,Office Supplies,227.66,37.25
2021-10-11,East,Technology,1180.56,249.5
2021-04-09,East,Furniture,302.55,-21.36
2021-07-16,West,Furniture,609.29,80.52
2022-04-27,Central,Furniture,1254.66,342.36
2023-05-28,East,Office Supplies,1457.93,-82.87
2022-09-07,East,Furniture,97.58,-6.08
2022-09-10,West,Technology,1071.27,199.94
2022-01-03,West,Technology,1139.32,29.71
2022-07-24,South,Furniture,176.08,28.78
2022-08-13,West,Office Supplies,1011.36,119.5
2023-12-02,West,Technology,1433.41,422.03
2022-02-26,East,Technology,125.39,32.05
2023-04-16,East,Technology,1525.33,261.18
2022-06-29,East,Furniture,1161.32,5.42
2021-03-12,Central,Technology,1669.79,7.95
2023-02-07,East,Furniture,451.76,114.25
2021-11-03,East,Furniture,1669.88,223.99
2022-01-12,West,Furniture,207.23,44.7
2022-10-17,South,Furniture,819.58,65.52
2022-11-09,East,Furniture,414.98,-24.39
2022-02-03,South,Technology,1754.52,58.03
2021-08-09,East,Furniture,1415.74,-50.32
2021-07-01,East,Furniture,70.22,14.94
2021-11-03,South,Furniture,38.86,7.0
2022-06-06,West,Furniture,596.67,-38.57
2023-10-11,East,Furniture,303.7,45.12
2021-01-04,South,Furniture,1268.0,316.56
2023-05-13,East,Technology,1334.32,238.77
2023-04-28,Central,Furniture,1885.06,196.88
2023-03-15,Central,Furniture,1905.04,47.14
2021-08-03,Central,Technology,1324.62,337.56
2023-08-30,Central,Technology,31.24,2.16
2021-04-11,West,Office Supplies,730.82,176.97
2023-08-21,Central,Technology,1036.02,220.88
2022-07-27,South,Technology,1008.38,228.39
2022-10-20,East,Furniture,1214.61,359.43
2023-07-28,South,Office Supplies,1921.89,383.42
2023-12-23,Central,Furniture,1772.68,-153.13
2021-08-14,West,Office Supplies,235.64,-4.2
2021-04-15,Central,Furniture,546.64,-46.97
2023-02-11,Central,Technology,1669.56,-40.13
2022-03-05,West,Technology,1652.13,-124.61
2022-03-10,West,Office Supplies,565.23,56.89
2023-11-18,West,Furniture,1466.56,-130.11
2022-11-13,West,Furniture,1350.63,120.25
2022-08-11,West,Technology,957.58,248.53
2023-12-29,West,Technology,418.88,83.54
2023-05-16,East,Office Supplies,1779.51,493.96
2023-01-16,Central,Technology,1362.15,-12.72
2023-05-14,Central,Office Supplies,354.61,39.87
2022-01-03,West,Office Supplies,1415.51,38.83
2021-09-08,South,Office Supplies,1488.04,145.13
2023-05-09,West,Office Supplies,1776.02,218.15
2023-05-06,East,Technology,461.22,-39.45
2022-07-15,South,Office Supplies,1977.73,-13.25
2021-10-21,East,Technology,323.72,58.89
2023-07-08,South,Office Supplies,1209.36,252.96
2022-03-09,South,Technology,1321.21,168.82
2021-02-28,West,Office Supplies,849.53,7.08
2023-08-27,East,Technology,960.57,59.59
2023-04-16,South,Furniture,1784.0,-109.87
2021-07-18,East,Office Supplies,1297.64,364.99
2021-08-03,West,Office Supplies,1004.06,248.48
2023-06-17,West,Furniture,274.13,-20.22
2022-04-17,West,Furniture,34.53,-1.15
2021-09-04,West,Office Supplies,267.44,35.42
2022-01-17,Central,Technology,1913.25,-13.45
2023-09-18,South,Office Supplies,1532.89,419.64
2023-07-16,Central,Technology,1934.89,391.3
2022-07-14,West,Furniture,90.7,0.85
2023-12-11,South,Technology,1366.84,-133.35
2022-11-20,South,Office Supplies,107.7,23.67
2022-01-15,East,Furniture,1568.47,109.22
2022-04-19,West,Furniture,774.28,121.52
2022-11-28,Central,Office Supplies,209.62,3.1
2023-06-30,East,Office Supplies,1144.73,-49.05
2023-08-18,South,Furniture,574.64,97.76
2022-04-23,Central,Technology,1325.96,106.25
2023-10-01,West,Technology,1323.19,-7.85
2023-07-15,Central,Technology,1415.91,-63.64
2022-12-08,Central,Office Supplies,1985.08,262.41
2023-05-04,Central,Furniture,785.66,149.45
2023-10-14,East,Technology,941.32,12.76
2023-01-24,South,Furniture,1613.13,313.04
2022-05-18,Central,Technology,1165.17,-31.17
2023-03-28,South,Furniture,93.77,3.32
2022-08-11,East,Office Supplies,1689.3,334.4
2022-12-09,West,Office Supplies,121.97,20.01
2023-12-04,West,Office Supplies,358.22,2.94
2021-07-26,Central,Technology,222.12,-11.36
2021-05-31,East,Office Supplies,174.3,-14.47
2022-10-30,West,Office Supplies,70.86,16.66
2022-06-12,East,Office Supplies,128.95,-9.02
2021-06-14,East,Furniture,896.03,-48.44
2023-07-06,Central,Furniture,520.65,-2.56
2023-10-07,Central,Furniture,270.54,21.17
2021-02-06,East,Furniture,1324.24,285.92
2021-11-29,East,Furniture,467.7,-0.47
2022-02-07,Central,Furniture,57.52,6.75
2022-02-18,East,Furniture,848.47,-54.18
2021-02-14,Central,Office Supplies,634.66,54.46
2021-07-25,South,Office Supplies,650.84,-18.84
2021-03-03,East,Technology,901.63,-14.0
2022-02-24,Central,Office Supplies,1344.45,62.83
2023-05-18,East,Furniture,1240.63,253.76
2023-03-31,Central,Furniture,1875.78,370.64
2021-01-19,East,Technology,1045.08,68.96
2021-12-31,West,Office Supplies,955.69,-50.2
2023-10-28,West,Office Supplies,442.56,5.43
2022-03-04,East,Technology,1515.65,154.81
2022-08-03,West,Furniture,298.74,74.02
2022-06-30,East,Furniture,992.44,285.13
2021-11-21,East,Furniture,854.22,132.39
2021-02-24,South,Furniture,1323.44,53.3
2023-02-17,South,Technology,1836.89,325.83
2023-09-19,West,Office Supplies,1894.26,65.34
2021-02-11,South,Furniture,352.24,52.9
2021-08-19,South,Office Supplies,538.4,-1.34
2022-03-29,East,Office Supplies,1627.04,11.06
2022-01-29,Central,Furniture,1046.19,-73.14
2022-11-22,East,Furniture,917.01,62.41
2022-01-27,South,Furniture,1427.04,210.16
2022-08-27,East,Office Supplies,1211.81,261.17
2023-05-31,West,Technology,1942.01,435.28
2021-03-26,Central,Furniture,1176.27,349.33
2023-11-20,South,Office Supplies,942.63,-61.17
2021-02-18,South,Office Supplies,1094.78,106.47
2021-03-10,East,Furniture,1620.91,175.95
2023-12-18,East,Technology,1233.1,273.52
2022-11-28,East,Furniture,1301.16,8.51
2022-04-24,East,Furniture,1943.45,-140.42
2023-03-31,South,Technology,1244.42,31.74
2021-05-27,East,Furniture,772.96,226.92
2023-10-13,South,Furniture,1388.83,360.79
2022-09-01,East,Technology,1325.73,77.02
2022-03-22,Central,Office Supplies,47.42,11.88
2021-08-09,Central,Office Supplies,945.31,-82.15
2021-04-05,East,Office Supplies,1490.95,38.29
2021-09-19,East,Office Supplies,1008.1,192.27
2023-06-16,West,Office Supplies,1563.65,-17.86
2023-12-31,Central,Furniture,912.75,-18.84
2021-08-07,South,Technology,1966.98,481.37
2021-04-02,Central,Office Supplies,599.93,87.82
2021-05-07,South,Technology,202.4,59.83
2021-03-21,East,Office Supplies,871.42,-40.2
2023-09-10,Central,Furniture,1092.58,46.38
2023-07-05,Central,Office Supplies,711.21,17.41
2022-05-01,West,Office Supplies,499.72,125.96
2022-11-25,West,Technology,1350.68,2.86
2021-01-25,Central,Technology,766.71,31.73
2021-06-05,Central,Furniture,1270.11,-54.45
2022-09-24,Central,Technology,1562.56,328.39
2023-12-17,South,Technology,1526.79,-7.51
2021-01-19,East,Technology,763.11,-55.46
2021-08-25,West,Furniture,1144.44,84.74
2021-10-04,East,Furniture,910.32,51.51
2023-01-15,West,Furniture,1744.19,-50.51
2022-07-06,West,Technology,1759.94,-81.94
2022-10-01,West,Technology,700.61,181.19
2021-08-25,Central,Furniture,201.64,-14.69
2023-09-25,West,Technology,351.81,-21.21
2021-02-24,East,Technology,746.66,-1.48
2022-11-15,West,Office Supplies,1137.21,319.71
2021-04-19,East,Furniture,1320.44,-86.95
2022-01-08,West,Furniture,676.11,153.08
2023-08-31,West,Technology,1341.65,344.56
2021-07-20,Central,Technology,1876.73,95.99
2023-04-29,East,Office Supplies,1310.99,23.02
2022-05-24,West,Furniture,333.96,57.09
2021-10-02,West,Furniture,1167.74,211.42
2021-07-30,East,Technology,1092.95,231.7
2022-05-19,West,Furniture,1743.99,405.0
2022-12-04,South,Technology,713.6,5.25
2021-02-11,Central,Office Supplies,857.43,149.87
2021-11-11,East,Technology,1205.34,-55.49
2023-02-27,Central,Office Supplies,1058.36,110.38
2021-11-25,South,Technology,1443.65,209.55
2023-11-07,South,Office Supplies,99.97,-3.53
2021-10-10,South,Office Supplies,1135.76,-78.82
2023-08-01,East,Furniture,260.91,-5.77
2021-09-15,South,Technology,644.11,43.95
2022-07-29,East,Furniture,1330.02,339.34
2022-07-28,East,Furniture,331.68,37.4
2022-09-04,West,Technology,631.51,125.92
2023-11-09,East,Furniture,1411.95,-42.84
2023-04-17,South,Furniture,1308.59,-75.39
2022-02-27,East,Furniture,200.26,-0.83
2023-01-28,East,Technology,1162.99,29.72
2023-02-02,Central,Furniture,311.56,37.15
2022-02-28,South,Furniture,519.5,131.17
2022-03-05,East,Furniture,929.24,65.45
2021-07-23,West,Technology,236.51,25.43
2021-07-15,East,Office Supplies,1987.42,-195.07
2022-12-29,East,Office Supplies,347.43,-30.11
2021-10-12,Central,Office Supplies,1567.0,-104.19
2021-07-15,South,Office Supplies,1663.08,298.69
2021-11-03,South,Furniture,1989.04,187.92
2021-01-14,West,Technology,868.73,-19.82
2023-12-17,West,Furniture,1750.71,239.92
2022-12-24,West,Technology,1915.93,225.78
2023-02-19,East,Furniture,362.33,-23.36
2022-06-13,East,Office Supplies,969.28,151.37
2023-03-09,West,Office Supplies,138.82,28.72
2021-12-10,South,Technology,1249.03,18.26
2021-07-28,South,Furniture,1171.18,204.95
2022-10-03,West,Office Supplies,424.17,-8.53
2021-09-09,Central,Technology,1599.85,324.28
2021-09-28,South,Furniture,93.79,24.83
2023-07-09,South,Technology,1616.33,124.05
2022-02-23,West,Furniture,72.76,-0.16
2023-03-06,South,Furniture,1320.52,78.8
2022-12-26,East,Furniture,175.96,0.01
2022-03-09,East,Technology,517.43,-51.49
2021-04-19,South,Technology,1449.39,232.17
2022-10-03,East,Furniture,575.2,-47.74
2023-12-07,Central,Office Supplies,1032.12,-16.35
2022-01-14,South,Furniture,1832.19,346.25
2023-08-16,West,Technology,118.28,19.67
2021-04-13,East,Furniture,1625.94,-114.9
2023-06-11,Central,Technology,149.24,24.48
2023-05-04,Central,Furniture,271.05,73.79
2023-11-17,East,Furniture,256.25,-17.99
2022-06-14,Central,Office Supplies,1988.32,131.78
2022-11-10,South,Office Supplies,376.77,72.25
2023-09-16,Central,Technology,1795.59,300.02
2022-03-04,East,Furniture,1982.05,-18.62
2023-04-02,Central,Technology,779.89,-27.12
2023-07-21,East,Furniture,1269.48,271.29
2023-11-28,East,Furniture,1562.6,441.43
2022-05-26,Central,Furniture,797.44,165.1
2022-01-28,East,Office Supplies,340.39,97.11
2022-12-14,East,Technology,878.85,124.8
2022-05-09,West,Furniture,1548.34,420.59
2022-07-01,South,Furniture,1565.91,275.87
2022-08-17,East,Technology,476.47,125.58
2022-01-24,South,Technology,366.43,-12.96
2021-06-07,West,Furniture,1842.71,416.87
2023-10-25,West,Office Supplies,107.12,-2.28
2021-06-16,West,Office Supplies,1474.78,-131.3
2023-08-18,West,Furniture,111.91,11.98
2022-02-13,South,Office Supplies,1679.04,45.84
2021-07-13,Central,Technology,1812.72,-149.71
2021-08-23,Central,Office Supplies,608.89,177.87
2022-12-19,South,Technology,166.39,27.72
2023-03-27,East,Technology,971.76,253.36
2022-02-08,South,Technology,610.96,183.06
2023-06-12,East,Technology,845.93,48.04
2022-11-09,East,Office Supplies,1336.67,2.53
2021-03-09,Central,Technology,435.46,-11.52
2021-03-29,West,Furniture,726.76,77.09
2021-08-05,Central,Technology,1569.47,223.54
2021-01-01,Central,Furniture,1294.65,115.18
2021-05-20,South,Technology,666.03,36.57
2022-09-10,South,Technology,1335.32,-43.65
2021-05-13,East,Office Supplies,1535.32,117.83
2021-06-27,South,Technology,1193.12,-78.63
2023-03-21,East,Technology,494.2,121.58
2022-01-15,East,Office Supplies,20.49,-1.66
2023-06-27,West,Office Supplies,1609.64,84.12
2022-10-20,West,Furniture,1648.81,-98.84
2022-03-26,Central,Office Supplies,1401.26,294.25
2022-08-09,West,Furniture,171.63,4.31
2022-04-08,East,Technology,1178.74,-64.55
2023-09-17,South,Furniture,1645.62,185.29
2021-05-02,West,Office Supplies,791.54,210.95
2021-01-17,West,Technology,412.04,108.56
2021-11-23,West,Furniture,1183.5,-0.17
2021-11-14,West,Furniture,1656.09,311.12
2023-03-20,East,Furniture,116.76,-10.26
2022-05-18,East,Technology,1201.96,-56.8
2021-04-29,Central,Furniture,1293.48,129.08
2022-12-11,South,Furniture,1212.69,-10.3
2021-02-14,Central,Office Supplies,1307.07,286.65
2021-11-10,Central,Furniture,1270.12,346.02
2022-02-22,West,Technology,278.2,-27.34
2022-07-10,South,Office Supplies,485.17,-3.32
2021-11-22,West,Technology,1245.61,94.44
2022-05-30,East,Office Supplies,55.03,6.89
2021-08-02,Central,Office Supplies,1276.79,340.09
2021-03-15,South,Furniture,1337.47,343.4
2022-05-24,East,Technology,493.57,76.44
2021-11-28,Central,Furniture,1204.3,3.56
2022-11-19,South,Office Supplies,1077.5,229.85
2022-10-19,Central,Furniture,536.17,-10.15
2023-10-25,South,Office Supplies,936.69,267.96
2022-08-23,Central,Office Supplies,1821.06,-177.85
2023-12-12,West,Technology,864.67,110.6
2021-11-21,Central,Technology,1267.09,-81.91
2023-09-19,Central,Technology,89.99,5.67
2022-12-18,South,Technology,174.04,26.8
2022-12-24,South,Furniture,180.99,31.83
2021-10-04,West,Technology,1560.92,334.39
2022-06-20,South,Technology,713.51,97.99
2021-06-01,Central,Technology,470.67,0.25
2023-08-13,South,Office Supplies,1499.7,383.48
2021-09-16,South,Office Supplies,356.52,80.02
2021-11-20,South,Technology,508.06,-18.28
2023-10-14,West,Office Supplies,873.24,201.37
2023-05-19,West,Office Supplies,676.25,195.48
2022-11-19,East,Furniture,1179.08,182.62
2021-11-06,West,Office Supplies,688.92,8.76
2023-03-14,West,Furniture,798.04,113.83
2023-12-16,West,Office Supplies,1728.52,63.98
2022-09-12,Central,Technology,1771.37,301.8
2022-04-18,East,Office Supplies,1658.87,195.61
2022-04-06,Central,Office Supplies,1732.37,470.85
2023-03-25,West,Furniture,1148.06,168.95
2023-04-26,West,Technology,1299.54,-18.72
2022-10-29,East,Furniture,1123.2,213.46
2021-09-19,East,Technology,1575.46,32.06
2021-12-21,South,Technology,1110.98,9.95
2023-02-09,West,Furniture,239.93,13.61
2021-06-29,West,Office Supplies,1622.97,-154.51
2021-03-07,Central,Technology,1525.96,438.95
2023-03-31,South,Office Supplies,1644.2,185.68
2021-06-20,West,Furniture,397.05,83.14
2022-04-19,Central,Furniture,557.8,1.75
2022-06-18,East,Furniture,605.59,120.3
2022-03-15,Central,Furniture,1026.0,130.17
2023-04-15,West,Technology,285.08,19.86
2021-08-15,Central,Furniture,783.06,225.73
2022-03-18,Central,Office Supplies,380.67,37.13
2022-01-31,South,Office Supplies,544.23,88.7
2022-12-29,South,Technology,1418.65,-133.16
2021-03-25,East,Furniture,1712.53,35.25
2023-11-03,South,Technology,65.35,16.7
2022-11-24,Central,Technology,1140.48,232.18
2022-05-08,South,Technology,91.4,10.48
2023-08-28,West,Furniture,188.79,49.1
2021-12-19,Central,Office Supplies,1416.07,133.8
2023-12-17,Central,Office Supplies,1476.5,186.93
2021-02-09,Central,Technology,1631.68,86.25
2022-10-02,West,Technology,959.0,141.95
2021-06-22,Central,Office Supplies,1722.42,47.54
2021-09-16,South,Office Supplies,350.34,18.99
2022-06-01,West,Furniture,514.44,147.4
2022-12-31,Central,Technology,286.31,-15.88
2022-06-07,South,Furniture,1599.12,-92.59
2023-04-19,South,Office Supplies,472.78,-39.09
2021-04-27,East,Office Supplies,327.91,9.19
2021-07-03,South,Office Supplies,1253.76,74.34
2021-06-11,South,Office Supplies,172.62,-10.74
2022-06-27,East,Furniture,108.9,13.03
2023-04-19,East,Office Supplies,231.3,30.84
2023-12-26,West,Technology,20.48,4.1
2023-12-30,South,Office Supplies,1400.04,406.55
2022-03-23,West,Technology,1133.23,167.42
2022-02-20,West,Office Supplies,435.55,-24.1
2022-06-16,Central,Furniture,481.35,-31.09
2022-03-17,West,Technology,1625.72,343.06
2023-01-08,West,Furniture,1013.6,162.31
2022-04-09,West,Office Supplies,1403.09,-49.44
2022-01-31,West,Furniture,916.46,1.23
2022-12-12,East,Office Supplies,490.68,98.18
2022-01-30,South,Furniture,1941.4,245.51
2021-11-22,Central,Furniture,1139.98,152.76
2023-01-20,East,Technology,279.34,-4.47
2023-12-30,Central,Office Supplies,824.06,124.95
2022-10-04,Central,Furniture,672.09,139.96
2021-08-02,East,Office Supplies,443.89,112.79
2022-01-04,West,Technology,1868.21,363.72
2021-02-18,East,Furniture,1764.22,230.32
2023-12-12,Central,Office Supplies,414.31,70.14
2021-05-13,Central,Furniture,717.25,67.45
2023-09-26,West,Furniture,1529.38,-14.13
2023-02-25,East,Furniture,432.84,109.46
2022-01-08,South,Furniture,1191.3,134.68
2022-04-24,Central,Technology,1405.59,193.59
2023-04-12,East,Technology,1314.87,389.26
2022-10-12,West,Office Supplies,1418.69,417.1
2022-11-13,West,Office Supplies,1419.27,190.93
2022-11-19,South,Furniture,1930.32,-166.81
2021-03-23,Central,Furniture,706.07,41.28
2021-03-28,South,Furniture,1759.61,483.75
2021-08-13,South,Technology,63.18,0.97
2021-01-16,South,Furniture,590.64,177.02
2023-04-02,South,Office Supplies,116.34,-7.71
2021-06-12,West,Furniture,1309.38,166.61
2022-05-29,Central,Technology,219.56,23.31
2021-12-16,South,Furniture,1694.5,3.63
2022-11-12,Central,Technology,1300.25,363.35
2021-06-30,West,Technology,77.05,11.38
2023-01-13,West,Technology,1435.26,-11.35
2022-10-22,East,Technology,1726.83,92.59
2022-05-08,East,Office Supplies,1329.02,250.51
2023-07-12,Central,Technology,80.44,1.53
2021-05-08,East,Office Supplies,1718.68,432.84
2022-07-19,South,Office Supplies,1470.28,-49.59
2022-07-04,Central,Furniture,769.33,4.46
2022-03-29,West,Furniture,670.69,-28.2
2022-04-16,West,Technology,970.04,-56.58
2023-09-15,South,Furniture,1736.86,34.96
2023-01-08,East,Technology,519.08,155.55
2021-08-12,Central,Furniture,219.91,-13.69
2021-06-03,Central,Technology,1731.98,-25.63
2022-07-14,South,Furniture,72.05,0.62
2021-12-17,East,Furniture,1823.77,269.28
2021-12-15,Central,Office Supplies,625.38,123.91
2021-07-01,South,Furniture,1026.28,206.05
2022-09-29,Central,Furniture,281.95,-27.22
2023-10-15,West,Technology,1806.46,290.37
2021-06-28,Central,Office Supplies,1504.68,229.15
2023-11-29,Central,Technology,1849.83,198.05
2023-02-11,Central,Furniture,1372.79,70.95
2023-06-13,East,Technology,385.69,84.46
2023-10-24,East,Office Supplies,630.37,23.67
2023-10-13,South,Technology,983.96,-7.87
2021-03-05,East,Furniture,1222.37,29.38
2021-01-29,Central,Technology,1854.39,140.67
2022-01-07,Central,Furniture,780.22,-11.22
2021-04-07,East,Office Supplies,1412.08,201.97
2023-09-20,East,Office Supplies,1922.8,487.78
2021-01-21,Central,Technology,321.7,44.45
2023-01-05,Central,Office Supplies,1728.16,135.95
2023-12-06,West,Technology,853.0,186.59
2021-03-07,South,Furniture,1470.2,292.89
2022-08-26,East,Technology,601.21,28.15
2021-12-04,South,Furniture,681.29,96.51
2021-05-03,Central,Office Supplies,73.72,14.15
2022-03-23,South,Furniture,1943.38,-3.53
2022-09-03,East,Furniture,1630.64,75.84
2022-11-02,East,Furniture,205.96,-11.88
2022-09-07,South,Furniture,1999.03,589.86
2023-06-16,East,Furniture,1217.95,-79.96
2021-10-08,West,Technology,1710.38,-55.69
2023-12-03,Central,Furniture,151.99,13.97
2022-08-19,Central,Furniture,791.11,194.7
2022-12-04,East,Furniture,1345.91,57.0
2023-12-11,Central,Furniture,230.74,47.86
2021-07-29,West,Furniture,988.03,168.37
2021-05-06,East,Furniture,896.5,139.37
2022-05-07,West,Office Supplies,447.76,106.57
2023-08-18,West,Technology,614.53,-57.97
2023-08-28,Central,Furniture,1934.89,525.63
2022-08-04,Central,Technology,591.52,137.05
2023-02-16,South,Office Supplies,442.58,121.77
2021-09-15,West,Office Supplies,1081.69,235.2
2021-08-18,Central,Furniture,1348.5,339.06
2021-07-08,West,Technology,1455.68,-27.32
2021-01-10,South,Furniture,1513.41,41.91
2022-11-07,West,Office Supplies,92.93,2.42
2022-05-17,East,Office Supplies,799.65,-45.05
2021-03-26,South,Technology,1552.44,297.81
2021-02-18,South,Furniture,1811.61,-82.49
2023-04-18,West,Technology,1212.36,-95.77
2023-10-05,West,Technology,123.57,25.97
2022-11-20,Central,Office Supplies,805.36,210.9
2022-01-22,East,Technology,166.97,34.34
2023-08-28,South,Office Supplies,1502.1,345.69
2023-10-03,South,Furniture,145.74,20.15
2021-08-06,South,Technology,387.75,98.91
2023-10-02,Central,Technology,845.58,83.44
2021-09-12,East,Furniture,936.04,276.44
2021-08-24,South,Technology,824.83,-48.36
2023-11-16,South,Furniture,937.53,209.7
2021-09-28,Central,Office Supplies,1432.21,224.22
2021-05-03,West,Office Supplies,751.15,99.35
2022-10-18,South,Technology,1104.55,210.22
2021-09-16,East,Office Supplies,620.67,146.55
2023-08-06,East,Office Supplies,720.18,176.55
2021-02-16,East,Furniture,1235.32,-36.87
2023-05-13,East,Office Supplies,991.18,-21.0
2022-06-09,Central,Office Supplies,1451.61,-135.77
2023-06-07,South,Office Supplies,1129.87,-53.4
2021-07-27,Central,Furniture,1611.08,8.95
2023-01-17,East,Technology,897.95,169.19
2021-05-29,East,Furniture,992.25,89.61
2022-03-14,East,Technology,1346.54,273.56
2021-06-04,Central,Technology,458.06,43.34
2021-12-24,East,Office Supplies,784.14,95.85
2022-04-01,South,Office Supplies,1257.19,-69.87
2023-02-15,East,Furniture,77.18,16.26
2022-09-21,South,Furniture,885.2,179.92
2023-04-12,South,Furniture,1205.72,27.76
2022-05-01,East,Office Supplies,1935.4,60.83
2022-06-17,Central,Technology,1756.49,-21.3
2021-07-19,West,Furniture,575.87,129.88
2022-01-06,West,Technology,1024.28,203.63
2023-10-11,South,Office Supplies,131.7,18.92
2023-05-03,Central,Office Supplies,496.69,-2.22
2021-09-05,West,Office Supplies,1554.21,-48.58
2023-02-27,East,Office Supplies,264.16,-21.1
2021-09-21,East,Technology,530.23,-43.35
2023-12-18,South,Technology,1889.2,-47.5
2021-01-31,Central,Furniture,1651.23,-98.72
2022-08-28,Central,Technology,1568.02,191.99
2022-05-17,West,Technology,1731.82,74.88
2023-06-05,West,Technology,1504.22,117.3
2022-07-03,East,Furniture,258.76,35.61
2023-04-19,South,Technology,1042.79,170.64
2023-04-28,Central,Technology,899.6,143.29
2022-09-06,West,Technology,636.08,2.76
2022-02-16,West,Office Supplies,1671.4,374.14
2022-03-08,South,Technology,939.0,250.79
2022-11-09,South,Furniture,139.39,3.68
2021-06-08,East,Furniture,564.43,-52.59
2021-01-14,South,Furniture,472.67,122.73
2022-01-08,East,Furniture,1777.21,478.82
2021-08-13,East,Office Supplies,1301.93,-103.66
2022-05-26,South,Furniture,1129.55,-110.72
2022-08-26,South,Office Supplies,1023.17,231.81
2021-08-04,South,Office Supplies,1307.22,26.91
2023-09-15,South,Office Supplies,1514.65,402.64
2023-04-20,South,Furniture,1117.68,-14.87
2022-12-28,East,Furniture,1877.81,459.05
2022-07-08,West,Office Supplies,1954.13,-141.76
2023-12-02,Central,Office Supplies,1990.78,8.47
2022-11-07,Central,Furniture,1345.39,389.16
2023-05-23,East,Technology,1866.59,-14.04
2021-10-10,East,Technology,820.87,-38.41
2023-12-18,West,Technology,1721.99,418.14
2023-04-14,South,Furniture,1820.17,-96.25
2022-06-21,East,Furniture,1810.2,-110.45
2023-07-12,Central,Office Supplies,1665.08,48.9
2023-04-22,South,Furniture,825.07,127.17
2023-08-06,East,Furniture,334.64,61.67
2022-10-27,South,Furniture,681.23,172.01
2021-03-08,Central,Office Supplies,1539.23,179.11
2021-01-06,South,Office Supplies,481.11,27.6
2022-09-29,East,Technology,966.98,42.1
2021-11-10,East,Technology,1139.49,272.07
2022-07-19,Central,Furniture,1215.64,230.4
2023-04-06,West,Furniture,1872.74,490.98
2022-05-21,West,Office Supplies,1329.76,379.8
2023-10-23,South,Technology,1576.87,31.57
2021-07-23,East,Technology,1172.12,131.12
2022-10-24,East,Technology,1670.49,255.13
2023-03-16,Central,Furniture,542.05,-18.68
2022-02-08,Central,Furniture,435.56,-34.26
2022-06-20,East,Furniture,1854.11,458.16
2022-07-31,Central,Office Supplies,1393.09,159.1
2023-02-02,West,Technology,1349.62,173.17
2021-04-27,West,Office Supplies,945.24,115.29
2022-09-20,South,Technology,765.86,154.69
2023-01-19,Central,Furniture,1120.27,-46.83
2021-04-15,South,Office Supplies,258.72,37.67
2022-05-10,Central,Office Supplies,920.33,80.8
2021-02-15,Central,Furniture,921.63,238.5
2023-04-03,West,Technology,1085.91,117.11
2023-09-09,East,Technology,1276.68,353.86
2023-08-18,Central,Technology,1915.49,79.11
2023-04-25,Central,Technology,1311.29,376.02
2022-03-25,Central,Furniture,1769.78,442.56
2022-06-20,East,Furniture,1121.48,149.95
2022-05-26,South,Furniture,1261.32,52.32
2022-06-24,South,Furniture,158.28,7.97
2021-01-16,Central,Office Supplies,283.86,59.36
2021-08-31,Central,Office Supplies,1167.75,154.44
2023-07-01,South,Office Supplies,803.51,48.72
2023-01-31,South,Furniture,1601.64,247.33
2022-12-06,West,Technology,1095.49,211.75
2021-04-25,Central,Office Supplies,1766.94,-160.51
2022-02-01,South,Office Supplies,1945.22,-124.6
2022-01-29,West,Furniture,312.32,-19.43
2023-09-05,East,Technology,801.76,-5.79
2021-10-24,Central,Technology,1336.66,94.63
2023-09-29,South,Technology,624.87,138.38
2021-06-27,Central,Furniture,548.72,22.19
2023-08-25,West,Technology,1631.2,-151.72
2021-11-11,South,Office Supplies,1961.15,183.06
2023-11-29,East,Office Supplies,1552.13,463.55
2021-09-16,East,Office Supplies,1056.88,41.86
2021-01-07,West,Furniture,896.17,254.96
2021-02-18,East,Technology,1088.5,-64.72
2021-06-10,East,Furniture,936.42,-28.8
2021-06-25,East,Technology,1015.72,192.63
2023-10-23,East,Furniture,422.84,42.49
2023-09-28,East,Office Supplies,1809.41,372.83
2022-03-31,East,Furniture,1513.98,371.57
2021-10-03,East,Furniture,1368.34,0.59
2022-05-13,South,Furniture,1900.85,329.1
2022-11-07,East,Office Supplies,583.1,83.41
2023-11-18,South,Furniture,180.7,44.2
2023-10-22,Central,Furniture,1655.75,119.28
2021-02-25,West,Office Supplies,1996.87,-158.26
2022-07-01,East,Technology,1165.3,151.11
2021-02-05,West,Furniture,136.44,38.69
2022-03-15,East,Office Supplies,1565.33,-147.37
2022-08-18,South,Furniture,166.02,-0.65
2021-11-03,East,Office Supplies,1089.23,28.79
2022-09-11,Central,Technology,569.51,117.51
2021-12-23,West,Technology,1831.75,53.69
2021-06-30,West,Furniture,913.64,-3.99
2021-03-09,Central,Office Supplies,1798.96,286.8
2021-10-19,South,Technology,612.18,-49.85
2022-11-23,South,Technology,786.98,-25.0
2021-06-30,Central,Office Supplies,1895.3,119.81
2022-03-10,West,Furniture,418.6,17.68
2023-07-03,East,Technology,1165.43,45.3
2021-03-07,South,Technology,789.25,-44.65
2023-11-11,East,Technology,1552.85,68.85
2022-01-19,West,Furniture,276.01,60.5
2021-02-08,East,Technology,885.69,58.05
2023-04-02,Central,Office Supplies,1403.89,188.78
2022-08-25,South,Furniture,825.89,-28.55
2023-02-24,South,Technology,135.89,-9.8
2022-11-02,Central,Office Supplies,1416.12,356.84
2022-04-24,Central,Office Supplies,1016.33,33.08
2022-07-15,South,Furniture,42.39,1.7
2021-04-11,South,Office Supplies,1233.06,309.59
2022-05-29,South,Furniture,1841.36,337.17
2021-06-25,West,Furniture,239.83,48.57
2021-08-26,West,Furniture,1189.53,205.55
2023-06-29,West,Office Supplies,1462.76,-84.38
2023-12-19,East,Furniture,160.13,45.35
2023-05-21,West,Furniture,64.78,17.08
2022-05-10,South,Office Supplies,939.11,-5.18
2023-08-05,West,Furniture,1586.55,351.58
2023-01-25,South,Technology,338.22,21.56
2021-07-30,Central,Office Supplies,1676.54,290.89
2021-05-20,East,Office Supplies,1320.02,-44.56
2022-06-25,East,Office Supplies,677.7,78.22
2021-09-27,Central,Technology,1041.34,-51.39
2023-11-02,South,Furniture,1931.84,221.13
2022-05-21,East,Office Supplies,448.55,-1.15
2021-02-01,West,Office Supplies,1009.08,81.72
2023-12-29,South,Office Supplies,1256.48,210.07
2023-03-24,East,Technology,293.27,73.56
2021-12-28,Central,Technology,106.17,-3.6
2023-07-18,South,Technology,46.65,12.0
2021-04-10,East,Furniture,662.89,37.13
2021-01-09,Central,Furniture,166.42,39.53
2022-11-28,South,Technology,1611.46,169.23
2023-11-19,West,Furniture,1994.69,488.47
2022-04-07,South,Technology,141.38,23.35
2023-07-10,West,Furniture,876.8,90.74
2022-01-25,South,Furniture,70.95,1.77
2022-09-24,Central,Technology,285.3,82.04
2022-11-13,West,Office Supplies,659.39,145.3
2021-06-06,West,Office Supplies,799.52,41.95
2021-12-01,South,Furniture,1880.77,-62.65
2021-09-17,East,Furniture,803.76,170.25
2021-03-23,West,Furniture,1002.63,296.76
2023-01-24,South,Furniture,506.26,5.87
2022-12-21,Central,Furniture,20.25,5.39
2021-03-16,South,Furniture,1800.68,-89.77
2022-09-18,South,Technology,181.8,51.06
2021-03-03,West,Office Supplies,1929.21,382.25
2023-05-24,East,Office Supplies,279.07,10.78
2021-11-16,Central,Technology,1217.66,26.61
2021-04-12,West,Technology,1998.83,314.56
2023-05-24,West,Office Supplies,294.16,40.42
2023-08-12,West,Office Supplies,859.41,229.96
2021-09-12,Central,Furniture,1565.24,323.22
2022-07-24,East,Office Supplies,83.74,9.73
2021-04-22,Central,Furniture,1385.77,375.58
2023-09-12,Central,Furniture,179.14,24.56
2023-09-25,East,Office Supplies,488.31,117.13
2022-04-06,Central,Furniture,336.95,79.65
2022-12-09,South,Furniture,1816.53,486.25
2023-06-06,Central,Technology,377.3,-27.53
2023-12-12,West,Office Supplies,100.06,13.36
2022-06-04,Central,Technology,1183.5,103.39
2023-03-23,West,Furniture,705.44,67.88
2021-08-24,Central,Furniture,823.3,69.13
2023-07-16,West,Technology,255.74,60.1
2022-07-11,West,Technology,1501.5,41.1
2022-10-11,West,Technology,1211.08,103.06
2021-08-22,East,Furniture,741.15,-14.62
2023-11-22,Central,Office Supplies,359.72,0.25
2022-08-02,Central,Furniture,1195.03,196.19
2022-06-26,South,Technology,1561.62,-83.12
2021-04-24,South,Office Supplies,638.55,-15.88
2021-07-23,South,Technology,71.2,7.92
2023-11-19,Central,Furniture,444.4,-36.66
2022-10-05,East,Office Supplies,1371.15,-67.5
2022-04-19,West,Office Supplies,1978.41,485.39
2022-11-28,Central,Furniture,46.48,11.08
2021-09-10,East,Technology,626.18,24.49
2023-06-24,East,Technology,142.8,5.6
2022-01-21,Central,Technology,646.37,177.5
2021-03-03,West,Furniture,823.71,-73.86
2022-05-30,East,Technology,1843.31,243.53
2022-03-06,Central,Office Supplies,179.51,24.94
2022-08-03,West,Technology,1558.73,335.37
2023-01-13,South,Technology,803.16,225.45
2022-11-06,East,Office Supplies,1626.3,68.84
2021-11-07,East,Office Supplies,1036.54,77.88
2022-04-16,Central,Technology,97.78,16.48
2023-03-20,Central,Office Supplies,1893.49,543.26
2021-06-21,West,Furniture,183.81,47.11
2022-07-30,South,Office Supplies,1203.41,200.75
2021-01-31,South,Furniture,1757.78,426.59
2021-02-16,Central,Office Supplies,177.94,-11.73
2021-05-10,Central,Furniture,1116.71,56.79
2021-12-18,West,Furniture,1652.09,-156.56
2023-09-05,Central,Technology,1972.92,-57.24
2021-02-27,West,Office Supplies,1454.17,221.32
2023-03-23,West,Office Supplies,571.1,145.19
2023-02-07,South,Office Supplies,1405.15,215.15
2022-11-14,West,Furniture,1417.42,234.8
2023-09-24,South,Technology,1405.93,-82.21
2021-10-13,South,Office Supplies,1711.44,284.0
2023-12-31,South,Technology,193.01,15.78
2023-06-05,Central,Technology,234.67,37.68
2022-02-01,South,Furniture,1288.42,39.26
2021-01-26,West,Office Supplies,1908.68,253.08
2021-11-09,Central,Technology,942.36,65.61
2021-05-06,West,Office Supplies,1921.91,237.27
2023-03-22,Central,Office Supplies,1877.41,-77.28
2021-07-07,West,Office Supplies,1807.76,105.45
2022-11-29,East,Technology,1821.5,90.55
2023-03-21,East,Furniture,1798.67,349.95
2022-12-17,East,Furniture,1643.38,300.02
2022-03-26,West,Technology,1396.06,367.92
2022-06-07,Central,Office Supplies,68.33,10.44
2023-09-13,South,Office Supplies,281.86,7.28
2022-10-20,South,Furniture,285.78,60.95
2022-08-20,West,Technology,66.61,6.58
2021-04-10,West,Technology,251.07,-5.67
2022-09-08,West,Furniture,1841.1,366.31
2023-08-06,West,Technology,1334.33,-62.7
2022-07-10,South,Technology,637.9,-18.33
2021-10-05,Central,Furniture,1590.85,323.74
2022-05-06,South,Furniture,986.97,205.35
2021-09-12,West,Technology,301.41,65.2
2022-01-16,East,Technology,1771.31,30.7
2023-06-11,South,Furniture,690.55,170.31
2022-06-26,East,Furniture,1403.74,265.4
2023-04-05,East,Office Supplies,595.38,139.07
2023-05-29,West,Technology,1010.14,185.3
2021-10-08,South,Technology,1636.18,215.71
2023-02-12,Central,Furniture,330.42,-18.58
2023-04-23,South,Furniture,1954.96,360.44
2022-12-20,Central,Office Supplies,159.03,28.02
2021-11-24,Central,Office Supplies,1077.34,26.93
2021-07-30,West,Furniture,1833.73,356.34
2022-12-28,Central,Technology,1892.47,227.44
2023-07-12,South,Office Supplies,479.58,59.35
2022-07-06,South,Furniture,305.09,14.35
2021-01-26,East,Furniture,1454.32,-77.49
2021-01-27,Central,Furniture,103.11,-1.36
2022-12-03,West,Technology,980.77,203.54
2022-11-13,West,Furniture,1596.78,13.69
2022-02-17,South,Furniture,1129.3,-111.91
2021-06-16,Central,Technology,392.27,117.21
2021-06-18,West,Furniture,984.35,-15.48
2021-08-17,Central,Furniture,1844.12,299.03
2022-01-02,Central,Office Supplies,1242.08,336.32
2022-06-12,East,Furniture,1448.55,202.63
2023-03-02,West,Technology,685.8,150.61
2022-06-08,East,Office Supplies,393.2,114.24
2021-04-16,West,Furniture,526.17,128.46
2023-01-02,Central,Technology,1075.69,132.48
2023-08-23,West,Furniture,574.84,26.14
2021-05-13,South,Office Supplies,1093.09,101.64
2022-06-18,Central,Technology,1421.43,336.5
2023-09-02,West,Office Supplies,1474.1,355.76
2021-09-26,East,Technology,346.08,82.49
2022-11-04,East,Technology,1505.85,209.15
2023-03-02,Central,Furniture,1351.92,122.73
2021-01-18,East,Technology,43.77,1.07
2021-04-27,Central,Technology,136.57,-13.47
2023-03-09,Central,Furniture,1299.57,267.44
2022-07-05,Central,Technology,779.73,8.42
2023-07-18,West,Technology,309.29,9.86
2023-01-23,Central,Technology,107.91,25.62
2022-02-26,East,Technology,335.61,-26.55
2022-10-08,South,Furniture,1915.88,519.3
2022-07-12,West,Furniture,1460.58,-145.26
2021-02-19,East,Office Supplies,1064.86,293.55
2022-11-09,Central,Technology,1884.25,154.33
2021-04-16,Central,Furniture,1245.84,-73.69
2022-10-20,South,Technology,1456.78,247.16
2023-09-15,East,Furniture,579.65,149.75
2023-04-22,West,Office Supplies,1186.18,89.24
2022-03-22,East,Technology,304.08,53.68
2021-03-11,Central,Office Supplies,820.88,239.49
2021-05-30,West,Office Supplies,85.82,-0.32
2023-02-13,Central,Office Supplies,448.92,102.43
2023-08-02,Central,Furniture,168.24,3.04
2022-03-31,East,Technology,787.8,55.57
2023-08-04,South,Furniture,1689.21,21.46
2022-08-24,Central,Furniture,768.31,60.24
2022-10-15,East,Technology,1666.65,-163.27
2022-12-26,West,Technology,1319.87,28.21
2021-08-21,South,Technology,1028.87,80.37
2021-09-08,Central,Technology,489.05,74.77
2021-03-20,Central,Furniture,1845.87,286.01
2023-12-12,West,Technology,127.32,17.0
2023-06-17,East,Technology,1384.05,23.82
2023-07-10,Central,Technology,1250.05,348.72
2023-02-20,West,Office Supplies,893.26,50.73
2021-08-14,Central,Technology,495.84,-6.57
2023-12-11,East,Technology,872.78,106.31
2023-11-24,South,Furniture,1748.09,348.87
2023-03-14,East,Office Supplies,1676.8,-159.47
2023-01-12,East,Furniture,1883.93,19.85
2021-05-11,East,Office Supplies,629.43,144.76
2023-10-20,West,Furniture,786.47,80.86
2022-09-24,Central,Furniture,57.08,3.62
2023-04-18,South,Technology,1887.04,513.96
2023-01-29,West,Technology,672.19,-43.15
2022-12-05,East,Office Supplies,820.24,119.94
2022-05-12,South,Office Supplies,1817.45,67.02
2021-11-19,East,Office Supplies,1062.66,-76.16
2022-09-07,East,Technology,1141.03,-16.55
2021-11-25,East,Furniture,368.94,55.77
2021-05-13,South,Office Supplies,1007.35,-89.34
2023-04-15,Central,Technology,1838.05,251.63
2022-10-13,East,Technology,1126.26,318.44
2021-05-01,Central,Furniture,525.13,114.5
2022-08-29,South,Furniture,81.74,3.13
2023-08-23,South,Technology,685.88,-30.67
2021-05-09,East,Furniture,1153.73,99.25
2021-01-29,Central,Furniture,104.37,5.97
2022-12-23,Central,Technology,1227.39,354.34
2021-11-29,East,Office Supplies,1056.36,312.63
2023-08-02,West,Office Supplies,1571.2,100.92
2023-11-14,West,Technology,77.2,-3.13
2021-12-22,South,Office Supplies,1566.08,413.83
2021-05-19,South,Technology,1051.34,228.58
2021-01-29,West,Technology,753.65,78.76
2023-07-20,West,Furniture,1931.46,89.12
2022-05-11,West,Office Supplies,337.04,26.72
2023-10-11,East,Technology,1091.82,284.69
2022-10-17,East,Office Supplies,655.54,-17.14
2023-04-08,East,Office Supplies,1064.42,237.06
2021-12-17,East,Office Supplies,1113.51,-103.25
2022-07-08,East,Technology,197.11,52.87
2021-10-26,East,Furniture,1329.05,133.06
2021-03-05,South,Office Supplies,1276.27,-11.87
2023-01-25,Central,Technology,1543.55,-152.59
2023-02-09,South,Office Supplies,199.5,24.7
2023-04-14,Central,Furniture,608.57,-1.34
2021-06-15,South,Office Supplies,1307.22,199.36
2022-05-21,South,Technology,290.73,3.62
2023-03-04,East,Office Supplies,1361.64,-88.22
2023-04-13,East,Office Supplies,136.87,13.96
2023-05-08,Central,Office Supplies,683.16,85.94
2023-03-17,Central,Furniture,1696.49,137.48
2023-01-31,East,Office Supplies,1553.1,129.24
2023-04-13,South,Technology,1296.63,176.16
2021-10-10,Central,Office Supplies,1743.51,192.73
2022-01-14,West,Office Supplies,1424.35,-66.91
2021-07-17,West,Office Supplies,1048.36,-22.19
2023-10-12,West,Furniture,1959.84,-84.83
2023-10-21,Central,Technology,1395.82,247.5
2022-07-10,East,Office Supplies,1210.71,134.92
2021-12-22,East,Technology,829.56,59.68
2023-11-07,East,Technology,1806.78,396.29
2022-10-01,Central,Furniture,605.5,18.36
2022-01-14,Central,Technology,38.25,4.87
2022-11-11,West,Office Supplies,409.55,-28.77
2022-05-21,Central,Furniture,236.84,46.84
2023-06-18,West,Furniture,651.61,116.04
2021-03-17,West,Technology,1655.24,365.73
2021-08-19,East,Furniture,1310.03,332.47
2023-08-20,Central,Technology,354.58,72.05
2021-10-29,East,Technology,1581.87,376.16
2022-12-27,East,Furniture,1018.36,38.96
2021-08-03,Central,Office Supplies,1035.17,38.65
2021-03-10,Central,Technology,736.98,204.67
2022-01-28,South,Furniture,1731.94,460.4
2021-09-24,West,Furniture,650.29,77.64
2023-12-29,South,Technology,206.4,9.62
2022-09-03,West,Technology,619.4,152.62
2023-10-06,West,Technology,1436.4,42.18
2023-08-20,West,Technology,1322.01,-50.96
2022-12-29,East,Office Supplies,392.27,61.11
2022-11-04,East,Office Supplies,241.33,-20.02
2022-02-27,Central,Office Supplies,1328.51,68.61
2021-04-25,West,Office Supplies,1359.23,303.2
2021-08-08,West,Furniture,744.98,13.47
2021-01-31,West,Technology,1688.75,460.23
2022-09-09,East,Furniture,1956.85,552.48
2022-06-23,Central,Furniture,427.18,96.68
2023-01-09,East,Office Supplies,1162.6,343.03
2023-10-23,South,Furniture,30.59,3.44
2023-05-21,South,Office Supplies,1431.85,182.82
2021-04-11,South,Technology,840.28,197.02
2023-12-18,Central,Office Supplies,402.67,39.11
2022-11-23,South,Technology,1509.4,94.62
2023-07-30,Central,Office Supplies,1625.08,237.1
2021-12-07,East,Furniture,240.11,39.15
2023-05-11,East,Furniture,101.17,20.27
2023-11-10,Central,Office Supplies,681.48,114.0
2021-02-07,East,Technology,1259.46,249.74
2022-10-22,East,Technology,1590.97,270.18
2023-07-17,Central,Office Supplies,1101.2,101.51
2023-11-16,South,Furniture,1169.88,-53.85
2022-03-30,Central,Technology,1603.72,343.48
2023-01-07,West,Office Supplies,1067.11,-93.57
2023-03-30,East,Technology,1230.09,365.34
2023-02-12,Central,Furniture,1042.11,241.13
2021-01-13,East,Technology,1763.31,296.88
2023-07-04,South,Office Supplies,486.32,139.4
2023-07-10,East,Technology,542.71,78.69
2023-04-05,Central,Technology,273.36,-21.17
2022-01-06,South,Furniture,1642.54,203.27
2021-11-28,South,Furniture,835.32,9.09
2021-09-18,South,Furniture,708.83,33.88
2022-11-28,West,Furniture,1963.07,164.57
2022-11-18,Central,Office Supplies,1855.07,389.27
2023-08-08,Central,Technology,1944.54,196.73
2022-01-22,South,Technology,301.75,27.12
2023-04-01,East,Technology,1784.68,37.1
2022-04-13,South,Technology,670.85,77.78
2021-03-10,West,Office Supplies,45.06,-0.03
2021-07-19,South,Furniture,794.77,3.5
2021-08-04,Central,Technology,1028.21,208.63
2021-07-31,South,Technology,234.28,8.67
2022-05-23,East,Furniture,1084.6,-86.16
2021-01-16,Central,Furniture,1642.54,61.55
2023-06-03,East,Technology,767.75,119.33
2021-11-28,South,Furniture,718.24,162.03
2022-12-18,Central,Technology,690.84,196.73
2022-07-05,West,Technology,1847.73,366.75
2023-07-31,Central,Technology,116.54,8.34
2021-09-13,East,Technology,901.25,17.71
2023-09-19,Central,Technology,543.91,-26.19
2022-12-29,West,Technology,1789.74,270.38
2023-05-30,West,Furniture,210.18,21.85
2023-03-26,West,Office Supplies,834.66,142.79
2022-10-11,West,Office Supplies,825.5,-4.25
2023-09-27,East,Technology,1779.02,52.41
2022-04-16,Central,Furniture,446.68,7.52
2022-11-21,South,Technology,1296.89,284.1
2022-12-01,West,Furniture,286.12,-9.02
2022-05-22,South,Technology,1908.87,273.71
2023-09-19,South,Technology,1194.17,-94.89
2023-10-07,Central,Office Supplies,1259.99,150.96
2023-03-15,South,Furniture,878.87,-65.42
2023-04-11,South,Furniture,697.72,-20.69
2021-08-02,East,Office Supplies,441.1,-24.17
2021-06-18,South,Office Supplies,1215.9,47.04
2023-09-05,Central,Office Supplies,1910.03,71.61
2021-05-26,South,Office Supplies,732.39,168.87
2022-05-31,Central,Furniture,1768.65,-17.2
2022-03-29,West,Furniture,314.58,-20.59
2021-03-01,South,Office Supplies,1873.53,264.93
2022-06-12,South,Technology,713.96,124.93
2023-10-21,South,Technology,771.86,13.84
2022-04-19,West,Technology,936.43,132.15
2023-01-27,East,Technology,1442.12,303.45
2023-02-21,South,Furniture,1444.91,56.38
2022-03-09,Central,Furniture,969.59,106.79
2022-02-05,East,Furniture,1055.84,-43.66
2021-02-26,East,Technology,79.42,-7.19
2023-09-30,East,Office Supplies,622.51,182.11
2021-07-05,South,Technology,705.11,14.03
2022-02-02,West,Furniture,1126.28,13.02
2022-08-28,West,Technology,1125.43,325.58
2023-02-27,South,Office Supplies,1425.6,272.71
2021-06-07,Central,Office Supplies,1439.71,193.09
2022-08-12,Central,Technology,485.72,87.3
2022-04-11,Central,Furniture,1544.97,284.23
2022-03-22,South,Furniture,58.82,12.08
2023-03-12,West,Furniture,1438.0,-105.15
2023-07-18,South,Technology,222.08,14.46
2021-01-17,West,Furniture,1464.7,26.44
2023-01-01,East,Technology,1063.69,-76.34
2021-11-22,South,Furniture,885.76,57.61
2023-09-22,West,Office Supplies,1387.52,203.23
2022-09-05,East,Office Supplies,92.01,-2.63
2022-06-30,East,Furniture,462.47,10.18
2022-08-19,South,Technology,1240.55,193.11
2023-07-10,West,Furniture,1697.49,223.61
2023-04-22,East,Technology,774.59,191.72
2021-12-10,South,Office Supplies,532.35,115.25
2023-05-09,East,Technology,1047.1,299.73
2022-03-21,Central,Furniture,1252.18,173.9
2021-08-10,South,Office Supplies,851.8,152.8
2022-08-15,East,Technology,1755.89,428.79
2023-10-28,South,Technology,1056.41,249.31
2023-10-15,South,Office Supplies,90.93,17.05
2021-01-16,West,Furniture,461.65,46.21
2022-06-08,West,Office Supplies,912.28,8.47
2023-03-14,East,Furniture,1401.5,351.62
2021-01-21,South,Furniture,455.11,95.87
2021-08-16,South,Technology,1952.99,459.27
2023-10-05,Central,Furniture,650.75,-28.43
2023-03-20,South,Furniture,1074.31,27.85
2022-02-08,West,Office Supplies,57.55,4.03
2023-12-26,South,Office Supplies,1772.08,417.04
2022-03-13,West,Furniture,1581.89,406.79
2023-04-09,Central,Technology,407.01,5.68
2023-07-23,East,Office Supplies,1867.81,326.07
2021-09-16,West,Technology,645.36,-44.45
2021-04-13,East,Office Supplies,1390.53,88.76
2023-09-20,East,Office Supplies,1641.57,155.4
2023-02-08,East,Furniture,1487.01,306.7
2023-03-24,East,Office Supplies,1836.81,471.67
2021-08-14,West,Office Supplies,1731.26,60.44
2023-08-01,Central,Technology,1989.33,221.01
2022-04-08,South,Office Supplies,381.57,60.66
2021-08-25,West,Office Supplies,623.43,19.62
2023-11-16,Central,Technology,1279.73,376.52
2022-05-21,South,Furniture,1471.43,368.31
2023-03-25,East,Furniture,1078.52,20.02
2023-02-06,South,Office Supplies,166.38,17.17
2022-09-26,South,Office Supplies,1686.36,-12.92
2023-09-18,Central,Technology,1922.53,203.41
2022-09-10,South,Furniture,822.92,142.64
2021-09-30,East,Furniture,465.13,-30.6
2021-08-20,West,Furniture,58.24,14.45
2023-02-07,West,Technology,489.85,67.35
2022-05-11,Central,Technology,1405.84,415.91
2023-11-14,East,Technology,1824.95,-163.81
2022-05-17,East,Office Supplies,205.16,47.72
2021-01-25,South,Furniture,1115.45,241.81
2021-10-15,Central,Office Supplies,1397.15,-65.47
2021-12-04,East,Office Supplies,567.23,19.36
2023-11-27,East,Technology,1148.4,291.6
2021-05-17,East,Furniture,1436.19,154.22
2022-05-23,West,Office Supplies,1678.68,101.58
2021-08-15,West,Furniture,915.95,240.16
2021-11-16,West,Office Supplies,1500.76,-94.04
2023-07-05,South,Technology,617.53,55.11
2021-03-27,South,Office Supplies,441.83,71.11
2023-07-15,South,Technology,390.88,56.06
2021-02-22,East,Furniture,730.57,4.17
2023-05-10,West,Office Supplies,91.04,11.41
2023-05-17,East,Office Supplies,580.32,106.45
2022-03-09,East,Technology,1311.4,175.67
2023-09-26,Central,Technology,1302.88,226.42
2021-04-10,East,Furniture,165.64,0.4
2023-09-17,South,Technology,589.08,137.34
2022-08-22,West,Furniture,1147.72,91.68
2022-02-07,West,Office Supplies,650.73,191.89
2022-01-31,East,Furniture,847.62,-76.87
2022-02-19,South,Furniture,1431.37,74.61
2023-07-28,South,Furniture,38.35,-1.07
2022-11-08,South,Office Supplies,567.26,69.34
2022-04-08,West,Office Supplies,301.9,-0.82
2022-06-25,South,Technology,272.67,53.17
2021-03-25,South,Furniture,1918.9,484.99
2021-09-28,East,Office Supplies,765.59,-11.98
2021-09-01,Central,Furniture,1063.64,-38.0
2022-01-23,South,Furniture,1472.97,368.45
2021-08-02,East,Furniture,113.95,5.07
2023-03-29,East,Office Supplies,497.22,36.71
2021-02-28,South,Furniture,1667.65,-19.37
2023-06-02,Central,Furniture,1726.74,121.09
2023-04-23,West,Technology,758.44,-5.67
2023-07-13,Central,Furniture,762.23,126.81
2021-05-03,South,Technology,1518.66,151.18
2022-03-15,Central,Furniture,604.24,130.05
2023-10-19,East,Technology,251.85,6.32
2022-07-16,East,Office Supplies,529.92,54.18
2021-04-28,Central,Office Supplies,786.94,3.0
2023-06-24,West,Furniture,123.37,33.78
2022-01-30,Central,Technology,967.79,105.27
2023-05-26,South,Office Supplies,1485.21,-45.47
2023-07-24,West,Furniture,1037.22,9.45
2023-08-10,Central,Furniture,162.35,-10.85
2021-03-16,Central,Technology,891.5,-79.23
2021-10-22,West,Technology,1423.63,157.12
2021-01-21,Central,Furniture,135.03,4.71
2023-11-05,South,Technology,138.5,39.54
2022-07-14,East,Technology,753.79,-23.72
2022-01-07,South,Office Supplies,406.03,88.34
2023-03-29,Central,Technology,1870.87,49.37
2023-12-29,East,Furniture,1171.06,-12.4
2023-04-26,West,Technology,588.9,169.52
2022-06-05,South,Furniture,1415.46,312.86
2022-01-06,West,Furniture,762.36,116.07
2021-04-11,East,Technology,281.59,50.36
2022-10-23,Central,Technology,489.72,145.23
2023-08-26,East,Technology,1292.64,177.46
2021-08-31,East,Office Supplies,122.71,-7.27
2023-01-23,West,Office Supplies,559.92,-41.46
2022-05-27,South,Technology,432.46,72.07
2023-04-29,East,Furniture,418.25,68.19
2022-07-09,Central,Technology,1371.87,273.37
2021-08-14,East,Office Supplies,1655.12,-93.5
2021-08-02,West,Office Supplies,1437.42,399.55
2022-12-19,South,Technology,1298.54,156.43
2021-03-08,Central,Furniture,1834.57,293.21
2022-01-31,West,Furniture,135.62,-11.67
2022-09-04,East,Office Supplies,351.62,100.0
2023-11-02,East,Office Supplies,840.53,105.1
2023-02-09,South,Office Supplies,757.45,94.94
2022-02-11,West,Furniture,847.74,235.18
2023-07-14,West,Office Supplies,428.78,116.52
2022-10-09,South,Office Supplies,316.02,-3.75
2021-08-10,Central,Furniture,1028.2,280.12
2022-10-16,West,Office Supplies,1857.54,361.57
2022-03-04,South,Office Supplies,796.1,-73.59
2023-09-04,West,Technology,105.84,-0.43
2023-10-03,South,Office Supplies,1418.21,92.46
2022-01-06,East,Technology,596.39,79.4
2023-04-30,East,Office Supplies,505.29,91.22
2023-05-06,West,Office Supplies,662.03,-10.54
2021-08-17,West,Technology,1453.15,341.03
2021-10-07,East,Office Supplies,1641.26,391.09
2023-12-07,Central,Technology,1184.35,182.39
2023-09-02,South,Office Supplies,658.51,176.77
2023-01-28,Central,Technology,634.75,142.94
2023-11-14,Central,Technology,266.13,-3.02
2021-11-17,Central,Office Supplies,1867.94,409.96
2021-10-01,East,Office Supplies,1283.52,361.03
2022-07-10,West,Technology,73.41,-3.3
2023-04-24,Central,Furniture,1331.49,388.1
2022-10-30,East,Office Supplies,905.36,-81.49
2023-09-27,South,Office Supplies,1945.66,211.82
2022-01-15,West,Furniture,1641.76,344.04
2022-12-12,South,Furniture,359.21,77.65
2023-01-16,Central,Technology,1445.82,280.3
2022-11-06,West,Office Supplies,981.42,109.66
2021-04-26,Central,Technology,390.35,62.61
2022-08-28,West,Office Supplies,1403.51,252.59
2023-12-02,Central,Furniture,1103.83,107.97
2022-01-14,South,Technology,80.14,11.08
2022-04-11,South,Office Supplies,1300.24,310.17
2021-10-07,Central,Office Supplies,1277.27,32.13
2022-09-10,West,Furniture,305.29,33.36
2021-04-28,South,Furniture,711.0,-68.69
2021-11-05,West,Office Supplies,1180.08,206.48
2021-04-10,West,Furniture,294.79,-6.44
2021-09-18,South,Furniture,1708.39,157.86
2023-09-20,East,Technology,74.42,-1.18
2021-10-13,East,Office Supplies,223.62,-20.26
2021-11-24,West,Technology,249.89,23.31
2021-03-04,South,Furniture,1065.65,74.52
2022-11-18,East,Office Supplies,1247.83,87.42
2023-01-08,Central,Furniture,819.41,-13.5
2023-10-28,West,Furniture,591.56,164.98
2022-10-01,East,Office Supplies,1622.45,-159.97
2023-07-25,South,Furniture,155.21,39.83
2022-04-21,South,Technology,574.98,111.98
2021-02-22,West,Office Supplies,97.45,-3.04
2023-01-24,South,Furniture,47.5,4.22
2022-05-01,Central,Furniture,719.69,212.7
2022-02-13,Central,Furniture,405.75,63.9
2023-10-28,East,Office Supplies,551.36,-27.04
2022-10-30,South,Technology,1645.48,136.67
2023-04-15,Central,Furniture,342.7,29.91
2023-05-26,West,Furniture,1564.86,345.69
2022-01-02,South,Furniture,1356.6,361.49
2023-09-29,East,Office Supplies,666.36,-44.72
2021-09-07,West,Furniture,1102.18,28.23
2022-01-15,West,Furniture,899.98,17.44
2023-05-22,West,Furniture,274.22,81.83
2023-04-15,Central,Office Supplies,1816.23,224.65
2023-02-14,West,Technology,1147.84,289.18
2023-07-08,Central,Office Supplies,1762.88,124.13
2022-03-31,West,Technology,1651.18,312.22
2022-01-01,Central,Technology,177.96,2.6
2022-02-07,South,Office Supplies,430.4,113.93
2021-02-27,Central,Furniture,307.62,25.24
2022-06-05,Central,Technology,1664.94,368.77
2021-07-29,South,Furniture,1727.64,4.02
2023-12-01,West,Technology,1065.38,189.04
2023-03-27,South,Furniture,226.27,14.04
2021-06-22,West,Furniture,288.52,-25.22
2021-08-22,Central,Office Supplies,1630.83,106.34
2023-03-04,West,Furniture,1859.8,223.19
2023-03-04,Central,Technology,414.96,-16.31
2023-11-29,West,Furniture,42.05,-1.11
2021-04-29,Central,Furniture,675.29,58.04
2021-12-01,Central,Furniture,80.39,2.98
2021-11-20,East,Technology,1659.39,126.61
2023-10-08,West,Technology,993.19,83.76
2021-10-11,West,Technology,1290.88,-56.76
2021-08-01,East,Furniture,834.74,-22.97
2023-07-18,Central,Office Supplies,704.1,168.47
2023-01-22,Central,Technology,459.96,-16.06
2021-12-05,East,Furniture,1545.65,257.14
2023-11-12,East,Technology,1397.18,94.19
2021-04-15,South,Office Supplies,734.24,210.94
2023-02-09,Central,Furniture,655.81,-48.24
2022-12-17,South,Technology,22.46,5.21
2023-02-02,West,Technology,145.83,14.08
2022-01-14,South,Office Supplies,1254.05,-122.72
2022-12-14,East,Technology,1038.92,5.68
2021-08-13,East,Furniture,880.91,55.57
2023-01-08,East,Furniture,1658.45,42.59
2021-08-24,East,Office Supplies,1017.72,45.78
2021-07-02,South,Office Supplies,781.3,208.35
2022-12-13,South,Office Supplies,339.29,15.06
2022-03-20,South,Furniture,1644.96,111.09
2022-09-15,East,Office Supplies,1160.97,237.36
2023-10-27,East,Technology,203.07,44.17
2023-01-19,Central,Technology,1304.82,-86.59
2021-06-04,Central,Furniture,861.64,156.5
2021-09-14,East,Technology,1626.54,151.32
2021-08-23,Central,Office Supplies,1839.45,-85.46
2022-05-15,West,Technology,1208.92,7.11
2021-10-16,West,Office Supplies,1468.59,-120.4
2022-05-25,East,Technology,132.05,5.82
2022-12-10,South,Furniture,1129.31,2.44
2023-02-24,West,Office Supplies,1515.57,80.08
2023-06-13,West,Technology,1003.59,132.61
2023-02-15,South,Furniture,1195.23,230.6
2021-10-25,Central,Technology,1799.92,255.84
2021-05-17,South,Furniture,412.24,70.64
2022-01-11,Central,Technology,214.53,52.83
2021-03-28,Central,Office Supplies,1387.47,346.22
2022-03-13,South,Office Supplies,1649.24,402.89
2023-02-03,Central,Office Supplies,1703.97,-66.0
2022-12-03,West,Office Supplies,1290.46,0.55
2023-07-31,East,Office Supplies,1669.76,168.53
2021-06-01,Central,Technology,1407.32,61.21
2023-10-29,West,Technology,193.01,-9.14
2023-03-18,South,Technology,1528.85,23.09
2021-08-23,Central,Technology,375.13,108.85
2022-11-06,West,Office Supplies,488.49,18.94
2022-07-15,Central,Furniture,801.41,54.15
2021-02-07,South,Office Supplies,642.84,-62.64
2023-04-02,East,Technology,656.87,123.34
2022-02-25,Central,Office Supplies,355.13,23.23
2021-12-14,East,Office Supplies,601.86,-35.36
2023-01-18,Central,Office Supplies,58.93,16.94
2021-09-30,Central,Furniture,956.36,201.77
2021-11-04,South,Office Supplies,1541.81,293.65
2023-09-03,Central,Office Supplies,1727.25,489.07
2023-01-03,West,Furniture,1644.45,103.59
2023-10-30,West,Office Supplies,844.59,158.29
2022-03-20,East,Office Supplies,1466.24,-25.68
2022-02-09,East,Office Supplies,590.02,105.52
2023-05-03,West,Office Supplies,130.01,-12.27
2023-02-17,East,Office Supplies,1358.42,-67.21
2021-04-25,East,Technology,1304.62,91.46
2021-03-06,West,Office Supplies,1607.23,-152.95
2023-04-05,West,Furniture,1239.89,105.13
2021-08-27,West,Office Supplies,330.65,36.08
2021-10-29,South,Technology,1709.26,254.07
2023-08-27,South,Furniture,1261.96,-75.52
2022-01-04,West,Furniture,1619.07,-44.68
2021-08-21,Central,Office Supplies,1552.73,225.63
2021-07-14,West,Technology,609.77,99.56
2023-06-26,South,Office Supplies,167.61,-15.02
2023-11-02,East,Technology,369.48,42.91
2023-07-10,Central,Technology,203.87,43.63
2022-11-20,Central,Office Supplies,501.96,-36.32
2021-06-26,East,Technology,929.87,60.69
2021-08-05,Central,Office Supplies,1815.48,55.56
2023-11-01,East,Technology,1746.6,463.66
2022-09-22,South,Furniture,1442.83,-37.05
2021-06-13,Central,Office Supplies,67.74,1.85
2021-02-22,Central,Technology,695.95,180.51
2021-08-06,East,Furniture,1371.05,44.23
2023-09-26,East,Furniture,275.48,31.0
2023-04-04,South,Furniture,1606.15,-139.39
2022-01-20,East,Furniture,1830.86,538.2
2021-02-25,East,Office Supplies,721.13,165.84
2021-04-28,South,Technology,1417.57,217.97
2023-06-19,West,Furniture,313.44,-23.73
2023-03-09,West,Technology,1387.82,-97.22
2023-02-19,East,Technology,62.48,7.37
2023-10-13,South,Technology,318.53,4.47
2023-03-14,West,Office Supplies,1425.57,212.57
2023-04-25,South,Office Supplies,1429.46,199.09
2023-05-05,East,Furniture,1289.5,303.63
2022-12-09,East,Technology,965.18,12.11
2021-01-22,South,Office Supplies,1356.32,177.88
2023-04-23,Central,Office Supplies,1552.13,327.41
2021-07-11,East,Office Supplies,1933.63,186.23
2023-10-16,East,Furniture,1779.51,413.3
2022-01-31,East,Office Supplies,1593.18,-75.66
2023-10-28,East,Technology,1395.62,270.13
2022-10-02,South,Office Supplies,1156.83,320.66
2023-10-16,South,Office Supplies,258.81,8.48
2022-07-21,South,Furniture,347.8,16.18
2021-08-19,South,Technology,1644.15,-109.47
2023-05-24,Central,Office Supplies,1610.56,252.21
2022-07-28,South,Technology,1236.63,149.61
2021-08-28,South,Technology,888.9,-74.54
2021-03-31,East,Office Supplies,71.54,14.37
2021-08-20,Central,Furniture,667.81,154.74
2022-04-02,East,Technology,852.87,224.18
2021-08-21,Central,Office Supplies,981.92,116.15
2021-12-20,West,Technology,1860.06,150.72
2023-10-02,Central,Technology,235.24,58.92
2022-03-15,Central,Technology,1047.36,62.3
2021-12-11,East,Office Supplies,748.49,121.39
2022-10-26,Central,Technology,1980.39,289.42
2022-10-19,Central,Technology,1726.49,84.36
2021-05-10,East,Furniture,888.8,-57.99
2021-05-21,West,Office Supplies,1999.4,-182.81
2022-02-19,West,Office Supplies,1037.85,73.99
2022-09-18,West,Technology,350.89,32.45
2021-10-11,Central,Furniture,1120.63,256.7
2021-08-11,East,Technology,467.89,30.77
2023-01-14,West,Technology,1279.9,15.95
2022-04-08,West,Office Supplies,1876.13,159.17
2021-12-23,West,Furniture,1576.67,-7.57
2023-11-13,West,Technology,560.86,-35.59
2023-05-09,East,Office Supplies,607.78,-33.3
2022-10-27,West,Technology,157.19,4.35
2023-10-12,Central,Technology,586.02,-55.63
2021-03-26,Central,Furniture,203.4,-2.42
2022-09-13,East,Furniture,1008.91,216.92
2023-11-21,South,Furniture,1422.53,-8.75
2021-08-28,West,Technology,1507.34,-83.97
2021-12-29,West,Furniture,137.87,38.55
2023-04-02,Central,Office Supplies,693.11,103.27
2022-10-30,East,Technology,590.58,-44.88
2021-04-09,South,Furniture,226.51,-17.01
2021-02-16,Central,Technology,737.69,106.85
2023-04-19,South,Technology,612.65,71.1
2022-02-26,East,Office Supplies,1276.31,-92.72
2021-03-03,East,Office Supplies,1768.94,-18.17
2023-10-07,East,Office Supplies,920.59,250.05
2022-08-21,Central,Technology,1498.4,193.0
2022-01-27,East,Technology,309.1,23.53
2023-09-04,Central,Office Supplies,1792.03,0.11
2023-12-12,Central,Technology,322.14,-14.99
2022-08-26,West,Office Supplies,400.36,24.44
2021-12-03,Central,Office Supplies,230.8,62.07
2023-03-21,Central,Furniture,633.17,-50.98
2023-01-22,West,Office Supplies,1113.77,330.11
2023-05-31,South,Furniture,1976.23,-33.35
2022-09-27,West,Office Supplies,1590.87,101.03
2021-09-11,West,Technology,773.26,-63.39
2021-01-20,East,Furniture,1160.18,155.36
2022-06-12,East,Technology,1254.15,117.17
2022-01-11,West,Technology,1649.0,274.86
2021-06-15,East,Office Supplies,1478.17,173.05
2023-05-11,West,Office Supplies,1147.2,68.0
2022-09-09,East,Technology,1344.98,262.41
2022-09-04,Central,Office Supplies,1496.92,-134.71
2022-05-18,East,Office Supplies,283.63,33.02
2023-07-02,East,Office Supplies,416.9,-22.7
2021-03-20,Central,Technology,1383.4,102.93
2022-08-08,West,Furniture,1703.84,368.8
2022-11-19,East,Furniture,830.34,-35.72
2022-01-31,East,Technology,1960.18,537.72
2022-02-06,Central,Office Supplies,447.82,114.37
2023-09-02,Central,Office Supplies,845.06,55.74
2021-08-12,Central,Furniture,769.48,-75.11
2022-06-02,South,Technology,1861.99,402.0
2022-09-26,Central,Technology,585.05,147.64
2021-08-24,West,Office Supplies,952.17,-28.66
2021-04-26,East,Office Supplies,390.72,104.12
2021-08-14,East,Office Supplies,1052.11,279.48
2021-08-18,South,Technology,1717.66,152.04
2021-07-01,East,Furniture,622.0,136.35
2021-07-29,East,Technology,1625.37,126.75
2021-04-06,West,Technology,1824.4,229.18
2023-06-13,East,Technology,164.46,4.59
2023-01-26,West,Furniture,1517.72,-54.96
2022-02-19,South,Office Supplies,525.58,104.39
2022-01-29,West,Office Supplies,367.15,-36.51
2022-11-27,Central,Technology,1210.22,159.53
2023-04-24,Central,Technology,1417.09,348.43
2022-08-27,South,Furniture,801.63,-9.21
2022-08-05,East,Furniture,97.56,3.24
2021-05-13,West,Office Supplies,1819.23,245.59
2023-03-02,Central,Technology,1466.88,-1.84
2022-10-11,West,Furniture,557.9,133.34
2021-08-09,Central,Furniture,1003.79,46.82
2023-09-03,West,Technology,75.03,9.95
2023-12-06,East,Technology,691.78,-6.61
2023-02-27,South,Technology,1054.62,-88.0
2022-11-22,East,Technology,1044.1,-31.87
2021-02-08,West,Technology,432.21,-35.23
2022-11-21,Central,Technology,1557.96,136.23
2021-06-11,Central,Furniture,611.75,82.38
2021-06-10,South,Technology,1169.21,-96.03
2023-12-14,East,Office Supplies,557.61,-35.58
2023-11-24,East,Technology,861.83,81.19
2021-08-30,East,Office Supplies,430.88,94.65
2023-08-25,Central,Office Supplies,1273.36,192.54
2023-06-09,South,Office Supplies,862.66,-50.13
2021-04-23,Central,Technology,51.91,13.24
2023-10-11,East,Technology,75.77,20.23
2021-11-14,West,Office Supplies,952.85,28.57
2021-01-23,Central,Technology,382.79,56.04
2023-04-04,South,Furniture,1178.38,114.22
2022-12-02,East,Furniture,828.22,229.26
2023-10-16,West,Furniture,1315.75,136.18
2023-12-04,Central,Furniture,1905.74,541.2
2021-05-08,West,Technology,1066.9,-21.62
2023-05-26,West,Office Supplies,1579.01,60.34
2021-06-07,South,Technology,1511.02,321.15
2023-04-07,Central,Furniture,1845.15,393.84
2023-05-02,South,Technology,443.76,85.59
2022-05-27,East,Technology,1658.11,404.32
2021-02-14,West,Furniture,1812.93,328.17
2021-08-07,South,Office Supplies,797.67,123.19
2022-03-19,South,Technology,641.36,53.6
2021-11-11,East,Technology,1905.03,165.42
2021-06-26,Central,Furniture,1262.71,78.87
2021-08-16,South,Office Supplies,773.74,114.58
2021-09-24,West,Furniture,1587.82,99.5
2023-05-20,West,Furniture,622.86,-25.54
2023-04-18,West,Technology,369.29,-21.19
2022-05-04,West,Office Supplies,1097.06,295.97
2022-12-03,South,Furniture,1141.1,-102.82
2022-11-18,West,Technology,1654.98,-95.68
2023-09-23,South,Furniture,924.91,72.26
2021-12-23,Central,Technology,1632.88,8.44
2023-05-22,West,Office Supplies,636.42,39.67
2021-07-23,Central,Furniture,1159.23,-61.46
2022-07-06,South,Office Supplies,432.78,-20.62
2021-11-19,East,Office Supplies,783.18,172.51
2022-08-17,Central,Technology,1717.93,349.85
2021-06-30,West,Furniture,447.66,-26.1
2022-05-14,East,Furniture,1624.27,271.44
2021-03-24,Central,Technology,580.09,83.37
2021-10-30,South,Technology,88.29,16.36
2021-09-19,South,Office Supplies,237.67,21.34
2023-02-23,South,Furniture,1496.84,11.97
2023-07-03,Central,Furniture,538.9,89.17
2022-11-23,South,Technology,1315.21,63.84
2023-08-02,Central,Technology,1404.41,-17.44
2022-11-14,West,Technology,703.33,44.63
2022-11-20,West,Furniture,960.34,197.17
2022-01-31,Central,Furniture,819.46,74.01
2023-04-19,Central,Office Supplies,1895.75,37.81
2023-05-28,East,Technology,653.5,152.1
2023-04-03,South,Office Supplies,382.98,96.76
2021-02-18,West,Furniture,743.87,54.53
2023-02-28,West,Office Supplies,1345.64,67.11
2021-10-20,East,Office Supplies,1400.78,203.22
2022-06-20,Central,Office Supplies,1849.63,-142.07
2021-11-07,Central,Technology,1765.87,311.73
2022-06-21,East,Furniture,590.87,125.81
2022-10-01,South,Technology,921.22,54.33
2021-08-22,Central,Office Supplies,1499.59,-45.22
2022-08-28,Central,Technology,1834.74,-162.32
2021-04-04,South,Furniture,687.59,106.51
2021-11-23,South,Furniture,899.99,6.84
2021-08-13,East,Office Supplies,1800.97,154.08
2023-08-25,East,Office Supplies,729.8,39.8
2023-06-09,East,Technology,971.42,-29.19
2021-01-11,Central,Furniture,1810.92,187.15
2023-11-02,East,Furniture,1608.44,134.85
2021-02-04,Central,Technology,501.99,75.13
2022-03-23,West,Furniture,663.09,0.5
2022-03-17,South,Office Supplies,718.86,-10.17
2022-10-15,South,Office Supplies,1827.22,412.47
2022-08-18,West,Technology,1997.89,361.37
2021-08-17,East,Technology,1552.53,324.3
2021-12-10,Central,Technology,978.97,-49.62
2023-09-16,Central,Office Supplies,40.14,-0.42
2023-06-28,Central,Technology,1401.03,182.43
2022-06-11,South,Furniture,790.94,192.1
2021-03-16,East,Technology,1273.31,327.04
2021-07-15,Central,Furniture,1221.25,284.26
2021-01-29,Central,Office Supplies,972.05,-80.33
2022-12-07,Central,Furniture,1889.89,431.56
2023-10-18,West,Furniture,65.83,17.09
2021-01-16,Central,Furniture,1430.02,-110.54
2023-03-16,West,Office Supplies,831.48,55.3
2023-07-29,Central,Furniture,1433.31,164.32
2023-08-25,Central,Furniture,1356.93,-9.36
2021-08-17,Central,Technology,40.27,4.3
2023-08-20,West,Technology,584.97,148.81
2022-12-16,Central,Technology,394.4,97.33
2023-09-11,East,Furniture,350.63,96.75
2022-07-27,Central,Furniture,1462.38,136.94
2022-09-07,West,Office Supplies,494.31,31.75
2021-11-22,West,Furniture,959.98,159.66
2023-05-25,East,Furniture,509.04,33.96
2021-12-25,South,Office Supplies,1168.86,-97.28
2021-11-20,East,Furniture,1446.74,271.94
2021-06-14,East,Office Supplies,675.53,8.37
2023-03-09,West,Office Supplies,1213.98,-97.56
2022-03-31,Central,Technology,1653.21,-151.68
2021-07-12,Central,Furniture,206.56,56.3
2022-09-19,South,Technology,1427.13,1.19
2022-06-14,South,Furniture,659.83,52.23
2023-10-31,South,Technology,262.85,73.66
2021-04-02,South,Office Supplies,1100.4,95.74
2021-05-19,East,Office Supplies,468.0,-32.08
2022-04-26,East,Office Supplies,1646.3,198.83
2022-03-25,Central,Office Supplies,104.93,-6.79
2023-05-19,East,Furniture,215.33,-13.34
2021-12-06,Central,Furniture,1051.57,253.0
2023-12-12,Central,Technology,1186.1,18.7
2022-04-11,Central,Furniture,1465.18,251.23
2022-12-19,Central,Furniture,533.34,55.24
2023-03-10,West,Technology,1686.69,-18.67
2022-04-20,Central,Office Supplies,1907.22,204.32
2022-02-05,East,Technology,1008.1,-72.99
2022-08-28,East,Technology,1525.85,59.33
2023-07-21,East,Office Supplies,1059.2,115.6
2023-09-24,East,Technology,157.54,-1.36
2023-07-11,West,Technology,665.7,109.22
2023-04-01,South,Technology,193.22,-15.32
2022-10-19,South,Furniture,1977.98,185.78
2022-08-21,Central,Office Supplies,473.47,88.06
2022-05-29,Central,Office Supplies,1279.08,92.07
2023-10-27,East,Technology,583.0,145.65
2022-05-15,East,Furniture,1313.43,200.79
2022-12-18,South,Office Supplies,436.6,123.73
2022-08-24,South,Office Supplies,1574.83,21.49
2022-10-28,East,Technology,239.41,65.96
2022-04-13,Central,Technology,1792.4,255.83
2021-06-10,West,Technology,1684.03,333.56
2021-09-27,West,Office Supplies,1364.04,355.83
2023-12-16,South,Technology,153.48,18.49
2021-08-16,South,Technology,432.97,106.02
2023-04-29,South,Technology,1721.54,200.87
2021-05-29,West,Furniture,261.51,36.53
2023-12-06,West,Technology,328.75,25.66
2022-09-24,East,Office Supplies,1097.13,-45.8
2022-02-17,Central,Technology,562.87,68.33
2022-06-04,South,Office Supplies,459.71,133.77
2022-01-22,East,Furniture,1160.11,249.28
2021-10-02,West,Furniture,757.7,150.78
2021-12-19,East,Technology,298.31,46.93
2023-12-26,West,Office Supplies,1079.01,42.26
2022-08-21,Central,Technology,786.28,-25.28
2022-07-12,West,Technology,1474.34,-15.01
2021-04-23,East,Office Supplies,223.46,-21.78
2021-05-21,Central,Office Supplies,1248.81,211.54
2022-12-31,West,Office Supplies,884.26,198.74
2022-08-12,South,Office Supplies,824.0,6.23
2022-02-15,West,Office Supplies,479.93,-30.36
2022-01-12,Central,Furniture,80.24,2.75
2023-01-21,East,Furniture,1698.42,28.57
2022-09-19,Central,Furniture,666.29,53.54
2023-09-22,East,Office Supplies,1368.56,7.72
2022-12-04,West,Office Supplies,1896.22,68.06
2022-04-07,West,Office Supplies,1138.68,299.5
2021-01-12,Central,Technology,806.35,27.36
2022-04-22,South,Furniture,551.18,118.07
2023-07-28,West,Furniture,1869.41,281.03
2022-02-05,South,Technology,1370.51,47.99
2023-03-19,South,Technology,1337.26,303.71
2021-06-26,Central,Furniture,863.79,119.23
2021-02-26,West,Office Supplies,1693.2,-163.48
2022-03-24,South,Furniture,1433.07,-103.91
2021-07-22,West,Office Supplies,580.7,116.75
2023-01-08,East,Furniture,1207.17,94.9
2021-07-21,South,Furniture,871.78,54.23
2021-12-29,Central,Technology,33.05,-1.38
2023-06-11,Central,Technology,1619.09,-60.02
2022-03-30,South,Office Supplies,263.2,57.67
2021-12-22,West,Office Supplies,1029.71,238.49
2021-08-04,East,Furniture,685.73,85.03
2023-08-30,East,Technology,697.34,12.59
2022-07-09,Central,Office Supplies,965.18,263.57
2023-06-06,Central,Office Supplies,1994.11,298.29
2021-01-23,West,Office Supplies,828.59,181.18
2021-06-04,Central,Furniture,381.01,-37.6
2021-09-06,West,Office Supplies,1234.94,98.95
2023-01-19,South,Office Supplies,487.85,121.17
2023-03-16,East,Technology,228.99,8.08
2021-05-14,South,Technology,119.34,22.75
2021-11-17,Central,Technology,65.3,10.65
2022-01-25,East,Furniture,873.71,-34.17
2022-03-10,East,Technology,864.92,181.6
2023-11-12,South,Technology,387.38,-21.3
2023-05-23,West,Technology,1572.36,300.58
2023-05-08,East,Technology,275.96,81.79
2021-02-20,West,Office Supplies,1832.33,518.9
2021-06-25,South,Furniture,1183.4,260.46
2023-05-20,South,Office Supplies,74.68,8.5
2021-09-10,West,Office Supplies,1926.69,327.4
2023-08-24,South,Furniture,629.72,120.43
2023-01-09,East,Office Supplies,910.95,-88.03
2021-10-29,South,Technology,582.85,-34.42
2022-07-02,South,Furniture,1462.27,203.0
2022-12-17,East,Office Supplies,981.65,-95.6
2023-02-18,West,Office Supplies,282.1,74.35
2021-09-25,South,Technology,226.32,21.7
2023-10-07,West,Office Supplies,1456.24,4.52
2022-07-05,East,Office Supplies,489.42,28.16
2021-11-10,West,Office Supplies,292.83,70.37
2021-07-03,West,Furniture,1008.87,273.28
2022-12-14,Central,Furniture,1609.48,-86.12
2021-05-08,Central,Office Supplies,571.99,120.8
2022-12-01,South,Office Supplies,567.33,74.49
2022-01-21,Central,Technology,1671.08,224.26
2021-09-28,Central,Furniture,312.71,66.23
2023-03-22,Central,Furniture,1241.12,-13.48
2022-02-19,West,Furniture,1910.93,214.82
2021-07-17,West,Office Supplies,1685.78,46.77
2023-12-16,Central,Technology,142.39,-8.86
2023-04-11,East,Technology,653.42,-37.88
2022-09-20,Central,Office Supplies,301.9,-13.71
2022-08-27,East,Office Supplies,1899.5,277.25
2023-12-17,West,Technology,1972.16,-113.73
2023-10-07,East,Technology,485.29,62.14
2021-03-12,West,Furniture,1346.0,182.14
2023-06-30,East,Office Supplies,1686.43,441.1
2022-08-17,West,Furniture,482.69,72.67
2022-08-23,West,Technology,391.61,115.23
2022-05-29,Central,Furniture,42.2,-3.7
2021-03-25,South,Technology,835.69,151.81
2023-09-21,South,Technology,1800.89,-161.01
2023-12-03,West,Furniture,1807.9,346.67
2023-04-19,Central,Office Supplies,272.93,14.83
2022-08-29,South,Furniture,424.62,61.37
2023-03-21,South,Furniture,827.93,19.72
2021-05-13,Central,Office Supplies,1565.64,-56.92
2023-12-25,Central,Office Supplies,1231.47,233.25
2021-10-17,South,Furniture,1037.42,271.65
2022-01-11,South,Technology,1192.03,-31.67
2023-02-08,East,Furniture,210.48,56.47
2022-04-12,East,Technology,965.77,-42.42
2022-04-16,West,Office Supplies,1984.29,385.48
2021-05-29,South,Office Supplies,195.12,55.37
2021-03-29,Central,Technology,1048.11,-43.03
2022-01-31,Central,Furniture,605.39,44.82
2023-03-01,South,Office Supplies,1089.03,38.1
2023-05-15,West,Technology,1156.16,64.04
2021-01-24,Central,Technology,1163.4,234.14
2023-08-14,South,Furniture,1707.37,280.82
2021-11-07,South,Technology,791.7,227.59
2022-10-26,West,Technology,1042.38,-26.9
2022-03-14,South,Furniture,41.64,4.88
2022-12-07,Central,Office Supplies,1583.31,126.11
2022-02-26,East,Office Supplies,533.79,142.81
2021-11-17,West,Office Supplies,1636.78,-156.73
2022-08-10,South,Technology,545.96,161.42
2023-08-05,West,Technology,41.36,3.8
2023-04-29,South,Furniture,326.57,49.06
2021-02-11,East,Technology,1971.65,86.79
2023-07-28,West,Technology,653.21,157.43
2022-01-22,South,Office Supplies,235.47,29.39
2023-06-29,East,Technology,255.14,42.13
2022-12-17,Central,Technology,634.48,101.24
2022-03-07,South,Technology,94.54,4.31
2022-07-08,East,Furniture,1032.75,-71.88
2023-03-11,East,Technology,443.21,98.87
2022-03-02,West,Furniture,1048.24,16.65
2021-01-26,South,Office Supplies,298.71,71.56
2022-01-20,Central,Technology,871.12,124.97
2021-02-25,South,Furniture,1203.88,49.94
2022-09-26,East,Office Supplies,142.76,19.66
2021-04-16,Central,Technology,809.52,128.06
2023-04-29,East,Furniture,619.0,113.07
2022-11-01,West,Furniture,495.91,113.53
2022-01-11,South,Office Supplies,1216.98,-43.93
2023-01-13,East,Technology,1185.31,329.11
2023-08-25,East,Technology,1268.79,81.63
2021-11-04,South,Technology,334.59,81.7
2021-04-01,Central,Furniture,585.7,-6.92
2023-03-13,East,Technology,435.16,-38.46
2021-04-20,South,Furniture,1090.2,141.0
2022-08-08,West,Furniture,932.91,27.86
2021-12-06,West,Office Supplies,673.98,198.01
2023-09-06,South,Furniture,1576.31,-91.77
2021-12-22,East,Office Supplies,206.07,-16.71
2021-06-17,South,Office Supplies,1950.3,-159.91
2022-07-11,South,Technology,250.76,-3.32
2023-06-24,East,Office Supplies,1550.68,204.19
2021-04-15,Central,Technology,749.1,76.58
2021-05-30,Central,Office Supplies,1733.22,69.38
2021-05-26,West,Furniture,166.86,-10.76
2022-12-17,Central,Technology,761.95,-4.96
2023-05-24,South,Furniture,684.18,-18.02
2021-10-26,East,Technology,1986.45,393.85
2022-10-08,West,Furniture,1971.39,417.89
2022-12-24,Central,Office Supplies,395.81,83.44
2023-12-08,South,Technology,1267.29,364.49
2022-09-30,West,Technology,1080.33,274.07
2021-08-27,East,Technology,325.66,32.28
2023-10-28,Central,Office Supplies,352.2,23.24
2022-04-09,South,Furniture,1978.72,526.95
2022-03-29,East,Office Supplies,916.41,132.41
2023-02-23,South,Office Supplies,269.09,4.78
2023-06-16,South,Office Supplies,445.28,56.01
2022-01-06,South,Furniture,551.33,163.67
2022-05-02,East,Office Supplies,1031.62,247.37
2021-06-14,West,Technology,684.39,8.56
2021-07-11,South,Office Supplies,920.92,258.95
2022-12-31,West,Furniture,349.67,102.31
2021-08-02,West,Technology,666.92,-5.02
2022-07-28,Central,Furniture,159.23,41.12
2023-08-15,Central,Office Supplies,1781.63,451.25
2022-01-16,West,Furniture,413.53,-34.78
2022-11-04,Central,Technology,1518.66,254.95
2023-03-09,Central,Furniture,712.11,15.75
2021-08-27,West,Technology,959.31,162.93
2022-12-01,East,Technology,596.7,158.38
2022-05-20,Central,Office Supplies,1398.95,139.21
2021-07-21,Central,Office Supplies,1692.2,111.29
2023-07-09,East,Technology,586.81,157.62
2021-02-06,East,Furniture,499.59,144.7
2022-10-06,East,Technology,1369.25,-102.84
2023-02-04,West,Office Supplies,406.4,109.38
2022-12-07,East,Furniture,1286.88,-86.08
2022-06-29,West,Technology,206.97,7.23
2022-06-24,South,Office Supplies,1247.87,255.85
2023-10-14,South,Technology,1036.55,218.52
2022-01-29,East,Technology,245.53,46.73
2023-04-13,East,Technology,1305.23,-110.1
2023-12-02,South,Furniture,904.18,-42.33
2022-08-20,West,Office Supplies,449.89,123.49
2022-01-28,West,Office Supplies,719.7,-48.52
2022-12-01,East,Technology,994.36,-68.19
2022-03-17,East,Technology,201.28,47.15
2023-07-07,East,Technology,1916.07,299.88
2021-11-16,South,Furniture,1337.81,54.4
2022-07-07,Central,Office Supplies,223.02,-7.52
2023-12-31,East,Technology,1649.27,418.37
2022-07-22,West,Office Supplies,658.66,194.58
2023-07-08,Central,Technology,1201.66,-96.15
2021-08-24,West,Office Supplies,568.74,69.18
2023-09-14,Central,Technology,1472.14,6.66
2023-10-30,South,Furniture,1451.56,338.15
2021-03-01,Central,Technology,1113.05,42.77
2023-06-12,West,Technology,497.03,92.37
2021-08-13,Central,Technology,522.33,60.49
2022-12-01,South,Technology,778.07,90.73
2022-08-05,West,Technology,307.12,74.69
2023-09-21,East,Office Supplies,688.56,60.7
2021-06-18,Central,Office Supplies,1375.02,327.58
2023-12-22,West,Furniture,1665.07,75.55
2021-01-14,Central,Technology,678.51,-20.41
2021-06-13,South,Office Supplies,482.51,39.66
2023-01-27,West,Office Supplies,1668.63,165.77
2023-11-18,East,Technology,1783.59,162.94
2022-03-22,East,Technology,831.84,185.78
2022-12-17,Central,Furniture,73.27,9.22
2023-09-03,South,Furniture,1396.02,356.51
2023-03-30,South,Office Supplies,1572.39,166.16
2021-04-14,Central,Furniture,55.69,-0.56
2023-01-12,West,Office Supplies,1198.16,-57.75
2022-03-02,West,Furniture,1184.97,293.1
2022-10-01,Central,Technology,769.84,-59.69
2023-04-30,West,Furniture,1504.54,-79.67
2023-02-08,West,Office Supplies,867.79,-64.68
2021-10-04,West,Furniture,1360.02,94.51
2023-12-25,Central,Office Supplies,1043.89,118.01
2023-06-19,East,Office Supplies,511.96,-47.13
2021-07-07,South,Furniture,1220.87,129.7
2021-04-15,East,Furniture,1479.08,85.05
2022-06-30,West,Office Supplies,1948.33,408.09
2022-01-15,Central,Technology,772.62,179.23
2021-04-20,South,Furniture,147.66,25.69
2022-06-29,West,Office Supplies,1976.18,176.67
2021-12-20,South,Technology,1255.14,-17.0
2023-01-13,South,Office Supplies,1893.97,452.37
2021-11-13,East,Furniture,225.58,8.27
2023-12-25,West,Office Supplies,697.23,29.64
2021-11-29,South,Office Supplies,285.19,75.98
2022-08-15,East,Office Supplies,1674.31,485.95
2023-02-22,Central,Furniture,1763.08,457.08
2022-06-24,South,Technology,1012.6,303.06
2023-01-05,West,Technology,389.48,96.42
2022-09-13,Central,Technology,271.7,49.38
2022-09-11,South,Technology,1184.56,20.76
2023-06-28,South,Furniture,1022.63,287.55
2023-09-19,West,Office Supplies,1395.68,349.83
2021-04-09,South,Technology,624.31,-2.31
2021-11-13,West,Technology,816.69,78.13
2021-05-03,West,Furniture,62.29,-4.48
2023-03-10,West,Office Supplies,1228.08,345.49
2022-04-02,West,Office Supplies,857.82,110.75
2022-06-06,South,Technology,1841.13,-3.53
2022-06-04,Central,Technology,1290.74,21.89
2023-07-06,Central,Office Supplies,809.42,236.56
2022-12-18,East,Furniture,541.91,79.25
2021-11-11,West,Office Supplies,1812.46,123.74
2022-12-10,South,Office Supplies,52.2,5.22
2022-12-11,South,Technology,667.29,-40.42
2023-11-10,East,Furniture,1888.14,-132.15
2022-07-14,Central,Furniture,1314.99,180.26
2023-08-27,South,Furniture,1074.78,112.64
2021-12-22,East,Technology,423.0,18.47
2023-12-14,Central,Furniture,1670.08,211.17
2023-06-09,South,Furniture,424.31,-30.1
2023-03-04,West,Technology,511.54,142.0
2021-09-22,East,Office Supplies,399.87,6.99
2023-09-09,South,Furniture,333.14,-23.75
2023-03-13,East,Office Supplies,1907.56,-61.42
2021-02-12,East,Furniture,1212.02,-74.92
2023-05-12,East,Office Supplies,1282.92,-36.64
2021-12-16,West,Office Supplies,1909.56,127.37
2023-07-01,Central,Technology,476.54,93.03
2021-01-01,Central,Technology,31.72,0.28
2022-08-07,South,Furniture,1205.79,89.68
2022-03-08,West,Furniture,1025.53,278.43
2021-02-22,Central,Technology,965.75,17.7
2023-07-29,South,Furniture,142.52,31.05
2022-06-04,South,Furniture,919.78,-33.92
2021-05-27,East,Technology,589.37,-16.9
2022-09-21,West,Office Supplies,563.64,46.48
2021-10-26,Central,Furniture,460.32,-2.93
2023-02-28,West,Technology,678.41,177.21
2023-04-30,West,Furniture,719.2,-57.32
2021-06-27,Central,Furniture,631.38,87.7
2023-04-22,Central,Technology,1957.93,277.42
2023-05-28,West,Technology,1866.81,-137.38
2023-01-29,South,Furniture,1157.53,223.43
2023-12-28,West,Furniture,1962.49,171.83
2022-03-21,Central,Office Supplies,1982.57,375.16
2022-12-09,West,Office Supplies,724.76,167.25
2022-08-25,Central,Technology,901.47,26.29
2021-05-25,South,Furniture,1918.94,179.99
2021-10-02,West,Technology,1225.08,5.27
2022-05-24,South,Technology,441.6,-8.56
2023-01-23,West,Furniture,1384.97,-138.17
2022-04-22,West,Office Supplies,427.38,122.0
2022-10-28,Central,Technology,691.93,52.84
2022-07-22,East,Technology,470.57,-44.6
2022-06-15,Central,Furniture,505.06,-48.7
2021-06-08,West,Office Supplies,29.22,0.45
2022-11-12,East,Office Supplies,1763.8,-166.55
2021-01-23,East,Furniture,606.06,30.19
2023-12-07,South,Technology,191.02,-14.29
2022-06-09,West,Furniture,192.24,-16.21
2022-12-30,Central,Furniture,1120.92,188.04
2021-05-24,East,Office Supplies,1985.98,521.79
2022-10-30,East,Technology,307.14,19.58
2022-11-12,Central,Technology,217.25,50.99
2023-08-31,Central,Office Supplies,887.84,-78.39
2023-03-10,East,Technology,1135.4,239.66
2021-03-26,Central,Technology,602.87,-45.14
2022-02-20,South,Furniture,618.99,145.7
2022-11-25,East,Furniture,860.46,217.65
2022-04-27,South,Furniture,642.01,137.64
2022-04-01,West,Technology,1832.36,418.33
2023-04-07,South,Technology,103.07,12.84
2021-10-24,Central,Technology,484.45,2.88
2023-08-08,East,Technology,1620.93,254.96
2022-11-11,South,Office Supplies,1671.24,126.71
2022-01-13,Central,Office Supplies,240.88,-23.57
2022-02-25,Central,Technology,1948.05,176.75
2021-04-15,South,Furniture,1392.84,223.52
2021-11-26,East,Furniture,559.73,-52.86
2022-03-15,South,Office Supplies,922.95,137.1
2022-01-17,West,Office Supplies,608.33,97.95
2021-05-18,South,Technology,317.04,-11.65
2023-08-01,South,Technology,596.53,43.21
2023-04-23,East,Technology,1168.58,333.9
2021-09-27,South,Technology,1655.42,419.94
2022-01-31,Central,Technology,739.79,47.59
2023-07-02,East,Furniture,708.85,28.31
2022-04-09,Central,Furniture,946.64,-47.68
2022-03-26,East,Technology,1296.22,-111.38
2021-01-20,West,Furniture,1508.2,28.63
2021-08-27,West,Technology,667.06,184.18
2022-02-22,West,Technology,1180.98,334.74
2023-11-21,South,Office Supplies,790.93,177.97
2021-07-05,West,Furniture,1438.47,58.01
2021-09-10,East,Furniture,346.06,-14.72
2021-01-19,West,Office Supplies,528.71,73.07
2022-12-13,East,Furniture,863.6,136.97
2021-08-11,Central,Office Supplies,1781.04,124.37
2021-01-03,South,Furniture,1155.19,204.07
2023-05-04,Central,Technology,1931.48,383.73
2021-08-16,Central,Office Supplies,224.49,47.87
2023-07-02,West,Technology,931.15,93.97
2022-05-14,West,Technology,849.78,184.11
2022-06-05,West,Furniture,1208.41,-108.53
2022-12-03,Central,Office Supplies,1627.69,280.23
2023-07-06,South,Technology,1686.07,-9.69
2021-10-18,South,Technology,1346.99,11.06
2023-12-13,Central,Office Supplies,1290.24,-81.9
2022-12-16,South,Furniture,1899.08,-43.76
2023-08-06,Central,Technology,779.7,231.42
2022-10-10,Central,Furniture,1668.91,110.41
2023-10-25,South,Office Supplies,1844.58,500.08
2022-11-15,East,Furniture,993.25,-34.61
2023-05-20,East,Office Supplies,1463.62,-26.9
2023-12-07,West,Furniture,766.5,94.38
2021-04-04,South,Furniture,334.58,13.32
2023-07-29,West,Technology,1181.28,186.13
2022-07-14,Central,Furniture,409.01,28.15
2021-08-01,East,Technology,926.05,208.03
2022-03-12,South,Office Supplies,1748.3,126.97
2023-05-02,South,Office Supplies,190.32,24.54
2022-05-23,South,Technology,80.25,2.28
2023-04-16,East,Furniture,1220.83,221.72
2022-10-13,West,Office Supplies,675.5,109.36
2021-07-24,East,Office Supplies,847.52,49.83
2022-01-16,West,Office Supplies,823.31,8.57
2021-03-18,Central,Technology,191.51,27.89
2023-03-27,Central,Office Supplies,27.06,7.5
2023-02-07,West,Office Supplies,1798.88,-84.44
2022-02-14,Central,Office Supplies,451.24,99.11
2021-04-16,Central,Office Supplies,863.64,101.22
2022-07-05,South,Technology,1944.41,214.32
2023-04-06,South,Technology,1656.99,471.7
2021-03-29,East,Furniture,233.7,33.27
2023-05-31,East,Office Supplies,1026.87,238.45
2022-06-24,East,Technology,1465.56,155.04
2021-09-02,South,Furniture,1402.82,-0.08
2022-08-01,East,Furniture,1526.47,271.4
2023-09-09,East,Office Supplies,925.76,249.28
2022-12-18,South,Furniture,368.33,87.11
2021-05-22,West,Technology,940.45,-19.42
2023-06-12,South,Furniture,1302.82,34.86
2021-12-18,West,Furniture,1225.01,130.77
2022-06-29,South,Technology,159.63,20.54
2023-07-02,East,Furniture,148.61,-3.34
2021-06-01,Central,Furniture,1931.21,-15.44
2022-10-15,Central,Furniture,320.57,65.25
2023-08-16,West,Furniture,603.04,115.86
2023-02-02,West,Office Supplies,1539.92,362.93
2022-09-16,West,Office Supplies,831.16,227.05
2022-10-18,Central,Technology,379.3,8.84
2022-03-26,West,Furniture,945.12,230.46
2022-12-22,South,Technology,1146.52,190.79
2021-02-12,South,Office Supplies,916.48,259.46
2021-09-21,Central,Furniture,1839.51,16.24
2023-10-24,South,Furniture,583.7,4.59
2022-08-19,West,Office Supplies,1329.44,241.58
2023-11-06,Central,Furniture,242.34,65.76
2023-12-19,West,Furniture,796.73,183.11
2023-10-10,South,Office Supplies,1487.17,283.78
2021-06-26,West,Technology,465.14,25.55
2021-03-04,Central,Technology,1187.75,222.24
2023-08-16,West,Furniture,323.81,71.38
2023-09-30,South,Office Supplies,223.35,44.96
2022-07-15,East,Technology,1056.0,180.28
2023-08-13,Central,Technology,1356.52,-110.08
2023-04-30,West,Furniture,244.47,40.07
2022-08-27,Central,Technology,1837.2,167.77
2022-08-29,West,Office Supplies,467.03,132.93
2023-04-10,East,Technology,257.55,36.8
2023-01-16,South,Office Supplies,421.34,60.37
2022-07-12,West,Office Supplies,355.75,105.88
2021-03-05,West,Furniture,199.54,-12.48
2023-07-31,East,Technology,1599.72,16.84
2021-09-06,Central,Furniture,1001.16,162.62
2023-07-29,South,Technology,789.27,20.6
2021-06-06,West,Furniture,1902.24,73.16
2023-01-05,West,Furniture,754.6,193.98
2023-09-12,South,Furniture,350.61,46.19
2023-12-26,East,Technology,562.6,-33.11
2022-10-24,Central,Furniture,493.15,12.01
2023-11-10,South,Office Supplies,1007.51,-70.1
2021-02-02,Central,Technology,597.18,73.13
2022-07-12,East,Office Supplies,1041.8,-31.98
2021-03-14,East,Furniture,1345.2,326.68
2023-04-05,South,Furniture,1559.05,204.12
2023-12-15,West,Office Supplies,1426.11,-108.74
2021-03-02,East,Furniture,427.07,8.69
2021-09-29,East,Technology,249.48,36.56
2021-09-03,South,Office Supplies,1094.05,37.42
2022-09-20,South,Technology,413.85,43.57
2022-12-06,South,Technology,188.17,49.63
2022-10-24,East,Technology,1063.65,42.56
2021-11-06,Central,Furniture,667.05,22.91
2022-05-10,East,Furniture,1517.18,345.77
2021-12-04,South,Office Supplies,642.1,17.66
2022-08-02,West,Office Supplies,1957.86,-134.73
2021-01-10,West,Technology,1521.88,-42.04
2021-02-18,South,Furniture,134.23,37.52
2022-09-15,West,Furniture,1027.57,280.85
2023-01-01,East,Furniture,1133.99,-11.43
2023-03-06,Central,Office Supplies,1396.7,169.56
2023-08-29,East,Furniture,1005.64,-45.31
2021-05-13,South,Technology,977.22,166.0
2021-03-24,East,Technology,748.52,-19.37
2021-02-26,West,Technology,557.49,-44.65
2022-01-11,East,Furniture,1893.48,435.42
2021-12-15,Central,Technology,648.84,19.57
2021-09-28,West,Technology,145.57,-8.24
2021-04-21,Central,Office Supplies,351.22,82.03
2023-05-19,Central,Office Supplies,1717.41,352.0
2023-06-06,Central,Furniture,1181.53,205.0
2021-03-17,East,Furniture,1561.99,413.15
2021-11-25,East,Furniture,1621.39,155.15
2021-05-02,East,Furniture,1650.01,-80.48
2021-02-10,East,Furniture,1110.22,-83.78
2023-07-11,West,Office Supplies,370.7,10.15
2022-10-04,East,Office Supplies,313.5,-20.46
2023-11-13,West,Office Supplies,1156.49,132.08
2021-10-06,Central,Technology,745.7,-70.25
2023-02-02,West,Technology,1124.94,87.19
2022-04-14,South,Office Supplies,1006.99,-28.82
2021-01-09,East,Office Supplies,1212.35,57.35
2021-01-13,South,Furniture,83.58,14.21
2023-07-13,West,Office Supplies,85.02,3.43
2023-07-12,East,Furniture,1448.76,52.93
2023-12-12,South,Office Supplies,402.39,119.23
2023-12-11,East,Furniture,1311.35,245.91
2022-10-15,West,Office Supplies,1102.22,116.33
2022-09-13,South,Furniture,1963.95,258.75
2021-07-15,West,Technology,1674.1,247.89
2022-02-21,South,Technology,838.01,-75.56
2022-10-26,Central,Furniture,1240.5,-84.22
2021-05-28,Central,Furniture,252.23,40.28
2023-09-28,Central,Technology,785.04,35.95
2021-12-30,Central,Office Supplies,1473.1,-114.64
2022-02-06,Central,Furniture,1252.89,23.81
2022-08-29,West,Office Supplies,979.25,-46.89
2021-08-17,Central,Technology,369.53,98.49
2022-06-21,West,Technology,1610.23,-30.32
2021-09-25,Central,Furniture,560.87,-23.85
2023-11-01,East,Office Supplies,1644.55,247.45
2021-05-06,Central,Technology,1230.99,133.89
2021-11-02,East,Office Supplies,758.01,98.82
2022-09-20,West,Technology,100.4,7.47
2022-11-20,Central,Furniture,480.19,41.71
2023-11-04,South,Office Supplies,1780.36,376.58
2021-10-08,West,Office Supplies,1639.59,-19.73
2022-03-19,Central,Furniture,1158.21,67.88
2023-04-17,West,Furniture,943.32,267.08
2022-01-24,South,Furniture,1301.34,-31.24
2022-09-09,Central,Furniture,943.17,16.51
2021-05-27,South,Technology,1295.72,-30.29
2022-06-05,Central,Office Supplies,628.66,-57.71
2022-09-22,East,Technology,1680.22,13.33
2022-03-10,West,Furniture,1409.8,-114.78
2021-05-24,South,Technology,673.35,-25.67
2021-10-16,West,Technology,1664.72,75.03
2021-01-14,South,Office Supplies,984.94,-90.33
2021-09-14,West,Office Supplies,365.78,73.59
2023-05-08,West,Office Supplies,173.87,37.94
2023-08-01,West,Furniture,1405.22,90.73
2022-04-09,East,Furniture,1732.94,509.25
2021-09-27,Central,Office Supplies,1618.74,277.77
2022-09-15,East,Technology,1318.19,260.33
2021-03-13,West,Office Supplies,299.92,-6.92
2021-03-15,South,Furniture,206.21,48.45
2021-12-21,West,Technology,703.16,195.49
2022-05-12,Central,Furniture,1712.72,-9.38
2023-09-15,East,Office Supplies,1924.24,335.94
2022-08-03,Central,Office Supplies,497.89,98.97
2023-06-29,South,Technology,1528.95,33.74
2022-01-08,Central,Office Supplies,1156.26,104.07
2021-12-28,East,Furniture,82.98,-5.06
2021-04-03,South,Furniture,1094.97,-33.68
2021-11-20,Central,Furniture,1615.76,-121.78
2022-01-19,East,Technology,566.72,70.31
2022-07-29,East,Furniture,1796.78,269.71
2023-01-06,West,Office Supplies,487.8,129.97
2023-01-07,Central,Technology,171.42,20.03
2021-12-12,South,Furniture,336.68,1.43
2022-12-20,West,Furniture,1677.27,-127.83
2023-02-20,Central,Office Supplies,846.27,214.94
2023-10-17,Central,Office Supplies,1597.95,146.28
2022-10-26,South,Technology,1071.84,208.93
2022-08-23,West,Furniture,971.51,-91.46
2021-01-11,West,Furniture,1617.69,154.09
2021-07-06,South,Office Supplies,858.51,26.0
2022-12-27,West,Technology,1608.02,-141.29
2023-11-05,East,Office Supplies,219.31,46.11
2023-02-17,South,Office Supplies,1279.9,134.6
2022-02-15,Central,Technology,1411.12,46.95
2023-08-14,South,Furniture,1800.21,400.22
2022-08-08,East,Furniture,464.16,36.56
2023-12-12,South,Furniture,1216.36,-119.93
2023-11-18,Central,Technology,877.85,243.85
2022-07-31,Central,Technology,777.89,1.77
2023-11-07,South,Technology,231.29,53.71
2023-09-16,South,Technology,285.78,64.75
2023-01-13,East,Technology,1677.24,-58.79
2021-07-23,East,Office Supplies,1504.51,134.81
2023-12-13,Central,Furniture,777.04,-65.21
2023-09-01,West,Technology,1660.4,69.44
2023-07-29,West,Furniture,179.92,34.62
2023-12-14,West,Technology,1257.05,-6.5
2023-11-21,West,Furniture,1738.99,-92.43
2023-12-18,Central,Office Supplies,1680.95,172.88
2021-04-15,West,Furniture,758.11,87.03
2021-09-10,West,Furniture,1495.56,254.74
2021-10-22,South,Technology,866.39,176.44
2022-10-30,West,Furniture,1683.47,300.2
2022-07-03,South,Office Supplies,1070.91,255.05
2022-09-23,Central,Office Supplies,1534.42,-16.63
2023-12-27,South,Office Supplies,175.57,22.46
2021-10-26,East,Technology,1188.25,52.33
2021-04-11,South,Technology,1109.56,316.05
2023-12-16,West,Technology,1227.75,93.45
2021-11-28,South,Technology,1397.37,396.69
2023-04-16,South,Technology,1837.86,381.59
2022-01-28,Central,Office Supplies,1575.65,295.25
2023-05-24,Central,Furniture,454.88,43.95
2022-01-16,West,Office Supplies,1655.27,128.04
2021-04-02,East,Technology,261.72,28.95
2022-03-23,East,Office Supplies,1251.95,21.85
2021-04-19,South,Furniture,1767.85,462.83
2021-11-13,East,Technology,220.22,47.95
2022-03-18,Central,Office Supplies,1702.39,375.48
2021-08-06,West,Office Supplies,1601.27,117.31
2022-11-04,West,Furniture,1017.48,-72.82
2021-10-05,Central,Technology,631.62,109.42
2023-10-06,West,Technology,822.77,40.95
2022-07-23,South,Furniture,1937.94,480.94
2023-10-07,West,Furniture,419.36,88.96
2023-05-25,East,Furniture,1167.62,-48.89
2022-04-11,West,Furniture,184.82,26.0
2023-04-19,West,Technology,451.43,79.85
2023-01-24,Central,Technology,1531.37,194.87
2023-04-18,Central,Office Supplies,619.15,65.39
2021-01-30,East,Office Supplies,1971.82,-17.46
2021-12-25,Central,Office Supplies,1011.62,-5.7
2021-03-27,East,Technology,1042.75,216.06
2023-01-17,South,Technology,91.9,-8.5
2021-11-09,East,Technology,1913.92,404.92
2021-12-31,West,Office Supplies,364.98,40.41
2023-06-24,East,Furniture,1085.91,298.07
2022-11-29,South,Furniture,803.44,240.17
2021-05-11,West,Furniture,842.86,139.4
2023-03-14,East,Furniture,1293.73,83.97
2023-02-28,Central,Furniture,1330.94,119.83
2021-12-17,Central,Technology,325.49,-5.96
2021-06-29,Central,Office Supplies,1009.18,-60.86
2023-02-13,East,Furniture,1585.15,208.46
2022-05-25,East,Furniture,897.71,199.47
2021-12-31,South,Furniture,348.29,1.64
2023-09-08,West,Technology,640.17,43.44
2021-12-19,West,Furniture,440.51,53.7
2023-03-11,West,Office Supplies,269.12,70.82
2022-02-16,West,Technology,767.61,-34.2
2023-01-05,East,Technology,1091.05,-5.72
2023-09-08,East,Technology,164.05,43.87
2021-04-28,South,Furniture,1215.57,-102.33
2022-04-27,West,Furniture,1986.19,322.65
2021-07-11,East,Furniture,1928.97,300.55
2022-08-14,East,Furniture,1661.76,88.57
2022-08-13,East,Office Supplies,547.36,47.77
2022-10-21,East,Technology,64.37,15.58
2021-04-17,West,Furniture,1670.41,-56.81
2022-01-17,West,Office Supplies,130.33,-0.96
2023-02-22,East,Technology,427.14,44.82
2022-01-25,Central,Technology,1098.02,70.16
2021-09-01,South,Technology,373.19,48.42
2022-08-08,West,Furniture,1670.9,448.36
2023-05-19,West,Technology,1558.78,415.95
2022-04-13,Central,Furniture,1516.42,-12.12
2023-05-16,West,Office Supplies,1635.93,34.12
2023-07-23,Central,Technology,455.01,-16.0
2022-08-27,Central,Office Supplies,1463.21,396.7
2023-10-12,East,Furniture,723.46,42.79
2023-05-10,West,Furniture,1340.35,107.07
2021-01-13,South,Furniture,261.6,57.83
2021-10-26,Central,Technology,1417.06,149.06
2023-12-11,South,Technology,1944.77,-101.32
2023-02-26,East,Office Supplies,106.33,7.99
2021-05-29,West,Furniture,205.78,31.32
2021-05-02,East,Office Supplies,264.8,49.7
2022-06-22,East,Furniture,872.52,137.98
2022-01-11,South,Furniture,595.74,-31.17
2021-03-23,South,Office Supplies,1617.7,35.17
2022-05-07,Central,Furniture,958.1,185.32
2021-12-22,West,Office Supplies,979.38,246.88
2023-07-14,East,Technology,1439.74,-116.8
2023-12-04,Central,Office Supplies,736.7,-61.23
2023-10-02,Central,Office Supplies,719.35,113.2
2021-05-03,East,Furniture,1518.71,181.06
2022-12-09,East,Office Supplies,1564.48,-59.24
2021-11-26,Central,Technology,48.51,5.79
2023-09-18,East,Technology,304.71,88.3
2021-11-19,East,Technology,441.93,67.33
2023-02-09,South,Technology,716.17,57.05
2022-03-09,West,Office Supplies,597.07,137.93
2022-12-11,Central,Technology,1343.67,-19.98
2023-03-05,East,Office Supplies,1659.71,109.09
2022-12-13,Central,Office Supplies,400.33,44.48
2022-06-23,West,Furniture,1134.7,115.53
2022-08-24,Central,Office Supplies,748.28,200.83
2021-09-14,Central,Office Supplies,1021.44,17.43
2023-05-21,Central,Furniture,1249.1,-96.68
2023-06-18,South,Technology,1789.33,476.95
2023-03-20,West,Technology,400.74,-5.28
2022-11-08,West,Office Supplies,192.27,9.92
2021-09-28,Central,Furniture,1261.88,141.78
2022-07-04,Central,Office Supplies,800.38,232.39
2022-07-22,West,Office Supplies,342.55,39.09
2023-09-13,East,Technology,251.83,19.92
2021-12-25,South,Furniture,1126.64,150.36
2023-03-09,West,Office Supplies,614.93,177.3
2023-06-06,Central,Technology,1994.9,453.2
2021-07-30,East,Office Supplies,823.68,-26.7
2021-10-14,East,Technology,440.33,97.45
2023-01-13,East,Furniture,1265.12,299.12
2023-11-13,South,Office Supplies,503.62,88.78
2021-10-23,South,Furniture,998.29,162.61
2021-01-06,West,Technology,975.5,74.48
2022-07-04,West,Furniture,918.04,143.84
2022-11-12,West,Furniture,1596.25,311.32
2023-03-06,West,Furniture,448.89,-22.84
2021-07-22,Central,Office Supplies,1810.53,5.31
2021-11-21,South,Technology,1586.85,-35.49
2023-04-05,East,Furniture,679.58,160.71
2021-09-01,Central,Office Supplies,377.59,64.95
2021-11-23,West,Technology,573.48,46.06
2023-09-14,West,Technology,678.62,156.37
2023-12-07,Central,Technology,1122.73,209.63
2023-01-31,East,Furniture,111.81,29.68
2023-11-03,South,Furniture,1830.43,-126.81
2023-06-26,South,Furniture,215.38,22.33
2021-12-31,East,Technology,572.96,104.68
2021-03-14,South,Technology,236.39,-4.02
2023-12-06,West,Furniture,528.21,16.3
2021-10-01,West,Furniture,1678.59,113.46
2021-07-27,West,Technology,1238.05,269.56
2021-05-04,West,Technology,470.1,45.8
2023-10-31,East,Office Supplies,1746.08,169.63
2022-06-27,South,Office Supplies,1605.41,116.16
2021-03-01,South,Furniture,1512.23,-12.95
2023-06-18,Central,Technology,1698.31,457.23
2023-06-05,East,Technology,1246.91,33.82
2023-02-21,South,Office Supplies,1012.85,128.62
2022-03-18,South,Technology,760.39,-30.79
2023-06-30,Central,Furniture,463.05,34.13
2023-10-23,West,Office Supplies,1123.68,293.87
2023-04-12,South,Technology,1781.19,531.13
2023-10-05,West,Technology,1196.08,53.47
2022-09-18,Central,Furniture,1840.82,-70.69
2023-09-25,South,Technology,726.7,18.73
2023-01-04,West,Office Supplies,1396.37,43.14
2021-04-01,East,Office Supplies,1304.36,205.83
2021-06-16,West,Technology,1347.46,132.67
2023-08-17,West,Technology,1297.18,269.01
2021-07-26,West,Technology,458.88,82.84
2023-12-25,West,Technology,304.31,0.16
2022-05-31,East,Office Supplies,1957.68,418.36
2023-01-17,Central,Furniture,109.68,26.21
2021-11-02,West,Office Supplies,946.12,131.85
2022-01-30,West,Technology,861.66,233.57
2021-07-06,South,Technology,732.84,156.23
2022-09-15,South,Office Supplies,1568.33,216.68
2022-12-31,East,Office Supplies,1495.79,392.59
2021-08-28,East,Technology,1812.35,253.99
2022-06-17,East,Office Supplies,803.07,87.11
2021-05-21,South,Technology,1137.08,48.33
2021-05-19,West,Office Supplies,1786.77,452.31
2022-04-04,South,Technology,1987.82,-101.2
2021-03-11,Central,Office Supplies,1939.2,173.37
2022-01-20,East,Technology,1441.33,165.7
2022-09-22,East,Furniture,303.59,37.01
2021-07-17,East,Furniture,65.91,10.6
2021-07-24,Central,Office Supplies,1653.93,169.23
2022-07-22,West,Furniture,1685.07,4.6
2023-09-09,West,Technology,1497.79,363.63
2023-03-16,West,Office Supplies,574.25,93.61
2023-05-09,East,Office Supplies,1286.84,313.06
2023-06-01,West,Technology,646.17,6.73
2023-09-01,South,Technology,912.28,141.24
2022-10-02,East,Technology,777.22,144.31
2021-11-21,Central,Office Supplies,1829.01,97.6
2022-03-18,Central,Technology,483.63,108.77
2023-03-15,West,Furniture,1163.67,-115.2
2021-10-15,East,Office Supplies,734.74,101.37
2021-08-14,South,Technology,1332.88,193.84
2023-12-24,South,Office Supplies,1137.84,129.19
2023-08-25,East,Furniture,1849.48,281.16
2023-07-27,West,Furniture,221.19,-7.32
2022-07-14,Central,Technology,456.87,79.46
2022-12-15,Central,Office Supplies,1537.37,52.76
2022-05-13,South,Technology,750.2,60.63
2023-04-29,South,Office Supplies,348.25,11.58
2023-07-15,South,Technology,1016.58,91.06
2021-03-01,Central,Technology,1311.24,194.89
2021-09-14,South,Office Supplies,108.76,25.6
2022-07-31,Central,Office Supplies,597.41,55.78
2021-08-27,Central,Furniture,1622.66,47.53
2021-02-07,West,Furniture,1050.08,99.94
2021-01-25,West,Office Supplies,90.05,15.81
2022-02-14,West,Furniture,578.26,22.37
2022-04-06,South,Furniture,1285.5,84.47
2023-09-15,Central,Office Supplies,414.73,51.9
2021-12-23,South,Office Supplies,1658.23,29.19
2022-01-18,Central,Office Supplies,1359.62,-22.25
2022-07-23,West,Technology,953.33,-41.8
2023-12-08,West,Office Supplies,1832.94,75.23
2022-03-09,South,Office Supplies,795.77,-64.19
2021-02-25,Central,Office Supplies,485.45,64.76
2022-07-31,South,Furniture,1329.58,-39.4
2021-09-25,East,Office Supplies,1155.12,58.86
2021-03-10,South,Furniture,683.79,5.26
2023-06-21,West,Technology,700.46,106.58
2023-03-04,Central,Office Supplies,808.46,194.14
2021-09-14,Central,Office Supplies,596.45,91.45
2022-11-03,South,Furniture,1426.28,166.88
2022-05-05,West,Technology,1309.69,219.55
2023-01-16,East,Office Supplies,892.74,-78.56
2021-02-18,South,Technology,807.75,-41.08
2021-11-12,Central,Technology,742.8,-46.08
2022-02-17,West,Office Supplies,581.27,-35.3
2022-03-10,Central,Technology,189.68,0.8
2023-10-23,Central,Technology,551.05,62.17
2022-02-24,Central,Office Supplies,655.98,-35.51
2023-04-24,Central,Furniture,1104.41,302.66
2023-07-05,East,Office Supplies,1552.1,375.15
2022-03-10,West,Technology,803.49,231.93
2022-10-05,South,Office Supplies,1890.62,-156.92
2021-02-26,West,Furniture,1658.15,398.89
2023-08-22,West,Technology,1969.91,436.32
2023-09-04,West,Technology,1754.88,457.75
2021-02-15,South,Furniture,1241.12,137.98
2022-02-21,West,Furniture,1204.99,259.26
2023-04-28,South,Technology,276.46,-21.97
2021-05-19,South,Furniture,1450.35,-101.02
2021-09-04,East,Office Supplies,1208.41,-63.55
2021-08-18,Central,Furniture,1023.73,272.23
2023-03-03,South,Office Supplies,1392.71,-105.19
2022-09-29,Central,Technology,899.21,-53.9
2022-01-09,West,Technology,1057.24,287.74
2023-01-08,Central,Technology,808.74,-46.13
2023-12-25,Central,Technology,1440.39,357.08
2021-03-29,Central,Technology,1755.69,378.72
2022-12-14,West,Furniture,1684.87,-141.34
2022-08-24,West,Furniture,1576.33,-143.86
2022-06-23,South,Technology,47.3,5.38
2021-08-02,South,Furniture,1825.52,545.59
2021-03-15,East,Furniture,564.25,141.93
2021-03-02,West,Technology,1778.19,42.69
2022-11-29,East,Furniture,410.0,22.35
2021-01-12,West,Technology,890.5,49.12
2023-03-25,Central,Technology,1503.81,291.25
2021-02-01,East,Technology,1287.75,46.94
2023-09-28,East,Technology,843.53,-34.48
2021-08-25,East,Furniture,1363.68,271.16
2022-07-12,West,Furniture,1106.92,92.1
2022-10-09,South,Office Supplies,565.96,-39.21
2023-09-14,East,Office Supplies,1299.73,280.77
2023-03-31,South,Technology,424.41,56.92
2022-04-18,West,Office Supplies,1394.1,133.48
2021-04-22,East,Furniture,26.16,4.43
2022-01-18,West,Furniture,1106.57,113.03
2021-01-17,South,Office Supplies,814.11,129.74
2022-05-08,South,Office Supplies,620.15,153.17
2023-07-15,East,Furniture,1041.1,151.38
2021-04-27,South,Office Supplies,1297.72,212.62
2023-05-30,Central,Furniture,1931.32,281.09
2021-04-25,Central,Furniture,1669.47,187.77
2023-03-25,East,Office Supplies,1439.96,-44.94
2022-10-06,West,Office Supplies,968.35,33.19
2021-12-02,West,Technology,796.45,141.17
2023-07-11,West,Technology,84.41,5.92
2021-05-27,Central,Technology,731.01,45.65
2021-05-02,South,Technology,1699.79,346.26
2021-03-22,Central,Technology,780.37,-76.3
2022-11-16,South,Furniture,933.94,160.26
2022-10-24,Central,Office Supplies,558.23,53.42
2022-01-10,West,Furniture,562.78,28.54
2021-03-04,West,Technology,142.51,5.16
2022-05-19,West,Technology,1235.33,-38.11
2022-10-30,East,Office Supplies,907.18,30.57
2022-03-25,East,Furniture,1219.8,69.0
2023-05-18,South,Technology,1102.84,82.69
2022-11-11,East,Technology,1601.71,270.56
2022-04-06,Central,Technology,1507.0,122.71
2022-04-04,Central,Technology,1547.48,338.15
2022-04-09,South,Furniture,1008.49,157.22
2023-07-01,South,Furniture,720.69,-17.41
2022-01-14,West,Technology,1868.2,20.31
2023-10-23,East,Furniture,127.45,-8.7
2021-12-30,West,Technology,322.19,89.66
2021-03-13,East,Office Supplies,850.81,216.63
2022-09-30,East,Office Supplies,1235.64,-81.65
2021-12-03,South,Office Supplies,36.24,4.7
2021-07-14,West,Furniture,1444.26,410.4
2023-10-09,West,Technology,1126.28,223.97
2022-10-15,East,Office Supplies,979.71,94.76
2021-01-07,East,Office Supplies,858.52,-3.06
2023-06-24,South,Furniture,1048.58,12.18
2023-09-06,Central,Furniture,340.34,66.19
2022-07-20,West,Office Supplies,235.25,49.93
2022-09-08,West,Technology,593.48,66.16
2022-07-27,South,Technology,1424.82,-73.55
2022-08-22,South,Technology,1184.81,324.1
2023-02-09,West,Office Supplies,970.64,230.92
2021-08-30,West,Furniture,1151.61,-50.42
2023-02-05,East,Technology,1127.33,-87.15
2022-01-19,Central,Office Supplies,627.94,71.8
2022-01-26,West,Office Supplies,212.96,2.91
2023-06-15,South,Furniture,1795.63,23.88
2022-11-19,East,Technology,1207.82,-78.64
2021-02-16,East,Office Supplies,1401.54,394.33
2022-09-11,South,Technology,938.71,217.84
2022-04-09,South,Technology,1517.83,-82.67
2021-05-03,East,Technology,1177.3,295.08
2021-05-14,South,Office Supplies,126.53,21.91
2023-04-21,East,Technology,1782.39,53.79
2023-04-29,South,Furniture,624.96,155.3
2022-08-30,East,Office Supplies,293.02,40.79
2021-01-23,West,Office Supplies,194.32,46.53
2022-07-20,West,Technology,1446.47,126.87
2023-02-05,South,Technology,1413.86,141.75
2023-08-23,Central,Technology,1406.32,23.07
2021-08-23,West,Office Supplies,1833.19,100.97
2023-09-23,East,Furniture,710.91,90.36
2023-12-19,Central,Furniture,1131.04,315.36
2023-04-06,East,Office Supplies,1246.6,174.58
2021-08-04,East,Furniture,1959.37,-80.43
2022-10-19,West,Technology,638.45,-62.06
2023-07-24,South,Office Supplies,1913.54,460.01
2021-11-07,South,Furniture,314.49,14.38
2022-07-11,East,Office Supplies,1532.72,39.83
2023-08-30,West,Furniture,1273.11,280.46
2021-09-14,East,Office Supplies,1637.45,455.45
2022-06-17,Central,Furniture,76.8,15.3
2021-02-21,East,Office Supplies,174.7,-5.32
2023-12-27,West,Office Supplies,158.0,8.94
2021-10-27,East,Office Supplies,1194.06,243.3
2022-11-03,West,Office Supplies,1213.81,318.95
2023-02-17,South,Office Supplies,1814.09,543.21
2023-04-12,West,Technology,945.85,98.96
2021-08-20,Central,Office Supplies,154.74,35.44
2023-09-02,West,Office Supplies,434.87,-35.38
2023-12-28,Central,Office Supplies,35.98,0.52
2021-01-28,Central,Furniture,1557.89,75.72
2023-12-11,East,Office Supplies,1634.89,474.46
2022-08-14,Central,Technology,1995.92,-196.88
2023-02-24,West,Office Supplies,836.15,19.41
2022-09-12,South,Furniture,58.21,15.84
2022-08-09,West,Furniture,484.77,10.99
2023-09-29,South,Office Supplies,1183.78,-11.81
2021-07-03,Central,Office Supplies,1924.65,369.6
2023-11-13,East,Office Supplies,225.09,44.6
2021-05-09,Central,Office Supplies,260.71,23.17
2021-10-18,Central,Furniture,1409.48,392.92
2022-05-16,South,Office Supplies,1341.07,-25.37
2021-07-05,West,Furniture,516.0,136.93
2022-04-24,East,Furniture,1630.03,329.6
2022-05-07,East,Technology,274.98,13.0
2022-05-28,East,Furniture,1852.97,412.77
2023-12-27,East,Office Supplies,418.04,-19.53
2022-04-12,West,Office Supplies,181.08,-8.62
2021-10-12,East,Office Supplies,692.25,188.27
2022-08-24,South,Office Supplies,391.93,-24.33
2021-07-08,South,Technology,1063.34,-104.6
2023-09-16,East,Technology,1379.96,76.74
2023-06-09,East,Technology,992.02,-57.99
2022-01-23,West,Technology,1328.0,325.64
2021-08-29,West,Furniture,742.54,199.8
2022-02-21,East,Technology,75.29,7.0
2021-06-25,West,Furniture,1948.65,136.77
2022-01-22,Central,Office Supplies,1642.44,189.89
2023-05-03,East,Furniture,165.37,-1.57
2022-10-25,West,Furniture,909.37,17.45
2022-03-28,South,Technology,1277.34,-76.14
2021-10-04,East,Office Supplies,397.38,31.23
2021-08-01,East,Office Supplies,1164.42,168.46
2021-02-10,South,Technology,1076.62,292.94
2021-10-21,South,Furniture,432.37,84.58
2022-08-23,West,Technology,299.6,56.69
2022-06-25,South,Furniture,1522.75,35.33
2022-03-27,Central,Technology,658.72,168.18
2023-12-21,East,Technology,503.2,140.28
2023-03-01,Central,Office Supplies,1481.0,404.17
2021-11-30,West,Office Supplies,1477.42,-124.81
2023-06-10,South,Office Supplies,567.28,80.41
2021-02-13,East,Technology,1747.69,274.89
2021-05-24,South,Office Supplies,1382.74,24.93
2021-11-29,South,Office Supplies,704.61,209.24
2023-09-25,West,Technology,866.43,14.27
2021-02-24,West,Office Supplies,1458.89,-19.48
2023-05-20,West,Furniture,438.94,41.11
2023-03-08,West,Office Supplies,948.15,27.74
2021-11-21,East,Furniture,1314.05,354.28
2021-03-21,Central,Office Supplies,1088.21,82.74
2023-11-21,Central,Technology,1224.49,78.44
2023-09-12,East,Technology,1101.5,165.6
2022-07-12,South,Office Supplies,414.47,-28.0
2023-05-15,East,Furniture,832.21,168.68
2022-12-18,Central,Office Supplies,1073.33,222.57
2022-04-17,Central,Technology,1564.52,140.2
2021-03-15,East,Office Supplies,1314.73,371.12
2022-08-12,West,Technology,864.65,113.91
2022-07-18,South,Furniture,1949.31,347.16
2022-04-12,East,Furniture,233.44,62.97
2022-08-22,Central,Technology,429.47,71.52
2023-09-19,West,Furniture,695.8,50.61
2023-01-07,South,Technology,472.57,-42.57
2023-09-21,Central,Technology,1258.38,240.75
2021-09-05,South,Technology,98.31,28.11
2021-03-08,West,Office Supplies,371.32,32.71
2022-07-27,Central,Furniture,600.83,21.57
2022-12-04,West,Office Supplies,1373.02,147.88
2022-04-15,East,Office Supplies,1754.21,335.71
2022-05-08,East,Furniture,1601.01,-159.66
2022-10-25,South,Office Supplies,380.52,96.99
2021-10-13,West,Technology,1139.5,290.05
2021-11-08,West,Office Supplies,79.44,9.26
2021-11-05,South,Technology,634.86,-32.41
2023-02-14,South,Furniture,1615.85,272.63
2023-08-23,South,Office Supplies,924.2,-41.46
2022-04-01,East,Furniture,316.88,32.64
2021-05-12,South,Technology,888.34,-55.56
2023-07-19,East,Office Supplies,412.11,55.89
2023-08-23,South,Technology,798.52,21.74
2023-07-18,West,Technology,985.91,229.12
2021-05-01,West,Technology,712.13,156.65
2022-09-26,South,Furniture,1875.2,561.42
2023-06-16,South,Furniture,1133.81,3.4
2023-02-11,East,Furniture,1688.93,-127.14
2023-11-29,Central,Office Supplies,1526.24,117.83
2022-07-20,East,Technology,1329.11,-88.57
2022-05-27,West,Furniture,1003.84,-28.71
2021-10-16,South,Technology,24.3,3.38
2021-07-19,West,Furniture,1234.67,168.97
2022-06-12,Central,Technology,724.8,-59.92
2023-07-06,East,Furniture,253.17,19.54
2023-12-22,West,Furniture,900.36,100.92
2023-03-10,East,Furniture,1476.4,10.64
2023-12-02,South,Furniture,1924.12,478.75
2021-01-12,West,Technology,760.73,-27.05
2023-04-13,Central,Furniture,1094.59,1.71
2023-04-21,East,Furniture,1705.46,-63.45
2022-10-05,East,Furniture,681.32,-36.37
2021-04-16,Central,Technology,301.67,75.9
2022-11-22,West,Furniture,578.13,6.44
2022-06-12,West,Technology,1800.26,340.27
2023-04-26,East,Office Supplies,335.6,23.89
2023-06-12,Central,Technology,671.86,103.7
2022-01-22,East,Office Supplies,939.99,254.99
2022-04-26,East,Furniture,1697.28,403.69
2022-02-12,South,Furniture,1876.67,-135.88
2023-06-17,West,Technology,863.1,205.49
2022-12-12,West,Furniture,1865.27,150.58
2022-10-01,South,Furniture,339.69,13.61
2023-11-11,West,Technology,330.57,55.85
2023-03-26,West,Furniture,1899.52,532.02
2023-07-07,West,Office Supplies,1029.17,-64.16
2021-07-22,Central,Office Supplies,388.1,80.43
2022-02-21,South,Furniture,986.22,-18.34
2022-02-20,East,Furniture,1570.76,81.77
2021-03-26,Central,Office Supplies,1657.3,413.54
2021-06-16,East,Furniture,1730.66,204.77
2022-01-19,South,Office Supplies,1147.75,-83.81
2022-04-13,South,Technology,1736.55,179.25
2023-03-21,South,Office Supplies,1029.86,222.3
2023-09-24,West,Furniture,1221.98,136.31
2022-04-18,Central,Furniture,1522.27,-50.61
2023-09-20,South,Office Supplies,862.36,67.28
2021-10-02,East,Office Supplies,165.69,44.69
2023-11-10,West,Furniture,713.33,116.47
2022-05-05,West,Furniture,1255.41,240.98
2021-11-22,Central,Furniture,400.82,85.93
2022-06-13,Central,Technology,313.8,-20.0
2023-06-11,Central,Technology,600.3,79.61
2021-03-30,West,Office Supplies,83.58,4.21
2022-05-01,South,Office Supplies,1491.98,-66.15
2022-12-09,East,Technology,532.26,-10.07
2021-12-16,South,Technology,265.99,56.51
2022-01-22,East,Office Supplies,1404.28,-49.72
2021-03-28,South,Technology,1689.0,42.17
2021-11-03,Central,Office Supplies,59.35,0.83
2022-03-16,East,Furniture,482.53,-38.87
2023-01-10,West,Office Supplies,1891.56,160.52
2021-09-21,East,Technology,782.8,161.55
2023-09-04,West,Technology,1878.41,-171.2
2023-01-05,South,Technology,562.94,-30.95
2022-02-25,Central,Office Supplies,451.77,84.97
2022-05-08,East,Technology,443.93,61.01
2022-09-25,West,Office Supplies,188.75,35.13
2023-09-20,South,Furniture,1794.94,-14.28
2022-02-15,Central,Furniture,1960.07,434.17
2021-06-22,Central,Technology,1909.93,175.62
2021-01-04,Central,Office Supplies,1707.02,246.02
2023-05-04,South,Office Supplies,1696.84,-107.14
2023-09-13,South,Technology,1328.95,-23.9
2023-11-27,South,Office Supplies,1655.9,346.65
2022-08-06,Central,Technology,432.52,-4.51
2023-11-21,East,Technology,788.07,-49.64
2022-01-16,West,Furniture,1288.86,179.0
2023-11-01,South,Technology,1752.05,208.8
2021-12-10,East,Office Supplies,1327.73,190.07
2021-06-15,West,Technology,1681.26,247.69
2022-12-01,Central,Furniture,958.42,95.92
2021-12-08,East,Furniture,1440.26,140.44
2023-11-09,Central,Office Supplies,1960.36,528.64
2023-09-07,West,Technology,323.91,36.78
2022-06-29,South,Office Supplies,1855.3,272.58
2023-10-31,Central,Office Supplies,1054.28,7.16
2021-07-11,East,Technology,1293.57,321.37
2021-11-16,South,Furniture,1758.18,-158.68
2022-08-03,East,Office Supplies,831.12,102.14
2022-04-20,West,Office Supplies,849.01,45.46
2022-09-29,West,Furniture,1063.82,150.6
2022-03-03,South,Technology,57.82,2.55
2023-12-19,East,Technology,1003.4,187.71
2021-04-07,East,Technology,596.35,-54.79
2022-05-11,East,Furniture,1857.35,115.82
2022-10-23,East,Office Supplies,193.72,45.04
2021-01-09,West,Furniture,929.45,0.07
2022-04-02,East,Office Supplies,1895.99,-149.59
2021-09-30,West,Office Supplies,1804.05,177.9
2023-07-29,East,Technology,1408.67,409.38
2023-10-29,East,Technology,1186.93,-88.23
2021-07-27,Central,Technology,575.85,-41.45
2023-11-23,Central,Furniture,746.58,103.06
2021-07-23,East,Technology,198.47,0.01
2022-06-02,West,Furniture,1576.49,101.04
2022-06-01,East,Technology,661.26,153.55
2022-03-19,Central,Technology,1342.21,-27.46
2022-11-20,East,Technology,728.04,136.67
2023-04-30,Central,Furniture,939.37,95.62
2023-04-13,East,Office Supplies,1118.9,293.13
2021-12-05,South,Furniture,1607.67,464.91
2022-01-22,East,Furniture,438.09,41.17
2023-11-15,West,Furniture,809.56,108.37
2022-05-21,Central,Office Supplies,277.56,55.05
2022-11-11,South,Furniture,170.01,4.67
2022-11-21,Central,Technology,1217.26,-11.33
2023-06-04,Central,Office Supplies,394.4,112.75
2022-09-15,West,Furniture,138.4,10.11
2023-06-12,East,Furniture,1796.25,-178.48
2023-08-11,West,Office Supplies,1077.94,253.41
2023-02-23,East,Furniture,286.56,40.08
2022-05-10,South,Office Supplies,125.78,-4.1
2023-11-28,West,Technology,257.32,-22.63
2023-01-17,West,Furniture,953.25,15.82
2022-03-13,Central,Furniture,1343.56,364.31
2021-12-11,West,Technology,1289.73,352.61
2022-07-04,East,Furniture,305.96,7.47
2023-03-31,West,Furniture,1274.31,298.66
2022-06-25,West,Office Supplies,821.63,63.05
2021-05-24,South,Furniture,940.19,152.06
2022-08-11,East,Technology,1606.83,54.27
2022-10-19,Central,Furniture,678.35,72.17
2021-12-11,East,Office Supplies,311.06,5.45
2022-11-27,South,Technology,1749.44,-132.18
2021-09-25,East,Technology,440.02,-19.47
2021-06-18,East,Technology,602.18,9.8
2021-02-02,West,Technology,1419.05,412.24
2022-01-12,West,Office Supplies,1373.43,393.17
2022-01-28,East,Office Supplies,1604.79,370.81
2022-05-04,East,Office Supplies,384.06,-2.69
2022-12-23,Central,Office Supplies,717.51,54.99
2023-08-04,South,Furniture,269.25,20.44
2023-11-19,West,Office Supplies,1091.26,59.79
2021-02-08,West,Furniture,599.29,-49.17
2023-11-07,West,Technology,1384.09,157.52
2023-12-16,West,Furniture,20.68,-1.47
2021-08-14,East,Furniture,138.17,30.5
2021-03-08,East,Furniture,876.47,154.72
2023-04-15,Central,Office Supplies,1917.2,78.79
2023-11-13,West,Office Supplies,1783.89,283.38
2023-09-26,West,Technology,1988.14,-13.49
2021-08-25,East,Office Supplies,845.32,5.16
2023-08-15,Central,Furniture,112.21,2.88
2023-07-08,East,Office Supplies,625.79,136.93
2022-04-18,West,Office Supplies,1358.03,-21.35
2022-07-07,West,Furniture,287.62,35.98
2022-11-26,South,Technology,613.94,-12.16
2021-11-13,South,Office Supplies,131.21,1.84
2022-08-21,South,Technology,960.43,-5.58
2023-02-07,Central,Furniture,433.66,68.52
2023-06-05,East,Office Supplies,200.67,22.21
2022-07-15,West,Technology,834.21,157.26
2021-09-15,West,Technology,715.43,-8.6
2023-01-27,Central,Furniture,1084.29,-104.46
2021-05-03,West,Office Supplies,1503.1,258.84
2021-12-08,West,Technology,242.89,-13.13
2023-12-19,East,Technology,1586.43,-2.34
2021-09-17,South,Technology,72.05,1.6
2021-04-05,South,Technology,897.34,178.32
2021-02-10,Central,Technology,1183.11,177.89
2021-09-11,South,Technology,1914.86,-50.35
2021-01-07,South,Technology,1156.37,160.91
2022-12-29,Central,Technology,334.32,61.27
2021-03-10,Central,Technology,1044.73,58.04
2022-06-26,South,Technology,803.65,-1.3
2021-03-30,East,Office Supplies,969.12,166.29
2021-08-01,Central,Furniture,410.25,59.22
2023-04-14,West,Furniture,1011.64,-69.64
2021-09-23,Central,Furniture,317.08,52.85
2023-07-01,West,Technology,1493.21,142.46
2021-10-20,Central,Furniture,1195.93,240.8
2021-11-29,Central,Technology,175.48,-4.16
2023-10-02,South,Office Supplies,1781.44,5.85
2021-02-16,South,Furniture,1240.43,145.53
2022-09-14,South,Office Supplies,645.89,59.87
2022-03-03,East,Office Supplies,110.37,6.02
2021-07-29,South,Technology,1271.81,252.34
2023-06-07,South,Furniture,759.41,95.61
2021-06-03,Central,Office Supplies,1817.08,334.54
2022-02-19,Central,Furniture,89.06,-3.45
2023-02-08,East,Office Supplies,97.42,18.67
2023-09-10,West,Office Supplies,1899.61,160.73
2022-08-02,Central,Technology,1930.45,-166.97
2023-01-10,Central,Furniture,74.93,-0.46
2021-06-12,West,Technology,1437.75,-128.96
2023-11-05,East,Technology,458.56,37.95
2021-07-14,Central,Technology,1408.76,42.76
2022-06-26,South,Technology,1740.09,513.29
2021-12-25,East,Technology,219.65,54.34
2023-04-30,West,Office Supplies,492.76,113.47
2022-03-03,West,Furniture,67.67,6.8
2022-05-12,South,Furniture,106.78,23.79
2023-04-08,South,Technology,78.64,0.53
2022-05-01,South,Furniture,1605.35,199.48
2021-11-26,East,Office Supplies,610.62,34.91
2023-06-08,West,Technology,996.56,-31.36
2023-09-18,South,Office Supplies,1579.93,-112.1
2021-09-16,South,Office Supplies,999.99,123.29
2021-10-19,West,Technology,869.81,-53.01
2021-05-23,Central,Office Supplies,42.91,8.03
2023-01-17,East,Technology,1144.72,307.46
2022-09-19,Central,Office Supplies,266.99,-9.39
2021-03-31,South,Furniture,1534.0,135.57
2022-12-21,East,Furniture,530.32,103.68
2022-04-26,Central,Furniture,1354.89,19.97
2021-03-25,West,Technology,1299.52,348.67
2022-11-04,South,Office Supplies,1241.02,316.94
2022-06-01,East,Office Supplies,548.56,-32.09
2022-04-30,East,Furniture,548.84,-48.87
2023-02-21,East,Furniture,1728.84,502.37
2021-04-14,East,Technology,45.36,12.82
2021-12-05,South,Technology,379.41,26.15
2022-11-18,South,Office Supplies,1228.14,-97.97
2023-06-19,West,Technology,1637.75,241.65
2022-08-30,West,Technology,729.52,12.67
2021-08-11,West,Technology,1313.82,360.89
2023-10-30,Central,Furniture,1123.17,244.7
2023-12-13,West,Furniture,147.79,23.62
2022-05-18,South,Office Supplies,1251.07,17.27
2023-04-02,Central,Technology,1631.53,294.5
2022-09-16,South,Furniture,1985.05,31.1
2021-06-14,Central,Technology,78.69,-6.68
2023-11-17,West,Office Supplies,1326.92,137.17
2023-12-30,West,Technology,840.81,80.28
2021-01-19,West,Office Supplies,39.38,8.08
2023-11-12,Central,Office Supplies,1236.43,304.5
2023-09-16,South,Furniture,262.41,10.97
2022-03-26,East,Technology,769.56,61.4
2022-07-06,South,Furniture,537.51,47.39
2023-12-08,West,Technology,735.1,21.82
2022-11-26,Central,Technology,995.54,196.47
2022-08-10,Central,Office Supplies,731.23,79.59
2022-12-22,West,Office Supplies,1114.41,295.97
2021-04-17,Central,Technology,492.53,78.87
2023-02-15,West,Furniture,1278.02,-19.48
2023-06-17,South,Office Supplies,1710.45,-58.29
2021-12-02,Central,Office Supplies,463.65,22.7
2022-08-30,East,Technology,1025.6,39.76
2023-04-18,Central,Technology,1304.41,81.99
2022-08-25,West,Office Supplies,1137.96,-30.23
2022-02-07,East,Furniture,743.99,216.72
2022-06-24,West,Office Supplies,1291.56,-53.88
2021-01-24,Central,Technology,75.93,12.23
2022-09-16,East,Office Supplies,752.41,-71.31
2023-12-16,East,Technology,1074.57,67.47
2023-09-13,Central,Office Supplies,60.81,1.44
2021-08-11,East,Technology,1025.14,54.14
2021-06-28,South,Technology,1315.42,130.53
2023-03-11,East,Furniture,1523.23,213.48
2022-03-10,East,Technology,244.48,32.61
2023-03-04,South,Office Supplies,1981.32,301.73
2023-06-03,West,Technology,1220.21,290.19
2022-05-07,West,Office Supplies,739.12,188.24
2023-03-21,South,Furniture,513.2,100.02
2023-08-19,East,Office Supplies,1154.34,-78.98
2022-02-24,Central,Furniture,1765.79,502.4
2022-10-11,South,Furniture,1050.72,293.11
2022-04-21,Central,Technology,1329.71,245.57
2021-06-19,West,Furniture,728.24,77.9
2021-06-23,South,Office Supplies,788.54,0.2
2022-04-15,Central,Furniture,586.63,118.82
2021-12-11,East,Furniture,1417.16,355.91
2022-03-21,South,Technology,731.19,121.43
2023-11-08,Central,Office Supplies,397.62,60.29
2023-12-30,South,Furniture,751.41,-17.13
2022-09-20,South,Technology,1710.58,73.76
2022-08-15,West,Technology,1481.74,280.43
2022-06-11,West,Office Supplies,682.59,-63.65
2022-04-01,East,Technology,1815.48,284.13
2023-03-22,West,Furniture,168.17,34.76
2021-07-07,West,Technology,118.51,4.02
2023-10-18,West,Office Supplies,272.39,-18.94
2022-12-12,Central,Office Supplies,250.58,57.04
2022-06-13,South,Technology,193.91,-8.39
2022-03-10,West,Furniture,1329.46,64.24
2021-10-15,Central,Technology,1209.67,221.25
2022-05-14,South,Office Supplies,1302.26,295.35
2021-10-30,West,Technology,1382.96,338.76
2021-03-28,West,Technology,1518.62,170.34
2023-04-10,South,Furniture,430.21,38.87
2022-03-14,Central,Technology,1252.16,299.68
2022-06-25,Central,Furniture,1168.5,146.33
2023-11-12,East,Technology,1888.45,248.26
2023-04-13,South,Technology,480.09,35.33
2023-03-08,East,Furniture,136.27,6.69
2022-07-14,Central,Furniture,1313.92,121.16
2023-02-01,West,Office Supplies,1485.54,68.24
2022-04-12,East,Furniture,580.73,21.73
2022-11-06,Central,Technology,1150.28,342.17
2022-11-16,Central,Office Supplies,137.88,4.75
2021-05-18,West,Furniture,1920.89,4.9
2022-08-01,South,Furniture,237.65,9.88
2022-12-11,Central,Office Supplies,153.79,20.96
2021-08-16,East,Technology,107.34,28.38
2021-10-08,West,Technology,866.0,186.32
2022-11-15,South,Office Supplies,212.38,50.31
2023-04-08,South,Technology,1494.4,364.04
2022-03-07,South,Furniture,1799.77,482.72
2023-11-30,Central,Technology,535.23,-3.2
2021-10-29,South,Furniture,1264.97,105.43
2022-06-17,Central,Technology,103.83,5.62
2023-02-08,West,Furniture,785.4,41.43
2022-03-20,West,Office Supplies,600.03,96.55
2023-11-23,South,Furniture,472.67,28.7
2021-09-17,West,Technology,1296.55,189.99
2023-01-09,East,Furniture,277.85,14.7
2023-03-07,East,Technology,1724.21,42.16
2021-03-11,Central,Technology,1336.38,55.1
2023-09-10,South,Furniture,1427.26,316.14
2022-04-26,Central,Technology,1871.98,262.86
2021-01-24,West,Office Supplies,1885.9,546.15
2023-08-23,South,Technology,1112.27,259.23
2023-01-16,Central,Office Supplies,1000.85,94.39
2023-04-25,South,Office Supplies,684.06,-2.09
2021-11-21,South,Technology,1436.83,243.63
2023-03-09,Central,Office Supplies,1085.65,206.99
2021-01-18,South,Office Supplies,1867.09,159.95
2021-02-13,West,Furniture,492.48,-3.96
2021-06-04,East,Office Supplies,634.3,77.95
2023-05-17,East,Office Supplies,645.86,0.99
2023-07-11,South,Office Supplies,1615.88,445.98
2023-01-13,East,Office Supplies,216.1,32.75
2021-08-13,South,Office Supplies,922.19,15.47
2021-08-05,Central,Technology,866.61,-11.88
2021-01-31,West,Office Supplies,164.82,30.77
2023-12-19,East,Technology,833.38,152.61
2023-06-17,Central,Technology,1036.49,143.92
2023-07-24,West,Technology,148.91,21.7
2022-03-21,East,Furniture,1029.53,145.73
2022-06-14,East,Furniture,1919.29,84.53
2023-01-08,West,Technology,1958.25,538.45
2023-05-24,Central,Furniture,1072.73,98.38
2022-07-20,Central,Office Supplies,1039.89,-95.53
2021-03-17,East,Technology,585.31,23.03
2022-07-01,West,Technology,1994.29,-95.5
2021-09-24,Central,Technology,562.97,25.53
2021-11-13,West,Furniture,916.74,131.37
2021-01-25,West,Furniture,25.81,-2.35
2021-06-09,East,Furniture,711.48,176.5
2022-08-19,West,Office Supplies,161.45,23.27
2023-06-19,West,Furniture,1492.77,27.09
2022-05-17,South,Technology,1130.81,27.68
2023-10-10,West,Furniture,1152.9,99.46
2022-12-04,Central,Furniture,587.29,-0.45
2021-01-01,East,Furniture,1633.49,-160.51
2023-01-11,East,Furniture,26.48,-2.37
2021-11-16,West,Technology,680.53,29.33
2022-01-17,West,Furniture,1325.81,-66.7
2023-06-17,Central,Technology,1817.69,-165.51
2022-12-18,South,Furniture,484.54,118.09
2021-11-03,East,Office Supplies,1091.38,10.54
2022-01-26,South,Office Supplies,1085.22,109.88
2023-09-17,Central,Technology,1750.87,-49.44
2021-10-25,East,Technology,120.02,-9.76
2021-08-21,Central,Office Supplies,860.46,170.33
2021-09-28,West,Office Supplies,381.28,-19.07
2023-12-20,Central,Furniture,62.63,-5.62
2022-11-08,West,Office Supplies,311.12,41.97
2022-12-07,South,Technology,1953.41,-184.82
2021-08-22,East,Technology,445.4,33.19
2023-04-25,East,Office Supplies,1871.36,29.07
2022-05-06,South,Technology,426.4,11.84
2022-05-18,West,Furniture,1863.96,-183.49
2023-06-09,East,Furniture,1316.15,376.07
2022-08-15,Central,Office Supplies,244.17,26.07
2023-01-16,West,Technology,1172.19,151.22
2022-03-04,East,Office Supplies,650.66,108.3
2022-11-28,Central,Technology,778.64,170.53
2022-10-08,Central,Technology,891.54,127.64
2023-01-02,East,Technology,856.96,175.57
2023-03-11,South,Furniture,1334.94,106.12
2021-12-30,South,Technology,1541.37,74.77
2021-07-21,East,Furniture,671.77,154.01
2023-06-01,Central,Technology,1850.24,455.39
2021-05-26,South,Office Supplies,1878.16,-84.29
2023-04-16,South,Furniture,100.57,11.77
2022-10-01,South,Furniture,49.52,8.59
2021-05-15,West,Furniture,861.63,-57.35
2022-09-18,South,Office Supplies,1189.48,323.35
2021-03-05,East,Furniture,570.25,61.61
2022-05-06,East,Office Supplies,533.64,84.41
2021-02-10,West,Technology,1363.1,-39.12
2023-10-24,West,Technology,1211.37,6.99
2023-07-02,East,Office Supplies,350.95,-18.11
2023-09-02,West,Furniture,1771.31,9.92
2022-01-03,South,Furniture,1366.35,132.48
2023-07-07,Central,Office Supplies,737.9,172.26
2023-10-25,Central,Technology,1373.58,155.89
2021-09-01,Central,Office Supplies,243.05,-0.54
2023-06-21,East,Furniture,947.15,-77.81
2021-06-15,West,Furniture,354.59,52.76
2023-11-16,Central,Furniture,102.03,6.94
2023-11-07,South,Furniture,689.89,202.65
2022-12-29,South,Technology,318.46,67.48
2022-04-28,South,Technology,1274.37,284.62
2022-06-27,West,Technology,1354.65,-128.84
2023-07-20,Central,Furniture,314.41,66.38
2022-02-04,South,Furniture,68.73,-1.52
2022-09-11,West,Furniture,1589.76,213.53
2023-05-29,South,Office Supplies,24.07,1.9
2021-04-11,Central,Furniture,700.95,90.17
2023-05-30,Central,Technology,999.27,-46.59
2023-04-10,Central,Technology,1640.91,135.8
2023-01-29,Central,Technology,1680.35,-143.2
2021-06-12,Central,Office Supplies,1455.38,-121.67
2022-05-17,South,Technology,509.45,83.09
2022-07-01,Central,Office Supplies,1445.97,405.85
2022-01-16,South,Office Supplies,508.15,107.2
2023-05-20,Central,Office Supplies,444.92,39.0
2023-06-24,South,Furniture,1103.31,-85.67
2023-09-29,Central,Furniture,1364.13,-111.85
2022-09-01,South,Technology,125.04,-4.61
2021-11-03,Central,Technology,138.84,40.31
2021-02-24,West,Office Supplies,1572.66,93.52
2023-09-10,South,Furniture,1721.8,408.69
2021-11-29,West,Technology,1216.79,221.53
2021-05-07,South,Technology,869.08,123.56
2022-12-06,South,Furniture,1693.73,472.77
2021-08-31,South,Office Supplies,1463.06,-11.46
2022-08-23,East,Technology,1167.6,95.69
2022-05-18,Central,Technology,653.12,160.6
2022-08-27,West,Furniture,412.03,49.73
2021-10-30,West,Furniture,848.97,-1.21
2021-08-23,South,Office Supplies,587.91,-9.66
2023-11-28,West,Office Supplies,691.73,139.14
2021-05-19,West,Technology,1040.95,-98.77
2021-07-14,West,Office Supplies,354.81,94.26
2022-10-09,West,Technology,1616.23,-149.72
2021-01-01,East,Technology,308.15,46.96
2022-07-15,South,Furniture,972.37,137.98
2022-12-14,West,Technology,1497.02,196.66
2022-02-17,East,Furniture,980.34,87.97
2022-06-22,East,Technology,734.82,177.07
2022-03-05,South,Technology,960.28,157.23
2021-08-23,Central,Technology,1700.37,361.75
2021-12-15,Central,Office Supplies,1981.05,-106.56
2022-01-31,Central,Office Supplies,1269.66,-101.62
2022-02-20,West,Furniture,1591.02,-140.95
2023-07-05,South,Technology,48.69,-2.0
2023-12-11,Central,Furniture,1763.12,294.09
2021-03-22,West,Furniture,1909.02,186.34
2021-02-05,South,Technology,1158.84,232.81
2023-12-27,West,Office Supplies,1512.53,-35.25
2022-10-03,Central,Office Supplies,1035.23,48.43
2023-06-01,Central,Furniture,586.68,149.84
2023-01-27,East,Office Supplies,1707.45,468.33
2022-09-15,East,Technology,1201.74,322.9
2022-04-13,South,Technology,1167.18,265.33
2021-12-22,West,Office Supplies,1325.08,232.28
2022-12-10,West,Office Supplies,1714.89,455.25
2023-10-17,Central,Furniture,1469.17,272.78
2023-06-21,Central,Office Supplies,438.03,123.34
2022-11-04,South,Furniture,944.31,-85.07
2022-03-15,East,Technology,1960.99,526.83
2022-06-15,Central,Technology,1118.03,136.73
2021-05-07,West,Technology,1877.73,-103.8
2021-07-24,Central,Office Supplies,1630.47,-22.88
2021-01-29,East,Office Supplies,1338.73,322.45
2022-03-21,West,Office Supplies,711.74,72.92
2023-08-24,East,Furniture,622.55,182.49
2022-04-09,South,Furniture,1293.97,-68.56
2021-05-31,South,Furniture,876.47,56.97
2021-08-28,East,Technology,1601.53,52.45
2021-09-23,West,Furniture,1525.7,162.42
2023-07-02,East,Office Supplies,638.02,97.86
2022-05-12,Central,Office Supplies,1411.4,232.39
2022-11-16,Central,Technology,999.21,-99.4
2021-06-07,East,Office Supplies,660.12,-42.52
2021-06-21,Central,Office Supplies,837.67,-72.02
2022-05-09,East,Office Supplies,1792.8,440.74
2023-08-28,Central,Furniture,731.85,18.53
2022-11-07,East,Furniture,589.05,27.58
2022-10-21,Central,Office Supplies,716.58,57.43
2023-06-22,West,Office Supplies,444.94,106.66
2022-10-28,West,Office Supplies,1098.38,-103.61
2022-01-02,Central,Office Supplies,311.92,-16.39
2022-07-04,East,Furniture,1638.54,285.21
2022-10-05,Central,Technology,466.65,133.26
2021-09-12,South,Office Supplies,1204.15,189.19
2021-07-27,South,Furniture,267.55,1.19
2022-03-26,East,Office Supplies,1957.34,211.29
2021-04-05,Central,Technology,920.06,266.81
2023-04-19,Central,Furniture,1647.9,183.3
2022-04-23,West,Furniture,1541.92,76.18
2022-11-14,East,Technology,1433.11,76.49
2023-02-01,South,Technology,1658.18,475.59
2021-07-09,South,Furniture,218.92,41.06
2022-12-12,East,Technology,1363.42,238.42
2023-01-26,South,Office Supplies,546.34,-3.92
2023-04-16,East,Technology,1576.03,195.1
2021-05-13,South,Technology,1914.6,81.75
2021-02-24,South,Furniture,1804.95,-7.07
2022-05-25,East,Technology,247.61,63.94
2022-11-01,East,Furniture,751.71,40.04
2022-02-14,South,Office Supplies,741.36,9.72
2023-09-14,South,Technology,262.15,71.49
2023-01-04,West,Technology,214.29,-4.51
2021-09-16,Central,Furniture,782.08,155.01
2021-10-26,East,Furniture,1984.3,319.67
2022-07-15,East,Technology,1146.51,307.49
2021-10-24,Central,Furniture,1251.13,291.29
2021-12-28,West,Technology,952.62,173.49
2022-08-12,South,Office Supplies,1331.41,34.39
2021-05-07,South,Technology,1914.19,188.03
2021-07-16,West,Office Supplies,1185.62,329.36
2021-08-09,West,Office Supplies,148.78,-13.5
2023-09-22,Central,Furniture,995.92,216.84
2021-04-01,Central,Furniture,1985.65,1.44
2022-02-15,South,Furniture,787.06,-20.46
2021-01-08,West,Furniture,1195.88,-8.5
2022-06-28,West,Technology,231.14,-17.59
2022-04-13,South,Office Supplies,299.54,88.9
2021-11-16,South,Technology,1751.87,434.37
2021-09-26,South,Office Supplies,614.68,66.65
2021-03-02,South,Office Supplies,624.79,116.24
2023-03-08,South,Office Supplies,786.68,96.48
2022-07-07,Central,Technology,1933.63,434.35
2023-07-15,South,Furniture,187.09,44.51
2022-10-23,West,Technology,1641.15,-11.3
2022-12-17,East,Office Supplies,696.28,58.42
2023-02-18,Central,Technology,1701.95,262.0
2021-07-13,West,Office Supplies,1983.68,578.0
2022-04-27,East,Furniture,710.36,122.95
2023-05-05,Central,Furniture,276.13,71.53
2022-05-13,South,Technology,305.86,72.93
2021-07-31,Central,Furniture,1522.31,202.2
2022-10-27,South,Office Supplies,306.94,79.03
2022-11-01,South,Office Supplies,535.63,27.3
2021-08-09,South,Furniture,424.71,21.96
2021-09-30,East,Furniture,724.24,153.82
2021-10-06,Central,Furniture,167.25,-7.72
2023-03-27,South,Technology,1716.35,38.33
2021-10-03,West,Technology,1723.09,247.14
2023-10-02,Central,Office Supplies,837.61,56.98
2022-05-29,West,Technology,1231.93,340.37
2023-07-12,East,Technology,1291.06,365.89
2022-10-04,East,Office Supplies,1503.53,151.91
2022-05-20,Central,Office Supplies,1050.97,121.52
2022-08-13,East,Furniture,1030.47,195.64
2023-02-11,East,Furniture,1269.98,105.29
2023-01-10,Central,Technology,1412.04,-33.83
2022-11-06,West,Office Supplies,706.45,140.43
2023-10-11,South,Technology,674.13,131.53
2021-05-08,Central,Technology,554.04,-1.11
2022-05-18,Central,Office Supplies,1106.72,258.05
2023-06-21,South,Office Supplies,733.11,106.64
2022-06-27,West,Office Supplies,1089.82,-5.97
2022-05-07,South,Office Supplies,823.85,132.49
2023-11-11,South,Technology,1676.73,-10.99
2022-12-15,West,Technology,164.8,1.0
2023-03-02,West,Technology,1152.98,275.8
2022-02-20,South,Office Supplies,1159.74,315.21
2021-05-28,South,Furniture,779.76,2.15
2023-08-28,Central,Technology,853.62,231.52
2021-01-29,West,Furniture,1604.26,-7.19
2021-11-04,East,Furniture,575.73,-30.57
2021-06-11,West,Furniture,1745.38,-133.89
2023-05-19,South,Office Supplies,1794.76,-5.66
2023-05-02,South,Office Supplies,1308.23,70.77
2021-03-02,South,Technology,1550.26,420.15
2021-05-05,South,Technology,1233.64,-3.87
2023-12-31,East,Office Supplies,1060.01,48.96
2023-04-18,West,Office Supplies,1934.02,374.55
2022-04-11,East,Furniture,579.66,12.07
2021-08-31,East,Office Supplies,325.22,56.51
2022-04-18,South,Office Supplies,589.22,42.91
2023-08-17,East,Office Supplies,1236.96,-26.5
2022-06-17,South,Office Supplies,386.66,74.87
2022-05-09,South,Furniture,1819.45,-162.27
2023-06-18,South,Technology,833.83,14.12
2021-03-23,East,Furniture,1702.93,72.33
2023-05-06,South,Office Supplies,513.49,42.77
2023-05-29,East,Office Supplies,640.07,110.06
2023-07-12,West,Technology,137.26,11.5
2021-01-12,South,Technology,530.38,73.05
2022-03-25,Central,Technology,990.82,137.04
2023-02-01,Central,Furniture,1893.35,93.36
2021-01-26,Central,Technology,790.03,216.14
2022-05-23,Central,Office Supplies,1286.69,363.29
2021-03-03,Central,Office Supplies,866.87,115.07
2021-08-17,East,Office Supplies,112.65,-8.03
2022-08-30,West,Furniture,1016.99,98.09
2023-11-25,East,Technology,150.51,-3.95
2023-06-10,South,Technology,1769.73,165.09
2023-01-31,West,Technology,1511.01,-37.18
2022-08-18,West,Technology,769.73,139.74
2023-11-15,West,Office Supplies,1287.63,-87.34
2023-11-22,West,Furniture,241.82,68.03
2023-11-02,Central,Technology,1411.06,-30.83
2021-01-01,South,Office Supplies,1649.01,270.87
2021-05-13,West,Office Supplies,1647.06,439.41
2021-03-27,West,Furniture,582.87,-0.49
2022-05-31,Central,Technology,542.22,148.42
2021-06-24,East,Furniture,1052.37,58.37
2023-02-02,East,Technology,1936.19,550.29
2023-11-11,East,Furniture,1842.64,531.69
2023-09-24,South,Technology,732.08,-18.13
2022-08-01,East,Technology,1564.06,363.54
2021-02-18,West,Furniture,1844.21,-41.74
2022-06-12,Central,Technology,536.63,-5.06
2021-05-25,Central,Furniture,1663.99,-110.4
2023-02-01,East,Furniture,550.43,-20.58
2023-07-18,Central,Technology,699.7,106.98
2023-03-05,West,Technology,413.66,32.97
2021-11-15,East,Furniture,1024.02,221.58
2022-11-29,West,Office Supplies,1689.76,55.42
2023-04-27,South,Furniture,1065.54,306.29
2023-02-22,West,Office Supplies,264.41,-21.17
2021-02-11,West,Office Supplies,518.52,-38.8
2022-06-13,West,Furniture,1134.47,204.83
2021-10-19,West,Furniture,1174.71,299.57
2023-08-27,South,Furniture,1162.27,253.61
2021-04-07,East,Office Supplies,172.47,16.54
2021-03-15,West,Furniture,1512.32,11.88
2023-12-28,East,Furniture,1820.67,-172.27
2023-01-28,Central,Technology,1030.83,106.98
2021-07-27,West,Technology,1443.28,130.26
2022-02-14,West,Technology,1829.75,68.98
2021-11-27,Central,Furniture,1292.39,169.6
2021-12-10,East,Furniture,1355.16,259.55
2023-09-16,South,Furniture,1448.38,261.22
2023-02-10,West,Office Supplies,535.79,2.84
2021-03-15,Central,Office Supplies,1173.7,157.42
2021-09-11,Central,Technology,1687.51,-68.33
2023-08-17,West,Office Supplies,606.4,-31.14
2023-03-31,East,Office Supplies,1796.4,385.04
2023-09-13,East,Office Supplies,1248.36,221.58
2021-11-28,West,Technology,857.89,177.73
2023-01-17,Central,Technology,1253.9,-48.92
2023-04-16,West,Office Supplies,815.68,216.85
2022-03-31,South,Furniture,1679.31,-78.52
2021-11-09,South,Technology,974.99,241.81
2023-10-15,East,Office Supplies,1804.4,73.89
2021-08-16,South,Furniture,1029.42,-59.53
2023-04-14,Central,Furniture,1327.53,19.52
2023-05-08,South,Technology,1995.53,-54.72
2023-03-29,West,Furniture,310.99,29.94
2023-10-15,Central,Technology,1478.72,413.89
2022-06-12,East,Office Supplies,294.97,9.19
2023-08-08,East,Technology,1680.96,243.47
2022-03-03,South,Furniture,1200.98,308.28
2021-02-11,East,Technology,1877.56,285.44
2022-04-10,West,Technology,1734.59,77.85
2021-10-05,Central,Office Supplies,168.25,49.86
2023-04-16,West,Furniture,291.86,-7.31
2021-01-19,West,Technology,1210.32,132.29
2021-03-07,West,Office Supplies,1046.26,228.8
2021-06-16,West,Office Supplies,353.76,-35.28
2023-10-17,Central,Office Supplies,276.13,49.93
2022-02-07,Central,Office Supplies,1136.7,7.5
2022-02-13,West,Office Supplies,116.86,-3.75
2021-04-22,West,Technology,1750.0,16.94
2022-08-20,East,Technology,1618.02,463.93
2022-10-13,East,Furniture,1575.03,404.43
2023-11-29,Central,Technology,51.67,-0.75
2021-04-15,East,Furniture,114.33,-6.08
2021-11-20,Central,Furniture,1108.68,50.62
2023-09-19,Central,Furniture,1988.96,272.36
2022-03-05,South,Technology,697.79,172.25
2022-09-27,Central,Office Supplies,701.86,201.04
2022-12-31,East,Furniture,285.87,57.31
2023-06-08,South,Office Supplies,1355.18,189.19
2023-12-21,East,Furniture,1300.42,-56.01
2022-01-28,Central,Technology,220.62,-15.53
2021-07-23,Central,Furniture,945.48,130.86
2021-09-15,West,Technology,1340.81,155.03
2022-05-01,Central,Office Supplies,997.16,237.76
2022-03-22,South,Technology,1355.24,39.36
2023-10-21,Central,Office Supplies,1636.22,-137.64
2021-12-08,West,Technology,1377.91,95.74
2021-05-13,Central,Furniture,1239.91,356.69
2022-03-19,Central,Furniture,1710.11,373.2
2021-09-10,Central,Technology,1803.17,-155.96
2021-09-22,West,Office Supplies,790.0,197.4
2021-04-03,East,Office Supplies,363.03,32.19
2021-05-18,Central,Office Supplies,1639.36,75.26
2023-09-29,South,Technology,443.23,17.15
2021-11-03,West,Technology,1859.32,256.69
2021-09-23,South,Technology,65.3,7.33
2022-10-08,Central,Technology,1844.12,299.95
2021-11-14,West,Office Supplies,1186.58,153.61
2023-06-20,Central,Office Supplies,1553.99,-65.92
2022-03-30,South,Technology,809.02,2.34
2021-07-10,West,Technology,1983.6,468.95
2023-04-11,East,Office Supplies,470.55,77.78
2021-07-06,East,Office Supplies,543.4,43.12
2023-03-30,East,Furniture,121.84,-3.28
2023-10-18,Central,Technology,1882.14,-182.42
2021-05-12,West,Furniture,922.94,22.85
2023-05-22,South,Office Supplies,1356.21,-105.87
2022-09-27,South,Office Supplies,1381.13,128.33
2022-11-22,Central,Technology,1751.51,400.61
2022-11-23,Central,Furniture,1336.55,18.92
2023-11-24,South,Office Supplies,1132.8,270.85
2022-08-05,West,Furniture,1426.43,259.36
2021-06-20,Central,Furniture,1506.92,-75.19
2023-02-23,West,Furniture,388.14,61.26
2023-12-19,South,Furniture,237.14,-9.33
2021-06-30,West,Furniture,168.2,27.23
2021-01-19,East,Technology,760.63,-32.64
2023-05-31,South,Technology,1006.04,57.35
2021-06-24,East,Furniture,1238.99,156.9
2021-02-23,South,Technology,1916.91,-153.07
2022-11-26,East,Office Supplies,674.96,-26.11
2023-05-13,West,Furniture,1526.53,42.99
2021-12-15,South,Technology,1072.09,91.05
2022-03-19,South,Technology,455.78,110.93
2023-04-13,East,Office Supplies,1238.3,-31.07
2022-08-03,West,Office Supplies,1935.01,75.44
2021-10-09,South,Office Supplies,266.13,24.03
2021-12-26,Central,Office Supplies,1024.41,18.76
2023-07-04,East,Furniture,122.18,18.36
2023-04-03,South,Technology,656.01,1.73
2023-06-11,West,Technology,1248.79,260.92
2023-08-11,West,Office Supplies,1685.29,172.0
2022-10-03,West,Technology,1466.05,-95.99
2023-10-29,West,Technology,936.46,141.22
2022-07-17,East,Technology,1820.26,232.44
2022-05-06,South,Office Supplies,619.38,21.95
2021-12-07,East,Technology,1512.89,-144.54
2022-04-17,East,Technology,958.54,-18.9
2021-09-06,West,Technology,1799.3,112.07
2021-08-23,Central,Furniture,1598.92,-32.03
2023-04-04,West,Furniture,1804.91,236.44
2022-09-24,Central,Technology,444.21,82.15
2022-06-13,East,Technology,1342.94,325.54
2021-05-02,West,Technology,1482.16,235.36
2023-06-11,West,Technology,1489.98,261.65
2021-01-10,East,Technology,1017.92,145.95
2023-04-18,West,Technology,42.28,12.44
2023-01-23,South,Furniture,537.63,2.37
2023-06-05,Central,Office Supplies,660.14,4.29
2022-04-09,Central,Technology,1707.03,-84.44
2022-12-13,Central,Technology,1684.95,158.85
2022-12-29,West,Technology,227.27,-13.99
2022-12-18,South,Office Supplies,1900.68,15.32
2021-03-21,West,Technology,381.27,35.49
2022-04-25,Central,Technology,840.43,237.87
2023-06-21,West,Office Supplies,446.01,127.35
2023-06-10,Central,Technology,1723.46,340.38
2021-01-18,East,Office Supplies,1503.82,83.76
2021-07-21,Central,Office Supplies,719.99,177.16
2023-01-11,East,Technology,1370.12,342.78
2021-11-15,East,Furniture,385.05,101.68
2021-08-05,East,Furniture,776.95,121.21
2023-11-24,Central,Technology,766.67,-14.78
2021-09-23,South,Office Supplies,491.11,-31.22
2022-12-25,Central,Office Supplies,1755.1,466.7
2023-02-14,West,Office Supplies,1364.11,-106.1
2022-02-17,West,Technology,574.28,10.54
2023-11-02,South,Furniture,499.4,47.34
2022-02-05,South,Office Supplies,55.55,-5.07
2022-12-25,South,Office Supplies,706.23,185.57
2021-10-09,East,Technology,1063.01,15.78
2022-12-24,South,Furniture,569.87,-50.49
2023-01-21,South,Furniture,1406.91,418.47
2021-09-25,South,Technology,835.26,20.51
2021-10-25,Central,Furniture,646.31,162.03
2022-07-24,West,Technology,1879.33,152.96
2022-05-24,West,Office Supplies,540.35,89.29
2022-06-30,South,Technology,808.55,-2.88
2023-02-14,West,Office Supplies,776.94,78.59
2021-12-31,Central,Technology,497.57,1.52
2022-07-01,West,Office Supplies,450.6,126.36
2021-09-28,East,Office Supplies,618.71,-46.79
2023-01-09,Central,Technology,1731.19,17.09
2022-06-21,West,Office Supplies,1538.82,395.85
2021-02-28,West,Furniture,1368.38,125.91
2021-03-27,Central,Technology,925.06,129.54
2023-02-02,West,Furniture,1025.35,164.75
2022-01-25,West,Office Supplies,548.93,-39.32
2022-12-20,South,Office Supplies,167.15,-15.53
2023-05-06,East,Office Supplies,675.46,185.84
2021-05-29,Central,Technology,1001.26,8.61
2022-08-06,South,Office Supplies,133.48,6.96
2021-05-01,West,Furniture,194.7,33.65
2023-02-04,Central,Furniture,540.79,-2.96
2022-08-28,Central,Technology,746.82,144.31
2021-09-13,East,Furniture,798.77,66.54
2023-02-05,East,Technology,253.41,61.49
2023-05-14,Central,Technology,467.13,5.33
2023-03-11,East,Office Supplies,538.06,-9.94
2021-02-28,East,Furniture,153.92,35.81
2023-10-19,West,Furniture,665.68,20.32
2023-12-29,East,Furniture,163.0,10.55
2022-01-23,East,Office Supplies,1412.85,307.27
2023-02-25,South,Technology,784.37,120.97
2022-08-16,West,Furniture,666.97,51.15
2023-06-28,West,Furniture,270.51,-0.01
2022-07-20,Central,Furniture,468.48,96.36
2022-02-03,East,Furniture,480.76,-13.38
2023-06-18,South,Office Supplies,1970.7,534.67
2021-10-20,South,Technology,1673.99,-66.75
2022-04-30,West,Furniture,50.22,11.15
2023-03-14,East,Furniture,1241.34,86.52
2023-06-09,South,Technology,526.7,-13.48
2021-09-01,Central,Office Supplies,226.67,13.82
2023-08-18,East,Office Supplies,1417.09,-16.13
2023-03-27,East,Office Supplies,280.58,-12.8
2021-09-30,East,Office Supplies,898.61,-3.9
2022-06-04,South,Furniture,1271.69,314.06
2022-07-22,West,Technology,1117.9,-64.42
2022-09-30,West,Technology,1955.71,565.23
2021-06-08,Central,Technology,1575.77,-154.43
2022-10-14,South,Office Supplies,1552.9,253.58
2021-06-25,East,Office Supplies,724.08,175.67
2022-09-12,Central,Technology,36.62,10.02
2021-07-30,Central,Furniture,1474.13,-62.51
2022-03-23,West,Office Supplies,1999.47,358.47
2022-08-09,East,Furniture,823.64,-47.0
2021-06-16,East,Technology,1971.33,80.91
2022-04-05,South,Office Supplies,300.58,57.94
2023-07-05,South,Furniture,607.09,23.31
2023-11-19,South,Office Supplies,358.04,9.08
2022-12-15,Central,Technology,960.85,-51.48
2023-04-21,East,Technology,1598.02,-117.33
2023-05-18,West,Technology,694.51,-37.43
2022-11-19,Central,Furniture,1814.33,453.93
2021-11-26,Central,Office Supplies,1098.76,-104.95
2021-04-05,West,Office Supplies,941.54,166.79
2023-02-24,West,Office Supplies,1578.33,327.42
2022-10-11,South,Technology,220.86,28.08
2021-12-19,West,Furniture,1552.03,298.47
2023-07-19,West,Technology,501.04,80.62
2023-07-30,West,Technology,576.01,47.36
2023-09-11,West,Furniture,1206.92,64.07
2023-11-09,South,Technology,1805.83,499.37
2022-10-08,Central,Technology,1165.25,336.5
2022-09-18,East,Office Supplies,1304.92,209.45
2021-05-19,East,Furniture,1557.66,-32.84
2022-12-17,Central,Furniture,533.46,42.23
2023-02-01,East,Office Supplies,1657.92,163.5
2021-09-12,East,Furniture,847.56,172.21
2022-11-07,Central,Office Supplies,367.8,61.46
2021-04-02,East,Technology,713.23,75.55
2023-12-29,East,Furniture,507.34,87.34
2021-02-06,Central,Furniture,472.85,-42.73
2021-05-20,East,Technology,579.48,122.07
2023-05-17,West,Technology,378.24,-5.8
2022-11-11,Central,Furniture,1342.05,218.17
2021-05-17,South,Furniture,1168.38,-63.57
2021-07-09,East,Furniture,1303.91,-70.69
2021-12-08,South,Office Supplies,700.57,-60.06
2023-10-26,East,Furniture,1544.07,407.78
2023-08-30,West,Furniture,276.63,39.23
2022-10-24,Central,Technology,1150.85,51.54
2021-08-31,South,Technology,565.4,121.62
2022-02-19,Central,Office Supplies,1064.67,160.16
2022-12-08,South,Technology,660.8,97.82
2021-12-09,East,Furniture,1585.21,150.31
2022-11-13,West,Furniture,1784.72,-172.81
2022-10-15,South,Office Supplies,1490.31,5.04
2021-05-26,South,Technology,367.66,-20.72
2021-11-19,West,Technology,564.24,93.08
2021-05-02,West,Technology,1840.33,-1.02
2021-11-07,West,Office Supplies,885.7,70.92
2022-08-24,West,Technology,1883.54,77.93
2022-04-20,West,Technology,797.05,-34.05
2022-07-24,Central,Technology,1904.51,539.64
2022-07-29,East,Furniture,1852.96,506.54
2021-12-13,East,Office Supplies,1327.84,-87.85
2023-03-31,South,Furniture,37.48,8.66
2022-01-17,West,Office Supplies,812.66,77.49
2021-03-13,Central,Technology,1824.25,382.17
2022-06-05,Central,Furniture,1772.52,-70.08
2023-07-22,South,Technology,391.03,-18.41
2021-12-05,West,Technology,810.38,207.7
2022-10-26,East,Office Supplies,1674.31,433.86
2021-02-09,West,Technology,1164.2,100.55
2022-07-28,Central,Furniture,1697.65,421.12
2023-08-24,West,Office Supplies,1656.6,276.62
2022-08-04,East,Office Supplies,1816.81,-47.23
2021-06-19,East,Furniture,252.1,7.96
2022-12-02,South,Technology,307.53,-14.02
2022-05-26,Central,Technology,183.96,38.55
2022-08-07,West,Technology,1871.83,550.51
2023-09-11,West,Technology,960.82,113.91
2022-04-04,South,Technology,147.36,23.92
2022-06-13,South,Office Supplies,656.63,130.3
2021-12-07,South,Office Supplies,715.8,-7.37
2021-02-26,Central,Furniture,1622.93,55.83
2021-08-06,West,Technology,1476.24,95.85
2022-09-11,South,Technology,1384.99,190.9
2023-03-27,Central,Technology,63.29,15.2
2023-01-01,West,Furniture,1823.18,3.07
2022-04-09,East,Technology,446.8,39.48
2021-09-04,South,Office Supplies,1265.54,253.88
2022-12-31,Central,Technology,142.4,-9.26
2022-01-08,West,Furniture,181.42,19.08
2022-02-21,West,Office Supplies,38.96,-1.65
2023-11-21,South,Office Supplies,1140.54,131.91
2022-01-03,South,Office Supplies,1266.17,262.26
2022-07-13,West,Technology,119.92,-0.63
2021-04-18,Central,Furniture,595.16,142.71
2022-08-07,East,Furniture,1705.88,57.87
2023-04-19,West,Technology,220.59,-5.22
2022-02-22,Central,Furniture,448.76,38.65
2023-04-01,South,Office Supplies,860.29,215.44
2022-11-14,West,Office Supplies,1687.7,-122.23
2021-09-13,South,Furniture,524.6,16.28
2023-02-19,East,Furniture,1994.33,321.62
2023-04-18,South,Technology,723.42,31.13
2023-07-04,East,Technology,785.17,-56.27
2021-08-23,South,Technology,261.77,8.59
2022-07-07,South,Technology,1366.79,312.15
2021-06-30,East,Technology,502.06,144.2
2021-06-06,South,Technology,1265.16,-106.39
2022-07-25,Central,Office Supplies,461.85,58.98
2023-05-07,South,Furniture,787.99,-45.61
2023-11-14,West,Technology,1716.21,295.46
2023-08-06,South,Office Supplies,1483.03,-143.62
2022-08-15,Central,Furniture,326.09,-30.69
2021-05-14,West,Furniture,1223.26,257.8
2022-02-25,Central,Furniture,1264.71,-88.82
2021-08-01,West,Technology,199.33,4.4
2023-06-19,South,Technology,942.3,266.87
2022-04-27,Central,Technology,536.12,157.67
2021-12-14,South,Furniture,944.92,-33.49
2021-06-15,West,Furniture,1558.6,193.83
2023-07-26,Central,Office Supplies,333.35,41.22
2021-12-14,East,Office Supplies,264.14,21.38
2023-04-29,Central,Office Supplies,553.25,149.31
2022-02-02,South,Office Supplies,1905.51,384.18
2022-08-06,East,Furniture,1500.69,308.86
2022-12-27,East,Technology,58.52,0.46
2021-11-04,West,Technology,813.99,60.01
2023-09-18,East,Technology,529.65,50.3
2023-03-09,East,Technology,1283.53,25.11
2022-12-20,West,Office Supplies,929.4,-57.69
2022-04-11,Central,Furniture,1929.71,-95.44
2021-04-09,South,Technology,453.58,-12.58
2021-06-07,Central,Furniture,1183.96,-21.95
2022-09-02,East,Office Supplies,1406.42,-4.35
2022-07-08,South,Office Supplies,1654.62,3.61
2022-10-13,Central,Technology,825.8,67.95
2023-07-09,South,Technology,1380.11,143.3
2021-08-15,East,Office Supplies,620.34,14.61
2022-02-27,Central,Office Supplies,882.24,231.96
2021-08-31,South,Furniture,1793.34,217.45
2022-06-14,South,Office Supplies,1900.82,408.66
2023-12-05,Central,Furniture,1443.26,389.24
2022-01-06,Central,Office Supplies,761.22,-26.45
2022-10-14,East,Furniture,1643.71,116.95
2022-11-20,West,Office Supplies,71.22,5.22
2023-01-04,South,Office Supplies,223.44,9.34
2021-04-02,Central,Furniture,1329.52,-128.22
2023-11-12,Central,Furniture,596.67,135.08
2021-06-21,Central,Technology,1903.74,-105.42
2021-06-28,South,Technology,883.4,263.42
2021-08-26,East,Office Supplies,870.14,182.02
2023-05-27,West,Office Supplies,1362.6,179.87
2023-06-21,South,Furniture,1539.79,-58.75
2021-10-07,East,Office Supplies,961.61,102.08
2023-11-09,South,Technology,443.72,1.97
2023-01-10,South,Furniture,1551.15,1.44
2022-01-06,Central,Office Supplies,654.3,151.67
2023-05-20,East,Furniture,366.72,19.16
2023-10-16,Central,Technology,1270.65,102.02
2021-08-09,Central,Technology,199.1,47.22
2023-07-09,East,Technology,1943.28,-126.09
2021-10-31,Central,Office Supplies,1272.15,175.36
2022-03-14,Central,Office Supplies,1972.07,258.91
2022-01-10,West,Office Supplies,691.01,48.43
2022-01-16,East,Office Supplies,1942.99,450.6
2023-09-13,East,Office Supplies,308.21,85.42
2021-01-14,Central,Office Supplies,100.58,8.66
2023-01-13,Central,Technology,85.31,7.03
2022-10-31,East,Technology,940.44,94.82
2022-05-15,East,Office Supplies,184.35,34.89
2022-07-19,South,Technology,1034.09,172.92
2022-06-14,East,Furniture,668.45,-7.26
2022-05-07,South,Office Supplies,684.55,-50.96
2023-01-25,Central,Furniture,1278.51,357.6
2021-10-27,West,Office Supplies,342.93,1.52
2023-03-26,West,Office Supplies,1537.78,239.03
2022-07-01,South,Technology,1172.42,271.27
2022-12-28,Central,Furniture,1831.59,36.83
2023-01-01,Central,Technology,742.38,114.46
2023-04-08,Central,Office Supplies,1965.78,-111.73
2022-08-25,East,Furniture,1160.14,334.09
2023-10-29,Central,Office Supplies,1947.34,-149.43
2023-02-07,East,Technology,73.58,5.54
2023-05-25,South,Office Supplies,1461.39,167.66
2023-07-26,West,Office Supplies,1636.91,353.89
2021-05-11,South,Technology,125.28,-6.46
2022-08-31,Central,Office Supplies,1166.36,89.02
2021-01-26,Central,Furniture,1607.85,31.97
2022-09-27,South,Technology,1130.86,28.05
2022-04-29,East,Office Supplies,146.35,30.96
2022-11-11,East,Technology,1393.03,-136.26
2023-12-11,East,Office Supplies,139.98,27.94
2021-01-05,West,Technology,1638.59,367.31
2022-08-12,West,Technology,105.21,27.41
2021-07-27,Central,Furniture,292.05,44.03
2021-09-14,South,Technology,564.71,18.85
2021-01-11,South,Furniture,1274.06,90.32
2023-08-07,Central,Technology,1953.19,562.31
2021-01-08,East,Technology,253.29,63.95
2023-07-25,West,Office Supplies,302.56,25.84
2021-02-01,South,Office Supplies,750.36,208.02
2022-06-24,Central,Office Supplies,1675.71,384.04
2023-10-02,East,Technology,945.12,246.14
2022-01-22,East,Technology,656.79,113.75
2022-10-02,West,Furniture,1131.18,274.95
2021-07-26,West,Furniture,535.84,137.55
2022-07-11,Central,Furniture,814.3,-51.46
2021-12-14,Central,Office Supplies,678.56,194.13
2023-03-04,East,Office Supplies,1612.2,53.92
2021-08-22,East,Furniture,1850.03,140.53
2023-12-04,South,Technology,1523.95,330.33
2023-10-03,East,Office Supplies,889.39,147.6
2023-01-07,Central,Office Supplies,1018.58,262.0
2023-07-31,West,Furniture,267.65,16.12
2021-06-25,Central,Office Supplies,1498.79,73.91
2022-03-25,South,Furniture,1201.02,-104.88
2022-08-15,South,Office Supplies,1806.83,153.74
2021-03-23,West,Technology,417.21,79.11
2021-05-15,Central,Technology,1524.26,31.2
2023-05-06,South,Office Supplies,1375.65,117.05
2022-03-16,Central,Furniture,546.37,-6.69
2023-12-16,South,Office Supplies,1341.41,280.51
2022-11-28,West,Furniture,1850.26,-140.24
2022-02-23,South,Office Supplies,1838.5,334.89
2021-03-29,Central,Technology,1444.86,74.52
2022-10-18,Central,Technology,115.18,-9.6
2023-10-29,South,Office Supplies,1747.08,421.72
2021-08-03,East,Office Supplies,1322.4,125.75
2022-07-06,West,Office Supplies,634.66,88.68
2022-05-18,West,Technology,390.76,75.34
2022-11-30,South,Technology,250.08,40.52
2021-09-02,South,Furniture,119.47,22.98
2021-11-05,East,Office Supplies,1513.12,310.06
2021-08-19,West,Office Supplies,486.97,66.06
2021-06-04,East,Technology,68.02,3.15
2023-04-28,West,Office Supplies,806.6,-2.21
2021-04-25,South,Furniture,975.56,254.78
2021-11-07,West,Office Supplies,355.08,102.25
2023-09-20,West,Technology,107.22,4.62
2021-10-27,West,Office Supplies,394.47,-21.73
2023-11-08,East,Technology,1364.62,-14.99
2023-02-23,East,Furniture,182.84,30.77
2021-01-12,West,Furniture,1118.97,-34.49
2021-08-20,Central,Office Supplies,309.9,65.71
2023-08-13,East,Office Supplies,407.46,109.69
2022-12-31,South,Technology,798.29,227.88
2023-10-15,South,Furniture,219.63,-21.14
2023-09-26,West,Furniture,362.94,102.81
2021-10-30,South,Furniture,710.93,139.4
2022-06-25,East,Furniture,672.74,-44.66
2022-04-15,Central,Office Supplies,1503.56,99.38
2023-03-24,Central,Office Supplies,168.07,30.26
2021-03-18,Central,Technology,1723.69,487.24
2023-10-17,South,Furniture,1636.14,-56.19
2021-01-24,West,Office Supplies,1536.66,-75.15
2023-11-05,South,Office Supplies,632.56,56.26
2022-11-07,West,Furniture,1649.31,473.75
2022-06-09,Central,Office Supplies,381.95,110.21
2021-12-13,East,Technology,266.33,-2.35
2021-06-21,South,Technology,109.01,3.02
2022-12-13,East,Furniture,1879.83,494.8
2022-05-04,Central,Technology,629.86,122.15
2022-01-13,West,Office Supplies,1836.88,530.72
2022-01-07,East,Technology,559.77,144.01
2023-09-27,South,Office Supplies,1816.98,-25.37
2023-09-04,East,Furniture,1809.78,369.0
2023-01-27,East,Furniture,1848.88,-148.97
2022-04-22,South,Office Supplies,1002.38,227.67
2022-01-17,West,Office Supplies,1734.57,243.92
2021-06-04,South,Technology,1902.52,537.35
2021-09-14,Central,Office Supplies,662.74,188.23
2022-11-05,West,Furniture,849.37,-67.67
2021-03-09,East,Office Supplies,1444.1,-51.69
2021-12-10,South,Technology,614.71,57.59
2022-11-04,Central,Technology,1512.54,380.85
2022-01-26,South,Office Supplies,166.31,37.55
2021-09-16,West,Technology,1056.53,301.9
2021-11-03,Central,Technology,262.18,38.6
2023-08-08,East,Furniture,600.78,1.58
2023-08-28,West,Office Supplies,532.08,-47.86
2021-09-03,Central,Furniture,1681.09,-18.21
2023-01-03,West,Furniture,403.16,68.58
2021-07-06,East,Technology,1620.73,438.42
2023-07-14,Central,Furniture,1592.04,45.15
2023-02-24,South,Office Supplies,1007.79,252.23
2022-02-12,South,Office Supplies,483.01,27.99
2021-12-07,East,Office Supplies,469.25,10.94
2022-07-17,Central,Furniture,940.55,97.38
2022-10-13,East,Office Supplies,37.44,2.88
2023-08-10,East,Office Supplies,1072.07,284.66
2023-11-29,West,Furniture,1906.5,166.44
2021-03-10,South,Furniture,326.32,3.57
2022-01-16,East,Furniture,1155.22,273.82
2021-02-26,West,Furniture,1924.32,576.33
2023-04-30,East,Technology,1723.83,274.55
2023-07-05,East,Furniture,1703.75,0.31
2021-11-21,East,Furniture,1647.26,-7.37
2022-04-06,South,Office Supplies,631.87,-48.6
2021-06-28,Central,Office Supplies,1783.42,-123.2
2023-04-24,South,Furniture,1883.85,501.09
2022-07-28,West,Furniture,1001.67,-61.51
2021-04-29,Central,Furniture,722.05,67.68
2022-07-03,West,Office Supplies,840.17,150.6
2022-10-08,East,Office Supplies,681.73,163.71
2021-01-26,Central,Furniture,440.59,-13.87
2023-10-29,West,Office Supplies,1244.53,93.48
2023-08-27,East,Office Supplies,1133.94,0.67
2022-06-17,West,Furniture,935.92,2.18
2021-05-29,West,Office Supplies,209.77,4.52
2023-11-15,South,Furniture,1597.85,215.46
2022-10-17,East,Technology,366.37,-34.21
2023-08-03,South,Technology,246.83,15.68
2022-07-09,Central,Technology,1253.68,-31.68
2022-03-01,East,Office Supplies,809.32,232.15
2021-10-20,South,Technology,138.42,18.42
2022-07-08,South,Office Supplies,724.03,179.01
2022-03-07,Central,Furniture,1548.13,-33.63
2022-08-27,West,Technology,1238.19,277.36
2021-11-13,West,Office Supplies,738.32,48.66
2022-02-02,West,Technology,399.77,-11.56
2022-08-19,Central,Office Supplies,1270.96,259.91
2022-06-30,South,Office Supplies,1777.36,364.01
2021-03-17,East,Furniture,1299.62,387.75
2023-05-15,Central,Office Supplies,1629.55,346.08
2023-07-05,West,Office Supplies,1052.63,-44.1
2022-12-10,West,Technology,1441.58,41.83
2022-05-01,East,Furniture,1794.53,144.8
2023-01-17,Central,Office Supplies,1550.89,-76.52
2023-10-28,West,Technology,1821.51,392.02
2022-07-04,Central,Furniture,873.66,96.7
2023-09-03,South,Office Supplies,1810.36,502.88
2023-12-12,Central,Technology,1250.7,169.75
2023-07-31,South,Furniture,1742.7,190.23
2023-07-08,East,Furniture,97.97,-7.0
2021-12-29,South,Furniture,1322.55,-53.25
2022-01-17,South,Furniture,1698.99,407.44
2021-09-28,East,Office Supplies,364.92,108.11
2023-11-04,West,Office Supplies,1330.34,87.9
2021-10-25,East,Furniture,1653.41,370.42
2023-10-01,Central,Furniture,590.14,89.13
2021-08-22,East,Office Supplies,822.39,233.25
2022-07-29,Central,Technology,1147.65,-5.45
2021-01-27,West,Furniture,1047.95,123.59
2021-04-03,Central,Office Supplies,97.59,6.2
2022-09-09,East,Office Supplies,215.37,25.13
2021-11-05,East,Technology,218.92,1.65
2021-02-21,West,Office Supplies,539.29,53.44
2021-11-15,East,Furniture,506.81,75.98
2021-06-30,West,Office Supplies,1489.6,-100.57
2023-05-25,West,Furniture,1154.03,227.57
2023-12-03,East,Office Supplies,1532.67,279.88
2022-10-09,South,Furniture,158.39,39.94
2021-07-16,Central,Furniture,980.72,68.99
2022-10-07,South,Office Supplies,661.08,-49.8
2023-08-29,West,Furniture,1702.88,144.04
2021-09-12,Central,Office Supplies,1421.42,-63.9
2023-01-02,South,Office Supplies,1741.13,276.8
2021-12-02,East,Office Supplies,111.93,-9.08
2023-09-17,South,Furniture,1447.23,71.78
2023-06-19,Central,Office Supplies,1089.22,-72.83
2022-05-29,Central,Technology,1653.5,-163.12
2021-08-30,Central,Furniture,1024.18,291.1
2021-05-29,Central,Technology,1089.61,325.2
2023-01-27,South,Technology,122.5,14.97
2022-09-12,East,Technology,1343.68,-5.94
2022-03-29,East,Technology,560.82,148.3
2021-07-31,Central,Office Supplies,58.99,15.88
2022-10-30,East,Technology,151.55,36.65
2022-08-17,South,Furniture,1915.43,225.54
2021-05-11,East,Technology,705.23,-49.45
2022-09-04,West,Technology,1738.79,-112.37
2021-09-13,East,Technology,1920.16,496.65
2022-07-15,Central,Office Supplies,1887.67,472.54
2021-03-04,East,Technology,1765.82,130.24
2022-02-11,East,Technology,1791.79,56.01
2023-03-13,East,Technology,592.24,93.37
2021-01-15,East,Furniture,319.91,71.27
2021-09-16,West,Office Supplies,1285.74,247.73
2022-12-24,South,Office Supplies,986.45,144.26
2022-09-06,Central,Office Supplies,215.52,-1.59
2023-12-05,Central,Furniture,1361.53,6.81
2023-03-24,East,Technology,1134.46,215.12
2021-11-27,South,Furniture,1728.87,382.16
2021-06-14,East,Office Supplies,1226.18,-65.66
2023-12-25,West,Office Supplies,1156.41,-29.0
2022-01-22,South,Office Supplies,892.69,153.71
2023-11-20,South,Furniture,936.32,52.05
2021-11-24,South,Office Supplies,1909.67,239.31
2021-11-16,South,Technology,294.12,42.92
2022-02-03,East,Furniture,903.51,190.17
2021-04-15,West,Technology,1318.54,293.09
2022-11-27,South,Office Supplies,877.36,10.56
2023-10-14,Central,Office Supplies,580.77,67.67
2021-11-26,Central,Furniture,588.97,-29.8
2022-10-22,West,Technology,482.64,114.29
2023-12-07,Central,Furniture,700.93,166.95
2022-08-22,East,Technology,1745.92,34.57
2023-04-01,East,Office Supplies,1020.34,-36.48
2022-10-03,West,Furniture,495.67,-35.67
2021-11-10,South,Furniture,781.36,101.57
2022-04-07,Central,Technology,229.54,-14.56
2022-05-01,Central,Office Supplies,1809.99,311.75
2022-02-14,West,Office Supplies,828.23,141.83
2021-01-27,West,Technology,1961.17,285.54
2023-11-19,Central,Technology,708.13,177.47
2021-09-28,South,Technology,1675.98,86.0
2022-11-17,West,Technology,527.64,137.67
2022-05-16,East,Technology,170.78,-14.56
2022-01-20,Central,Office Supplies,82.83,-4.55
2021-03-01,West,Office Supplies,1220.21,79.17
2021-08-08,West,Furniture,636.92,87.64
2023-02-10,West,Office Supplies,898.17,-78.19
2022-07-18,Central,Technology,1640.92,208.35
2022-06-30,East,Office Supplies,511.25,11.74
2021-04-06,East,Office Supplies,631.13,160.85
2023-09-16,Central,Office Supplies,1693.77,191.93
2023-04-08,West,Furniture,995.67,134.57
2021-08-19,Central,Furniture,1658.78,461.55
2023-08-26,Central,Technology,761.46,156.61
2021-10-02,West,Technology,808.77,60.91
2021-09-03,Central,Furniture,350.93,31.85
2021-04-21,South,Office Supplies,1834.36,291.97
2021-08-22,East,Office Supplies,1795.63,-35.77
2022-02-21,South,Furniture,1968.75,-127.06
2022-11-09,South,Technology,816.85,20.01
2023-03-14,South,Office Supplies,1640.86,346.8
2022-09-11,Central,Technology,841.61,2.47
2022-12-08,West,Office Supplies,919.51,-43.86
2023-05-01,Central,Technology,1663.4,-20.61
2022-04-20,East,Office Supplies,371.19,63.69
2022-10-17,Central,Technology,456.22,66.42
2022-01-30,Central,Technology,643.16,112.76
2021-04-21,Central,Technology,1580.59,45.49
2021-03-31,Central,Furniture,757.85,197.3
2023-02-02,South,Technology,729.17,58.85
2021-05-12,West,Furniture,1997.66,210.72
2023-11-03,East,Furniture,779.94,218.01
2022-04-02,East,Technology,510.59,148.94
2021-04-08,East,Furniture,1253.96,206.42
2021-10-20,Central,Furniture,1607.72,446.83
2023-10-22,East,Furniture,157.82,18.4
2022-07-26,South,Office Supplies,1245.41,28.54
2021-09-07,West,Technology,90.76,2.36
2022-10-14,Central,Furniture,1062.14,131.26
2021-05-29,Central,Technology,528.84,75.1
2021-02-13,South,Furniture,627.15,47.57
2023-12-04,East,Technology,944.85,239.53
2021-06-11,Central,Furniture,1855.67,131.16
2021-09-10,Central,Office Supplies,1427.12,13.37
2021-05-12,South,Office Supplies,1874.95,-181.51
2022-04-19,South,Office Supplies,1326.74,382.4
2022-12-07,East,Furniture,34.07,7.83
2023-11-25,West,Technology,545.86,79.82
2021-10-02,West,Furniture,1813.43,421.11
2021-07-06,East,Office Supplies,1294.02,290.01
2023-08-07,West,Furniture,1963.66,535.57
2021-08-31,South,Technology,328.81,17.9
2021-09-21,South,Office Supplies,607.56,74.09
2022-06-06,South,Furniture,737.49,-44.65
2023-08-21,West,Technology,666.58,190.73
2023-02-22,West,Office Supplies,518.94,152.59
2022-06-19,Central,Technology,898.06,193.65
2021-07-29,Central,Technology,1291.75,105.47
2021-02-15,Central,Office Supplies,636.29,62.76
2021-01-26,West,Furniture,177.81,13.18
2021-06-24,Central,Furniture,1422.89,24.65
2021-11-18,South,Furniture,928.85,103.21
2021-02-24,West,Furniture,1121.83,-88.2
2022-10-30,East,Technology,921.69,273.52
2021-05-27,West,Furniture,1782.91,124.13
2022-08-22,Central,Furniture,1126.32,305.17
2021-01-20,West,Technology,1848.09,350.6
2021-11-29,Central,Technology,1030.94,16.47
2023-06-26,Central,Office Supplies,599.32,-6.7
2023-08-02,East,Technology,723.78,215.88
2023-06-30,East,Office Supplies,1053.82,220.09
2022-02-05,South,Office Supplies,1069.38,-0.14
2023-08-08,Central,Furniture,1380.93,-100.84
2021-01-28,West,Furniture,464.5,83.04
2022-04-12,East,Furniture,1324.51,28.09
2023-09-09,East,Technology,1561.6,-17.91
2021-04-11,Central,Technology,1359.65,263.74
2022-07-05,West,Furniture,974.02,167.24
2023-03-13,East,Furniture,1983.53,183.61
2021-12-19,East,Technology,821.53,227.62
2021-10-23,West,Office Supplies,231.05,39.71
2021-12-19,East,Office Supplies,1646.58,423.78
2023-06-27,West,Furniture,440.16,-10.47
2023-10-16,Central,Furniture,1432.31,26.72
2022-03-31,East,Furniture,374.37,-21.79
2022-12-13,Central,Office Supplies,53.42,1.17
2023-09-07,West,Furniture,336.4,97.12
2023-01-09,Central,Office Supplies,766.44,218.54
2023-09-04,Central,Technology,231.1,47.18
2021-08-21,Central,Technology,411.4,44.6
2023-10-21,South,Technology,1533.96,325.68
2021-04-12,West,Furniture,1544.37,187.48
2023-08-11,West,Technology,1638.63,-161.56
2022-04-26,West,Office Supplies,1685.49,169.59
2021-04-18,West,Office Supplies,852.46,118.98
2023-08-31,West,Office Supplies,1737.75,10.95
2022-12-05,East,Furniture,1061.36,-19.83
2021-12-01,East,Furniture,951.78,9.06
2021-03-27,East,Office Supplies,1442.7,215.61
2023-01-04,Central,Office Supplies,443.36,-18.43
2023-05-25,Central,Office Supplies,1583.2,297.85
2021-12-30,West,Office Supplies,870.34,60.11
2021-03-01,South,Technology,272.04,11.25
2022-07-14,West,Office Supplies,256.24,57.11
2021-04-27,East,Furniture,346.52,35.49
2023-05-24,West,Furniture,1783.33,91.59
2023-07-04,Central,Furniture,1982.06,498.02
2023-08-26,West,Furniture,726.81,34.38
2023-09-26,East,Furniture,598.44,145.78
2021-02-13,West,Office Supplies,453.17,46.08
2022-05-24,Central,Office Supplies,1651.16,-27.73
2023-04-29,South,Technology,434.23,63.02
2023-07-06,East,Technology,1849.7,26.14
2023-06-17,West,Technology,1341.35,-55.18
2023-03-10,Central,Office Supplies,1796.31,-117.46
2023-05-26,East,Technology,1116.94,-3.71
2021-10-13,East,Office Supplies,1387.55,270.05
2022-11-15,Central,Furniture,1246.53,293.18
2023-03-30,West,Office Supplies,1665.77,407.59
2021-05-01,West,Office Supplies,1675.0,13.5
2023-08-03,West,Furniture,1187.79,195.26
2023-10-15,East,Furniture,1272.37,-10.0
2023-06-26,South,Furniture,1845.31,275.14
2021-01-13,East,Technology,1861.14,474.38
2022-08-26,West,Technology,1335.21,-111.68
2021-07-19,East,Technology,35.35,10.4
2022-08-09,South,Furniture,226.73,52.34
2022-03-24,East,Technology,1718.73,351.76
2023-04-21,Central,Furniture,187.73,33.14
2023-12-31,West,Furniture,442.77,92.14
2022-08-13,West,Furniture,476.48,141.91
2023-06-08,West,Technology,1208.46,251.45
2021-02-12,East,Technology,1161.73,47.21
2022-06-04,East,Furniture,593.05,86.33
2023-11-03,East,Technology,431.07,14.99
2022-12-26,West,Office Supplies,1533.77,441.77
2022-09-15,East,Technology,1872.2,486.88
2023-09-15,West,Furniture,124.56,15.83
2023-03-14,East,Furniture,283.7,60.29
2022-06-19,West,Furniture,1291.48,340.79
2021-10-29,Central,Office Supplies,1612.79,-4.13
2022-06-11,East,Furniture,1586.55,209.1
2022-04-05,West,Furniture,1444.97,133.93
2023-04-12,Central,Technology,1777.11,370.77
2022-05-20,Central,Office Supplies,450.35,23.25
2023-07-21,South,Technology,232.44,42.67
2021-11-21,East,Furniture,1238.42,75.79
2022-08-02,West,Furniture,1648.11,-91.59
2023-01-31,South,Office Supplies,1172.45,-67.01
2023-05-01,East,Furniture,1926.74,-100.92
2023-08-18,Central,Office Supplies,1595.22,-138.77
2022-05-17,East,Technology,1407.57,159.32
2021-11-30,West,Office Supplies,139.31,23.51
2021-10-11,Central,Technology,233.33,-11.51
2022-04-20,South,Furniture,1573.98,227.82
2023-12-14,East,Technology,412.51,57.38
2022-09-24,East,Technology,77.09,-3.17
2022-12-04,South,Technology,1823.31,112.38
2022-02-13,East,Office Supplies,1783.79,360.42
2023-09-09,East,Technology,452.6,-42.23
2022-07-13,East,Office Supplies,1564.81,-64.5
2021-08-10,Central,Office Supplies,115.0,34.31
2021-06-07,Central,Office Supplies,584.41,113.04
2021-12-14,West,Furniture,1254.86,107.48
2023-06-08,East,Furniture,1531.09,232.6
2023-07-11,West,Furniture,40.59,9.68
2022-10-24,Central,Office Supplies,665.89,157.76
2022-02-09,East,Furniture,444.4,13.28
2022-11-08,West,Technology,1997.59,192.8
2022-08-12,East,Office Supplies,1348.54,209.32
2022-07-12,East,Furniture,823.23,-58.65
2023-06-24,South,Office Supplies,169.79,47.26
2023-12-07,West,Furniture,1205.37,88.11
2022-04-24,Central,Technology,1290.57,62.39
2022-05-02,West,Office Supplies,1636.48,430.13
2022-07-20,West,Furniture,591.38,-31.16
2022-06-08,West,Furniture,1963.23,-165.49
2022-12-05,South,Technology,890.14,154.89
2023-10-27,East,Technology,605.97,32.72
2023-04-01,Central,Furniture,709.93,146.1
2023-05-08,South,Furniture,1048.78,-76.12
2022-08-08,Central,Office Supplies,1874.67,100.3
2022-11-17,South,Office Supplies,1475.61,-8.66
2021-08-20,East,Furniture,1162.68,227.7
2021-09-27,Central,Technology,342.36,-3.13
2023-07-29,West,Office Supplies,315.72,26.26
2023-05-24,South,Furniture,1014.35,230.82
2021-02-21,Central,Technology,1462.84,389.34
2021-04-26,East,Technology,1507.0,284.89
2022-06-22,Central,Furniture,467.31,33.5
2022-06-25,South,Furniture,218.2,28.1
2023-11-09,East,Office Supplies,781.23,137.4
2023-03-26,West,Furniture,1837.98,459.45
2023-03-02,South,Office Supplies,1099.83,280.93
2022-09-10,South,Technology,653.8,178.09
2022-02-23,East,Office Supplies,660.8,148.21
2021-11-05,South,Furniture,281.53,-11.62
2023-05-14,Central,Office Supplies,956.98,190.49
2021-07-05,West,Technology,1586.9,358.38
2021-09-18,Central,Technology,1937.75,486.66
2021-06-09,East,Furniture,1013.16,273.48
2023-05-20,South,Office Supplies,351.09,36.4
2023-02-01,West,Furniture,1372.24,222.35
2021-08-12,East,Furniture,1518.45,-146.04
2021-06-29,Central,Technology,161.97,20.91
2021-01-20,South,Office Supplies,1703.28,152.07
2022-09-24,South,Furniture,1662.06,473.56
2021-02-27,East,Technology,955.63,249.12
2022-12-24,Central,Furniture,1129.64,247.44
2022-09-07,South,Office Supplies,1432.55,-110.6
2022-07-16,Central,Furniture,1359.96,82.7
2022-01-09,West,Office Supplies,52.74,9.41
2022-09-14,South,Technology,262.42,-23.13
2021-03-29,West,Technology,341.93,-1.94
2023-11-10,South,Furniture,1516.24,386.65
2023-10-11,East,Technology,891.37,-42.86
2021-01-14,South,Furniture,1100.1,-87.4
2021-05-13,South,Furniture,1549.92,204.95
2023-11-24,Central,Office Supplies,695.14,193.66
2023-06-11,Central,Furniture,1502.8,351.43
2022-08-15,West,Office Supplies,895.75,259.69
2022-08-06,West,Furniture,766.82,154.44
2021-10-16,West,Office Supplies,679.41,50.92
2023-10-10,South,Technology,1930.59,537.95
2023-05-29,South,Furniture,1548.51,109.41
2021-01-07,West,Office Supplies,59.99,2.4
2021-08-28,East,Furniture,1915.68,151.87
2022-06-20,East,Office Supplies,1555.37,350.88
2021-03-11,South,Office Supplies,315.37,84.23
2021-08-04,East,Furniture,171.15,7.37
2023-12-14,East,Furniture,630.22,53.51
2023-03-17,West,Technology,1255.88,325.69
2021-11-26,East,Technology,1240.76,-100.73
2023-04-28,East,Technology,566.18,120.91
2021-02-14,South,Furniture,902.44,73.72
2023-04-09,South,Technology,439.54,22.24
2021-07-17,South,Office Supplies,120.15,9.46
2023-06-15,East,Furniture,1043.6,70.42
2021-11-28,West,Office Supplies,707.04,143.28
2022-11-27,Central,Office Supplies,1094.91,296.92
2021-01-27,South,Office Supplies,1894.08,182.93
2021-11-14,South,Furniture,303.87,70.83
2021-12-31,South,Furniture,23.88,4.6
2023-08-18,West,Technology,172.22,5.56
2022-01-08,Central,Technology,936.16,126.31
2021-09-02,Central,Technology,1419.73,236.71
2022-04-23,South,Technology,1169.91,-105.99
2021-05-05,East,Office Supplies,999.89,58.38
2022-06-21,South,Furniture,720.85,214.13
2022-12-07,South,Technology,633.75,98.17
2022-06-15,East,Office Supplies,765.05,25.78
2023-02-25,East,Furniture,1231.04,0.01
2021-09-11,South,Furniture,352.15,-5.71
2021-05-01,West,Furniture,1547.3,93.85
2023-11-22,West,Office Supplies,1159.0,-26.3
2022-10-23,East,Technology,552.93,-25.39
2023-11-27,South,Furniture,1012.28,46.19
2023-11-03,West,Office Supplies,1926.3,275.08
2021-03-29,South,Furniture,60.57,-2.51
2021-02-15,South,Office Supplies,415.05,-34.14
2023-07-22,South,Technology,907.79,-78.2
2023-01-15,West,Technology,1284.11,8.93
2023-08-25,Central,Furniture,440.21,-10.54
2023-02-02,South,Technology,1864.18,215.69
2023-02-01,West,Technology,1292.29,106.34
2023-03-05,Central,Office Supplies,1757.32,52.56
2023-01-14,East,Office Supplies,672.05,156.87
2023-12-06,West,Furniture,1661.33,169.42
2022-07-12,Central,Office Supplies,768.87,-48.74
2022-06-10,West,Technology,520.45,9.53
2022-08-20,Central,Office Supplies,1825.08,528.06
2023-04-20,Central,Technology,202.59,58.91
2021-01-03,West,Furniture,1886.92,3.53
2023-11-18,East,Technology,927.86,-30.72
2021-06-06,South,Office Supplies,1985.4,195.12
2023-05-05,Central,Office Supplies,1088.4,100.77
2022-05-26,South,Office Supplies,1519.83,97.35
2022-11-18,East,Office Supplies,34.0,3.8
2022-07-25,South,Furniture,1003.4,-7.15
2022-12-16,South,Technology,1480.16,-79.97
2021-08-27,West,Office Supplies,1570.0,201.25
2021-10-30,West,Technology,332.94,90.91
2022-08-30,East,Furniture,849.56,-38.15
2023-09-18,West,Technology,849.76,154.59
2021-11-30,Central,Office Supplies,225.21,16.93
2021-04-23,East,Technology,897.23,15.78
2021-12-28,West,Office Supplies,1618.04,390.34
2023-03-12,West,Office Supplies,614.36,50.74
2021-04-07,East,Furniture,876.5,116.86
2021-01-16,Central,Furniture,1922.7,148.48
2022-07-10,East,Technology,82.78,-5.59
2022-01-11,West,Technology,1191.21,164.34
2023-01-12,West,Office Supplies,1492.0,100.76
2022-01-25,East,Office Supplies,1526.55,-99.68
2022-09-12,Central,Office Supplies,1437.56,198.85
2023-04-04,Central,Office Supplies,1458.37,-140.08
2021-11-16,South,Furniture,136.85,-2.27
2021-07-15,Central,Office Supplies,1077.59,228.91
2022-02-22,East,Furniture,1570.28,-133.21
2022-08-30,Central,Technology,206.25,32.73
2022-07-22,Central,Technology,43.86,12.28
2022-06-28,South,Furniture,1632.83,-51.47
2021-08-19,Central,Office Supplies,1430.34,95.61
2023-06-03,South,Technology,836.17,108.87
2022-06-05,South,Furniture,1881.98,150.87
2022-12-04,Central,Technology,1537.86,227.84
2023-04-26,West,Office Supplies,1936.36,119.36
2022-11-04,East,Furniture,1860.04,-75.51
2021-01-21,East,Technology,972.96,-62.64
2022-08-11,Central,Office Supplies,1514.32,299.5
2023-06-17,East,Furniture,1345.0,-6.12
2022-01-06,East,Furniture,1626.66,388.74
2021-03-19,South,Furniture,1579.62,311.52
2022-10-10,West,Furniture,323.4,-25.94
2021-05-20,East,Technology,482.8,-9.42
2022-07-07,West,Furniture,546.15,9.17
2023-09-25,East,Furniture,1640.63,226.07
2021-10-09,West,Furniture,1625.27,363.95
2022-03-16,West,Furniture,1000.76,-75.92
2021-09-27,East,Furniture,1170.05,-0.18
2023-01-16,South,Office Supplies,1657.31,83.67
2021-04-14,West,Technology,638.94,-17.03
2023-02-05,West,Office Supplies,119.35,14.1
2021-04-05,East,Technology,975.54,88.97
2022-12-30,West,Furniture,1829.16,48.65
2022-04-25,West,Technology,1585.13,169.22
2023-02-19,South,Furniture,745.9,31.57
2021-01-13,West,Furniture,148.25,5.53
2022-08-24,South,Office Supplies,1281.1,7.89
2021-04-05,West,Office Supplies,1672.29,194.28
2021-10-20,West,Office Supplies,1336.6,103.78
2021-01-25,South,Technology,861.65,-18.5
2023-07-28,South,Technology,264.24,-25.05
2023-02-01,Central,Office Supplies,1823.33,-72.26
2022-10-16,West,Office Supplies,566.4,-46.94
2023-09-12,South,Furniture,464.09,33.71
2022-09-30,West,Technology,1635.63,-16.29
2022-05-06,West,Furniture,1962.82,133.83
2022-07-29,West,Technology,1327.12,42.18
2021-10-21,East,Office Supplies,1257.12,144.83
2023-06-15,Central,Technology,652.47,123.67
2021-02-09,East,Technology,60.42,5.54
2023-02-15,Central,Furniture,399.76,-30.07
2022-06-04,West,Office Supplies,1177.17,-109.47
2022-06-30,West,Office Supplies,319.61,-4.7
2021-08-24,South,Office Supplies,1769.99,123.88
2022-04-08,Central,Furniture,392.53,-32.2
2022-04-28,Central,Furniture,1053.77,32.77
2022-03-06,East,Furniture,1033.79,263.42
2023-11-12,Central,Technology,1215.81,-77.8
2021-12-09,West,Technology,668.32,186.73
2023-11-30,South,Furniture,1749.6,424.57
2021-05-13,East,Furniture,899.72,209.38
2021-12-17,South,Office Supplies,1406.3,345.2
2022-05-21,Central,Technology,1279.1,-86.95
2021-03-25,Central,Technology,251.97,-9.96
2023-09-20,East,Office Supplies,1252.83,-57.94
2023-04-10,Central,Office Supplies,1110.39,-61.63
2023-05-11,South,Office Supplies,1799.24,55.93
2021-12-09,West,Furniture,1764.14,409.43
2023-05-16,East,Furniture,318.89,0.25
2021-10-20,Central,Furniture,181.74,-0.42
2022-08-21,South,Furniture,603.29,102.77
2022-10-07,West,Furniture,1973.49,-120.84
2022-03-24,Central,Technology,62.72,2.77
2022-11-21,East,Technology,1352.33,24.57
2023-09-29,Central,Technology,1224.86,292.64
2023-05-05,Central,Office Supplies,1300.22,137.56
2022-05-17,Central,Technology,452.21,71.72
2023-02-03,West,Office Supplies,468.9,-22.69
2023-01-05,West,Technology,872.67,236.99
2021-09-07,Central,Furniture,209.8,6.08
2022-08-24,Central,Technology,167.73,30.65
2021-05-05,East,Furniture,194.95,54.95
2021-04-23,Central,Furniture,1154.5,119.44
2023-09-08,South,Technology,807.53,83.19
2021-05-30,South,Technology,601.36,-31.93
2023-05-25,East,Furniture,645.32,36.21
2021-12-09,West,Office Supplies,430.42,103.73
2022-08-03,Central,Office Supplies,834.78,-38.36
2023-02-22,East,Technology,422.05,112.69
2021-11-17,West,Furniture,1402.13,234.05
2023-04-02,East,Office Supplies,265.39,18.15
2022-06-16,West,Technology,1897.52,225.04
2022-05-07,Central,Technology,197.84,-7.87
2022-09-04,East,Furniture,1888.05,-24.56
2021-09-09,Central,Office Supplies,1669.92,24.32
2021-06-22,East,Technology,1367.81,73.78
2023-05-25,West,Office Supplies,1826.36,486.19
2021-07-20,East,Technology,295.65,13.9
2021-08-05,South,Technology,369.1,40.43
2022-01-11,South,Office Supplies,519.26,-18.27
2021-01-11,East,Office Supplies,504.73,98.11
2023-11-02,South,Furniture,635.48,78.87
2023-06-11,Central,Furniture,1159.75,88.1
2022-03-11,South,Furniture,75.78,21.13
2023-03-29,South,Furniture,776.9,199.09
2023-07-20,Central,Office Supplies,507.84,83.19
2022-11-22,Central,Furniture,1221.13,328.15
2023-05-05,West,Office Supplies,1970.64,248.13
2023-02-23,Central,Technology,1044.96,241.15
2021-11-15,East,Office Supplies,862.86,55.04
2023-04-24,South,Furniture,749.12,-48.92
2022-09-13,West,Office Supplies,1574.2,468.58
2023-02-24,Central,Office Supplies,162.52,-5.48
2022-02-01,South,Office Supplies,1920.35,1.16
2023-12-18,East,Office Supplies,847.48,-29.46
2022-04-05,East,Office Supplies,641.13,22.43
2021-03-02,West,Furniture,1948.65,30.62
2022-01-04,East,Office Supplies,1873.04,263.05
2022-12-20,South,Furniture,1291.03,385.48
2022-06-30,Central,Technology,56.64,-4.47
2023-11-07,East,Office Supplies,1502.1,317.51
2022-05-11,Central,Technology,684.4,-33.4
2022-05-12,South,Furniture,788.79,-72.62
2022-05-20,South,Office Supplies,334.31,51.96
2023-08-27,Central,Technology,1056.45,263.4
2023-12-29,South,Furniture,1494.21,-44.05
2021-06-10,West,Technology,560.56,20.54
2022-12-19,East,Office Supplies,1878.69,-61.06
2023-09-20,West,Office Supplies,405.58,106.51
2021-09-26,West,Office Supplies,151.2,1.23
2022-11-30,West,Furniture,1295.84,100.93
2023-05-15,Central,Technology,1701.65,438.85
2021-12-16,Central,Furniture,1907.2,231.05
2021-04-20,South,Technology,1539.0,420.36
2022-02-11,Central,Furniture,415.31,112.37
2022-10-12,South,Office Supplies,1955.77,165.54
2021-02-20,Central,Technology,1840.48,244.7
2023-12-28,South,Technology,343.07,-2.7
2022-08-19,East,Technology,1126.4,333.66
2023-09-06,South,Furniture,1119.92,12.68
2023-12-02,East,Office Supplies,896.22,191.18
2023-01-01,South,Technology,1968.88,49.59
2021-02-26,Central,Furniture,138.05,3.48
2023-01-08,Central,Technology,1261.87,-73.76
2021-07-15,East,Office Supplies,426.5,52.87
2023-12-22,West,Technology,1064.12,-2.2
2021-04-22,West,Office Supplies,1563.89,-63.56
2023-02-04,South,Furniture,508.52,-4.75
2022-12-12,Central,Furniture,798.85,0.35
2023-08-06,West,Office Supplies,1902.52,193.36
2021-01-26,Central,Office Supplies,1527.73,83.06
2022-02-14,Central,Furniture,1153.99,-80.55
2023-01-28,Central,Office Supplies,459.55,52.58
2022-06-15,South,Office Supplies,862.1,185.44
2023-01-19,East,Technology,1552.64,201.37
2021-09-03,South,Furniture,1644.68,476.65
2022-10-24,West,Furniture,504.32,-30.43
2023-06-28,East,Office Supplies,1330.88,304.05
2022-01-31,West,Office Supplies,208.11,21.28
2022-06-06,East,Office Supplies,65.96,7.17
2023-07-15,East,Furniture,1106.37,119.09
2021-09-21,South,Technology,464.27,13.99
2023-03-01,Central,Furniture,176.25,5.26
2021-06-21,Central,Technology,1465.06,223.77
2021-09-22,East,Office Supplies,1005.99,-82.59
2023-11-16,South,Furniture,1596.63,216.37
2022-04-21,West,Technology,1334.61,253.36
2021-12-22,West,Furniture,1465.01,62.31
2023-11-16,Central,Technology,628.57,-8.21
2021-02-03,Central,Technology,541.29,-7.93
2021-09-21,West,Furniture,1209.73,-81.37
2023-03-27,West,Office Supplies,416.16,-26.68
2023-05-25,South,Furniture,1634.52,-54.47
2023-01-24,West,Office Supplies,1055.38,-97.44
2022-07-20,South,Technology,469.44,3.05
2022-04-07,Central,Technology,1257.83,28.38
2022-10-17,West,Furniture,1891.17,563.74
2021-03-22,Central,Furniture,182.55,54.16
2023-01-27,East,Office Supplies,236.5,-5.96
2023-05-20,East,Office Supplies,1690.8,-25.0
2023-12-06,East,Furniture,237.0,22.93
2022-08-22,West,Office Supplies,97.96,-3.97
2023-03-18,Central,Office Supplies,708.9,72.04
2023-12-13,West,Furniture,944.08,56.41
2023-09-11,Central,Furniture,1147.5,34.25
2022-12-05,South,Technology,1024.45,234.64
2022-04-21,West,Technology,1828.11,422.75
2022-08-15,East,Furniture,1541.96,455.12
2021-01-16,South,Technology,1967.94,-21.18
2022-05-02,Central,Office Supplies,963.38,245.96
2022-12-07,West,Furniture,186.97,21.53
2022-09-12,Central,Technology,1911.95,261.14
2023-10-16,Central,Furniture,28.14,7.27
2023-02-16,West,Technology,1556.67,431.28
2022-03-23,West,Furniture,81.94,15.63
2021-10-17,Central,Office Supplies,1527.2,59.77
2021-07-28,Central,Technology,1877.12,179.95
2022-02-17,South,Furniture,790.74,115.47
2022-11-08,East,Office Supplies,497.11,115.06
2022-10-26,Central,Technology,468.03,76.37
2021-10-17,East,Technology,993.6,45.88
2021-05-31,South,Furniture,358.36,24.06
2023-05-05,East,Office Supplies,1352.39,-107.95
2022-08-31,East,Furniture,749.34,202.1
2022-01-05,South,Technology,659.76,-42.72
2022-12-06,Central,Furniture,933.35,123.18
2023-04-06,East,Furniture,1094.32,272.11
2023-10-02,Central,Office Supplies,301.02,20.57
2022-01-12,Central,Office Supplies,1421.37,312.77
2023-08-31,West,Technology,1768.24,391.71
2021-04-28,Central,Office Supplies,570.41,-43.39
2023-10-26,Central,Furniture,377.17,24.46
2022-03-20,East,Technology,1525.8,269.17
2023-01-25,Central,Office Supplies,383.41,26.43
2022-10-02,Central,Furniture,101.69,12.01
2021-05-04,West,Furniture,1246.1,171.69
2022-10-20,West,Technology,494.71,-19.55
2023-04-02,East,Technology,360.18,23.34
2022-10-26,East,Office Supplies,1963.57,-174.0
2021-12-26,West,Office Supplies,597.89,-24.01
2022-09-15,West,Office Supplies,1808.82,189.75
2023-12-17,South,Office Supplies,372.87,48.26
2023-07-08,Central,Technology,1641.57,-68.14
2022-03-28,East,Furniture,1014.0,205.08
2021-04-30,East,Furniture,175.62,8.64
2022-08-05,Central,Office Supplies,1472.54,395.02
2021-04-09,Central,Technology,1786.31,98.36
2022-05-29,East,Office Supplies,342.77,-13.74
2022-10-26,West,Office Supplies,1456.67,295.98
2022-02-05,West,Technology,901.2,114.56
2021-12-31,Central,Furniture,1512.66,82.71
2022-08-04,East,Furniture,1433.58,60.76
2022-09-13,Central,Office Supplies,72.67,-2.88
2023-04-08,West,Technology,373.87,13.58
2021-09-04,South,Furniture,952.63,-84.08
2022-03-10,South,Furniture,1868.52,188.65
2022-09-07,West,Technology,697.31,180.39
2023-08-01,Central,Technology,1265.17,275.97
2023-08-21,South,Furniture,43.93,-3.89
2022-09-16,West,Office Supplies,1428.03,360.58
2021-11-17,East,Office Supplies,1214.08,98.26
2023-05-06,Central,Furniture,1436.48,-33.96
2021-03-03,Central,Office Supplies,1811.23,363.99
2021-10-27,South,Office Supplies,310.07,9.04
2022-02-07,Central,Technology,537.95,0.71
2023-08-13,South,Technology,1991.65,-70.65
2021-09-10,South,Technology,329.44,31.18
2022-04-23,West,Office Supplies,1446.84,-90.63
2021-06-09,South,Technology,1455.65,311.87
2023-08-19,East,Technology,1372.33,121.14
2021-07-24,Central,Furniture,470.33,37.06
2023-05-08,South,Technology,445.97,-44.27
2023-01-30,Central,Furniture,1339.36,304.23
2022-12-22,South,Office Supplies,388.78,37.76
2023-11-07,West,Technology,1329.9,101.02
2021-03-09,East,Furniture,995.21,203.57
2021-05-13,Central,Furniture,785.53,-58.79
2023-07-08,West,Furniture,614.46,28.68
2022-03-06,Central,Office Supplies,1896.2,247.06
2021-11-04,West,Technology,1026.03,86.42
2022-10-12,East,Office Supplies,1131.28,-30.93
2022-02-16,South,Furniture,1899.53,37.44
2021-04-07,West,Office Supplies,1314.68,26.4
2023-11-17,Central,Office Supplies,1916.55,568.81
2023-12-20,Central,Furniture,230.61,7.03
2021-07-21,West,Technology,1696.35,-30.41
2023-02-01,East,Technology,684.12,156.7
2023-05-24,East,Office Supplies,1624.77,111.25
2022-08-04,South,Technology,1714.16,132.93
2022-01-05,South,Furniture,557.55,66.66
2022-06-17,Central,Technology,829.48,114.7
2023-06-18,Central,Office Supplies,1457.51,198.55
2022-08-30,South,Furniture,216.13,-18.63
2023-05-23,South,Furniture,1515.96,344.94
2023-02-09,South,Furniture,238.74,-5.27
2023-04-14,West,Office Supplies,1830.62,31.0
2023-09-26,South,Office Supplies,567.15,-17.37
2023-07-27,West,Technology,1159.69,239.86
2021-08-24,West,Office Supplies,251.96,33.63
2021-06-11,South,Furniture,553.6,111.89
2022-07-08,East,Office Supplies,819.83,132.29
2023-02-27,East,Office Supplies,984.36,-57.42
2023-12-28,Central,Technology,20.13,0.41
2022-07-13,South,Furniture,1779.54,183.13
2021-09-18,Central,Technology,35.2,0.77
2021-08-05,South,Technology,1551.9,-26.5
2023-03-16,Central,Technology,951.75,235.96
2021-07-20,West,Furniture,1057.28,210.52
2022-02-06,South,Technology,432.37,16.47
2021-10-02,East,Furniture,1222.59,251.86
2021-07-25,South,Technology,1083.72,163.66
2023-11-30,Central,Technology,345.19,-34.0
2023-05-17,Central,Furniture,491.48,25.61
2021-04-03,Central,Office Supplies,152.47,2.47
2023-12-02,Central,Technology,151.24,-1.94
2022-01-14,Central,Office Supplies,47.28,0.03
2021-03-06,Central,Technology,456.54,126.44
2021-12-31,East,Office Supplies,1365.73,129.1
2023-04-01,Central,Office Supplies,646.11,154.47
2023-11-14,East,Office Supplies,698.61,-10.0
2022-06-24,South,Office Supplies,281.17,-8.5
2023-12-22,West,Office Supplies,1159.43,296.25
2022-05-06,East,Furniture,697.44,68.55
2021-08-17,South,Office Supplies,1359.11,350.73
2023-11-10,West,Furniture,1488.09,-111.29
2021-01-03,East,Technology,1177.69,313.94
2023-06-30,East,Furniture,566.62,37.5
2021-11-03,South,Office Supplies,1027.04,-38.88
2022-03-08,Central,Furniture,518.82,89.94
2021-05-16,East,Office Supplies,1807.77,395.47
2022-05-30,East,Furniture,1537.44,-124.61
2021-07-12,South,Technology,996.15,293.74
2023-05-23,Central,Office Supplies,1931.61,345.39
2022-10-28,West,Office Supplies,1102.58,31.49
2021-07-28,Central,Furniture,670.5,-26.47
2023-08-10,Central,Furniture,209.03,11.92
2023-11-24,South,Furniture,1096.62,-12.91
2022-10-11,Central,Furniture,1723.62,168.33
2021-04-30,South,Furniture,1736.1,369.37
2022-09-19,West,Office Supplies,1217.04,199.66
2022-06-09,East,Technology,799.01,59.43
2023-02-08,East,Furniture,1307.59,-68.55
2022-05-27,South,Office Supplies,1529.04,432.51
2021-02-16,South,Technology,835.02,6.8
2023-02-11,Central,Technology,962.98,10.72
2023-01-10,Central,Furniture,1367.62,216.36
2022-06-06,East,Office Supplies,1755.77,365.56
2021-05-14,East,Office Supplies,1586.2,465.81
2021-09-05,East,Office Supplies,64.33,18.51
2022-03-12,South,Office Supplies,266.26,70.69
2022-11-17,West,Office Supplies,1708.5,126.64
2022-08-09,West,Technology,1670.97,-55.7
2021-12-17,South,Technology,789.84,105.67
2021-05-23,Central,Technology,1176.87,-109.56
2023-08-25,West,Office Supplies,1813.57,-38.99
2023-03-15,Central,Technology,1824.89,-180.64
2022-12-19,East,Technology,1570.52,-43.64
2022-10-05,East,Furniture,434.99,39.11
2022-05-16,Central,Technology,1465.96,84.04
2022-01-05,East,Furniture,220.17,10.51
2023-02-26,South,Office Supplies,1790.0,415.96
2023-01-09,Central,Office Supplies,315.31,53.6
2023-08-08,Central,Office Supplies,1331.45,365.58
2022-06-06,Central,Office Supplies,1228.28,95.97
2022-05-04,West,Technology,1558.26,13.86
2022-02-01,Central,Furniture,1112.12,-56.64
2023-06-15,Central,Office Supplies,137.94,23.29
2021-12-21,Central,Office Supplies,1417.58,335.54
2023-08-05,West,Furniture,778.65,-20.64
2021-10-15,East,Furniture,654.16,164.52
2023-09-25,West,Furniture,1983.51,219.2
2022-06-20,South,Furniture,1188.99,-50.37
2023-05-01,Central,Furniture,1427.22,224.28
2023-04-18,South,Technology,1062.13,114.73
2021-06-17,West,Furniture,1544.55,-137.04
2023-08-08,East,Technology,1509.1,90.09
2022-09-13,East,Furniture,1321.15,282.61
2022-03-04,Central,Furniture,1995.53,243.79
2022-05-05,East,Office Supplies,930.39,11.92
2021-12-21,West,Office Supplies,1418.26,385.0
2021-07-15,West,Office Supplies,1599.6,-7.82
2022-06-29,East,Office Supplies,764.55,0.84
2022-12-18,Central,Office Supplies,925.21,38.73
2023-04-04,Central,Office Supplies,1938.95,499.89
2023-07-21,West,Furniture,83.94,8.65
2023-09-30,East,Furniture,683.89,118.23
2022-10-21,West,Office Supplies,982.7,285.48
2023-07-28,West,Office Supplies,22.9,4.88
2023-02-19,South,Office Supplies,1800.27,-55.74
2021-01-11,West,Furniture,586.76,126.35
2022-01-31,Central,Office Supplies,530.26,105.7
2023-01-01,East,Office Supplies,1644.25,-11.43
2022-02-13,East,Furniture,570.41,17.19
2021-12-28,South,Furniture,1322.09,243.33
2023-10-24,South,Technology,1646.58,-7.64
2021-03-25,Central,Office Supplies,1589.1,-26.58
2021-06-05,South,Furniture,1568.26,284.47
2022-12-08,West,Technology,195.5,49.31
2022-04-17,West,Furniture,178.1,-12.47
2022-09-11,Central,Technology,627.4,49.17
2021-05-14,East,Technology,91.18,13.03
2023-02-27,Central,Office Supplies,1010.85,172.36
2023-06-26,South,Office Supplies,801.67,239.28
2023-05-14,East,Technology,1122.91,194.35
2022-10-29,East,Office Supplies,611.6,90.55
2021-10-04,East,Furniture,981.79,290.51
2023-06-01,South,Furniture,682.79,-51.71
2021-01-13,West,Technology,406.51,-28.55
2021-12-08,West,Technology,1305.75,162.27
2021-02-04,South,Furniture,1353.4,58.83
2022-07-13,South,Furniture,1661.88,-101.91
2022-02-09,Central,Technology,1752.01,39.56
2022-10-20,Central,Furniture,1414.83,240.16
2021-06-08,West,Furniture,1381.25,348.41
2023-08-14,South,Technology,132.22,-8.23
2022-07-03,Central,Office Supplies,237.36,27.55
2023-09-12,South,Furniture,1628.87,30.05
2021-10-06,South,Office Supplies,481.24,80.33
2022-04-24,West,Office Supplies,724.02,86.72
2021-04-21,West,Furniture,307.69,83.29
2022-03-07,South,Office Supplies,406.4,-34.51
2022-06-26,East,Technology,1555.33,136.89
2021-12-26,East,Furniture,538.48,-12.33
2022-01-07,South,Furniture,909.09,104.28
2023-11-05,West,Office Supplies,320.31,77.33
2023-08-13,East,Furniture,1362.3,360.36
2021-09-16,West,Furniture,1461.97,86.68
2023-02-17,East,Office Supplies,736.15,165.42
2021-04-30,South,Office Supplies,1573.8,19.21
2023-09-03,Central,Furniture,495.02,-48.25
2023-07-02,Central,Furniture,1389.97,336.51
2022-12-24,West,Technology,1465.33,-76.54
2022-06-07,West,Technology,1937.94,-180.14
2021-11-21,East,Furniture,480.0,19.93
2023-12-10,South,Furniture,205.55,10.64
2021-03-10,East,Technology,540.81,-37.38
2022-01-26,South,Office Supplies,263.27,59.41
2022-01-18,South,Furniture,355.99,22.16
2021-01-16,West,Technology,681.55,65.41
2023-04-26,Central,Technology,839.7,4.91
2023-05-19,Central,Furniture,1809.37,189.26
2022-07-22,West,Furniture,407.32,84.19
2021-05-12,Central,Technology,1944.08,510.27
2021-09-30,West,Furniture,1624.1,468.08
2022-04-29,East,Office Supplies,1765.31,124.79
2022-07-04,South,Furniture,1860.3,550.67
2021-12-23,Central,Technology,1511.42,27.18
2023-12-08,Central,Technology,1581.78,-153.76
2023-10-31,East,Furniture,886.88,183.63
2021-08-21,East,Technology,1030.69,-29.5
2021-02-05,Central,Office Supplies,1866.32,-147.47
2022-02-17,Central,Furniture,768.95,207.31
2023-10-25,West,Furniture,103.06,22.34
2021-02-13,West,Technology,1530.25,-90.18
2022-07-22,Central,Office Supplies,1154.85,243.4
2023-01-10,West,Furniture,1633.45,388.11
2021-04-24,East,Technology,169.59,44.45
2022-02-01,South,Furniture,1250.04,146.85
2022-04-11,West,Office Supplies,510.46,92.58
2023-04-27,South,Technology,1808.47,370.55
2022-05-17,West,Furniture,237.62,41.69
2022-03-17,Central,Technology,1689.28,268.15
2021-03-10,West,Technology,195.34,23.25
2021-11-22,South,Office Supplies,69.69,6.39
2021-03-08,South,Office Supplies,485.42,144.87
2021-10-31,Central,Furniture,679.43,23.8
2023-08-30,South,Technology,1260.53,-81.55
2022-04-29,Central,Technology,280.81,57.85
2023-07-18,Central,Technology,885.91,-12.82
2021-05-29,South,Furniture,424.44,47.99
2023-11-17,East,Office Supplies,1713.5,-105.69
2023-09-14,South,Office Supplies,109.03,16.11
2022-08-07,South,Technology,724.76,201.2
2021-09-05,West,Furniture,1270.12,240.16
2022-12-03,South,Technology,1827.91,-25.93
2021-04-06,West,Office Supplies,1738.63,501.52
2021-10-09,West,Technology,1792.48,40.93
2021-11-18,South,Technology,144.45,10.78
2022-06-13,Central,Technology,1685.03,167.23
2021-09-20,East,Office Supplies,1564.23,463.46
2022-08-03,South,Furniture,1806.81,-130.89
2021-10-21,South,Technology,636.92,113.81
2022-01-30,Central,Office Supplies,1825.29,81.72
2022-05-28,West,Technology,817.23,-56.12
2023-07-10,Central,Furniture,1275.52,349.51
2023-03-21,Central,Technology,859.87,116.89
2023-07-09,West,Furniture,866.74,174.57
2022-11-24,South,Office Supplies,1102.34,-4.24
2021-08-23,Central,Furniture,724.73,148.29
2023-08-10,Central,Furniture,1589.62,367.82
2023-10-29,South,Office Supplies,1274.6,92.19
2022-06-23,South,Furniture,1385.72,178.46
2023-03-31,East,Furniture,477.45,137.86
2021-09-29,Central,Office Supplies,1939.76,463.0
2023-10-26,East,Furniture,1327.15,103.44
2022-08-16,West,Furniture,410.45,68.06
2023-09-03,South,Technology,1505.97,321.81
2021-04-25,South,Furniture,363.95,-32.85
2021-09-20,East,Furniture,145.5,19.69
2021-07-26,Central,Furniture,1064.56,312.78
2021-10-30,West,Office Supplies,1115.98,311.22
2021-04-22,Central,Furniture,394.15,91.83
2021-07-04,Central,Office Supplies,709.79,-40.82
2023-06-20,East,Office Supplies,1892.62,563.28
2021-08-09,Central,Furniture,584.31,84.03
2023-12-30,East,Furniture,328.02,-3.55
2023-06-17,South,Furniture,1985.27,336.92
2023-12-30,South,Furniture,618.56,150.07
2022-09-14,South,Furniture,1366.9,-75.27
2022-03-03,West,Furniture,478.49,127.55
2022-10-06,West,Furniture,1109.24,297.37
2022-07-22,Central,Office Supplies,784.84,-74.26
2022-03-19,East,Technology,1923.93,500.47
2022-08-24,Central,Office Supplies,876.96,244.43
2022-05-19,South,Furniture,1176.66,-99.93
2021-05-11,Central,Technology,1890.64,33.4
2021-08-06,Central,Technology,1978.68,97.44
2022-11-19,Central,Furniture,221.28,8.75
2021-06-20,South,Furniture,1671.96,340.41
2022-09-04,East,Office Supplies,776.59,33.58
2023-09-19,Central,Technology,1197.76,338.52
2021-02-26,South,Technology,762.6,227.25
2021-09-03,West,Furniture,814.21,21.76
2021-05-24,East,Furniture,334.54,34.63
2023-12-11,South,Technology,1154.08,142.05
2022-01-03,Central,Technology,1102.5,145.27
2021-08-06,South,Furniture,394.92,19.62
2022-09-08,East,Furniture,1092.63,-36.72
2022-03-18,Central,Furniture,1946.74,-152.19
2023-04-21,West,Office Supplies,1434.53,-82.43
2023-08-14,West,Office Supplies,972.35,253.31
2022-11-30,West,Furniture,1833.85,22.28
2023-05-26,South,Office Supplies,1159.12,-80.29
2023-02-15,East,Technology,287.4,42.94
2023-02-01,West,Technology,1104.07,-77.15
2023-08-03,Central,Furniture,378.33,-27.23
2023-07-12,Central,Technology,1539.66,228.84
2023-07-24,Central,Technology,1935.0,264.24
2021-01-25,South,Technology,734.42,-61.26
2023-03-17,East,Technology,881.14,74.18
2023-02-03,East,Technology,854.56,63.5
2023-12-20,West,Office Supplies,584.89,69.41
2022-03-10,East,Office Supplies,1592.48,310.75
2023-05-29,Central,Furniture,1243.1,16.31
2023-12-26,Central,Technology,146.82,10.73
2023-06-29,South,Office Supplies,1680.84,364.91
2022-07-19,Central,Office Supplies,390.43,105.03
2021-04-16,East,Office Supplies,1958.72,502.47
2021-04-06,Central,Technology,765.79,69.73
2021-06-17,West,Office Supplies,1240.57,134.41
2021-02-11,South,Furniture,174.09,19.44
2021-04-14,South,Furniture,702.43,173.84
2022-06-04,East,Technology,1608.66,379.6
2021-10-09,Central,Furniture,964.87,23.75
2023-12-03,Central,Office Supplies,1811.11,-63.14
2023-08-05,East,Technology,1158.77,59.78
2023-01-19,East,Furniture,1858.57,28.55
2023-04-11,West,Technology,1965.57,550.97
2021-02-18,East,Office Supplies,918.71,5.85
2021-04-25,Central,Furniture,1139.01,-31.34
2022-05-18,West,Office Supplies,1673.14,434.67
2023-09-13,South,Furniture,458.64,-30.0
2021-03-12,Central,Technology,1726.03,7.09
2023-10-09,South,Furniture,1192.0,90.17
2021-03-08,South,Furniture,1456.49,201.06
2023-08-25,South,Furniture,178.11,5.53
2021-06-30,Central,Technology,1537.05,151.39
2022-09-05,South,Furniture,635.36,-13.0
2022-11-28,Central,Office Supplies,1614.36,209.4
2022-08-26,South,Technology,1028.12,64.9
2021-09-05,East,Technology,563.74,135.13
2021-12-25,East,Office Supplies,1906.46,126.39
